group_id,relevant,confidence,category,urgency,hazard,cc,locations
32752,0,1.0,,0,,,
8243,0,0.8888888888888888,,0,,,
767,0,1.0,,0,,,
53778,0,1.0,,0,,,
11067,1,1.0,OTHER,1,STORM,AU,Australia
46103,1,1.0,OTHER,1,STORM,US,
26785,1,1.0,HUMAN,2,BLAST,US,Texas
8259,1,0.8888888888888888,OTHER,1,ATTACK,,Boston;Mali
48246,0,1.0,,0,,,
3023,1,1.0,SUPPORT,1,ATTACK,US,Boston
9173,1,1.0,PROPERTY,2,FLOOD,AU,Queensland
39876,0,1.0,,0,,,
56034,0,1.0,,0,,,
34586,1,1.0,OTHER,1,ATTACK,US,Boston
44446,0,1.0,,0,,,
18085,1,1.0,SUPPORT,1,BLAST,US,Waco
16229,0,1.0,,0,,,
14030,0,1.0,,0,,,
52204,0,1.0,,0,,,
18045,0,1.0,,0,,,
42952,0,1.0,,0,,,
40565,1,1.0,HUMAN,2,FLOOD,AU,Australia
7162,1,1.0,OTHER,1,STORM,US,Moore;Oklahoma
2061,0,0.8888888888888888,,0,,,
32116,0,1.0,,0,,,
35236,0,1.0,,0,,,
43185,0,1.0,,0,,,
26014,1,1.0,HUMAN,3,BLAST,US,West
12501,1,1.0,SUPPORT,1,STORM,US,Moore;Oklahoma
42470,1,1.0,HUMAN,2,BLAST,US,Texas
48571,1,1.0,INFRA,2,FLOOD,,
21745,1,1.0,SUPPORT,1,ATTACK,US,Boston
53922,0,0.8888888888888888,,0,,,
49028,1,1.0,HUMAN,2,BLAST,US,Texas
52454,1,1.0,EVAC,2,STORM,US,University of Oklahoma;Oklahoma City
7369,0,1.0,,0,,,
38688,0,1.0,,0,,,
56165,1,1.0,AID,1,STORM,US,Oklahoma
21751,1,1.0,SUPPORT,1,STORM,US,
32138,1,1.0,ADVISORY,1,STORM,US,
4724,0,1.0,,0,,,
34166,1,1.0,OTHER,1,ATTACK,US,Boston
13913,1,1.0,SUPPORT,1,ATTACK,US,Boston
23648,0,1.0,,0,,,
519,1,1.0,INFRA,2,FLOOD,AU,Queensland;Bruce Highway;Butler Street;Tully
16999,0,1.0,,0,,,
58135,0,1.0,,0,,,
9690,0,0.8888888888888888,,0,,,
7980,0,1.0,,0,,,
41153,1,1.0,SUPPORT,1,OTHER,US,Boston;Texas
10789,0,1.0,,0,,,
10475,1,1.0,OTHER,1,ATTACK,US,Boston
7270,0,1.0,,0,,,
53954,0,1.0,,0,,,
60291,1,1.0,OTHER,1,BLAST,US,Waco;Texas
9544,1,1.0,OTHER,1,STORM,US,
56323,0,1.0,,0,,,
43544,0,1.0,,0,,,
22668,0,1.0,,0,,,
60375,0,1.0,,0,,,
15120,1,1.0,AID,1,BLAST,US,Texas
7171,0,1.0,,0,,,
24268,0,1.0,,0,,,
18999,0,1.0,,0,,,
60476,1,1.0,AID,1,STORM,US,Oklahoma
2002,0,0.8888888888888888,,0,,,
11793,1,1.0,SUPPORT,1,ATTACK,US,Boston
34602,0,1.0,,0,,,
3748,0,1.0,,0,,,
3093,1,1.0,SUPPORT,1,BLAST,US,Texas
54407,0,1.0,,0,,,
55729,0,1.0,,0,,,
16268,0,1.0,,0,,,
36215,1,1.0,HUMAN,3,ATTACK,US,Watertown;Boston
12303,0,1.0,,0,,,
53866,1,1.0,AID,1,STORM,PH,Philippines
26898,0,1.0,,0,,,
13898,1,0.8888888888888888,ADVISORY,1,OTHER,,
46726,1,1.0,AID,1,BLAST,US,West;Texas
42755,0,1.0,,0,,,
5742,1,1.0,OTHER,1,OTHER,US,Boston;Texas;Massachusetts Institute of Technology
15077,0,1.0,,0,,,
14429,1,1.0,ADVISORY,1,OTHER,,Indonesia;Brunei;Singapore;Thailand
2837,1,0.8888888888888888,OTHER,2,ATTACK,US,Boston
48950,1,0.7777777777777778,SUPPORT,1,STORM,US,
30243,0,1.0,,0,,,
52919,0,1.0,,0,,,
53510,0,1.0,,0,,,
2958,1,1.0,OTHER,1,BLAST,US,Boston;Texas
31522,0,1.0,,0,,,
26894,1,1.0,OTHER,1,STORM,US,
52205,0,1.0,,0,,,
11577,0,1.0,,0,,,
28134,1,1.0,SUPPORT,1,STORM,US,Oklahoma
37944,1,1.0,OTHER,1,STORM,US,
25322,0,1.0,,0,,,
4530,1,1.0,NEEDS,1,STORM,US,North Carolina
19756,1,1.0,OTHER,1,ATTACK,,Boston;Bahrain
18091,0,1.0,,0,,,
19994,1,1.0,OTHER,1,STORM,US,
49755,0,1.0,,0,,,
32400,1,1.0,SUPPORT,1,BLAST,US,West;Texas
32675,0,1.0,,0,,,
41953,1,1.0,EVAC,3,BLAST,US,West
55466,0,1.0,,0,,,
44443,1,1.0,EVAC,3,BLAST,US,Texas
49817,0,1.0,,0,,,
14196,1,1.0,OTHER,1,STORM,US,
54090,1,1.0,AID,1,STORM,US,Oklahoma City;Moore
51885,0,0.8888888888888888,,0,,,
36012,0,1.0,,0,,,
40672,0,1.0,,0,,,
21404,1,1.0,AID,1,STORM,US,Oklahoma
377,0,1.0,,0,,,
36140,0,1.0,,0,,,
8936,1,0.8888888888888888,OTHER,1,STORM,US,
3624,0,1.0,,0,,,
42069,0,1.0,,0,,,
16060,1,1.0,PROPERTY,2,STORM,US,
48898,0,1.0,,0,,,
50667,0,1.0,,0,,,
21262,1,1.0,SUPPORT,1,STORM,US,Oklahoma
15957,0,1.0,,0,,,
41922,1,1.0,OTHER,1,ATTACK,US,Boston
24369,0,1.0,,0,,,
42887,0,1.0,,0,,,
20339,1,0.8888888888888888,OTHER,1,STORM,US,
23233,0,1.0,,0,,,
5204,1,1.0,AID,1,OTHER,US,5501 Bagby
7686,0,0.8888888888888888,,0,,,
59218,0,1.0,,0,,,
59788,0,1.0,,0,,,
35983,0,1.0,,0,,,
47695,0,1.0,,0,,,
3554,1,1.0,NEEDS,1,STORM,US,
41304,1,1.0,OTHER,1,BLAST,US,Texas
19575,0,1.0,,0,,,
56506,0,1.0,,0,,,
54799,0,1.0,,0,,,
38249,0,1.0,,0,,,
3784,1,1.0,HUMAN,3,FLOOD,AU,Queensland;Lockyer Valley
48801,1,0.8888888888888888,OTHER,1,STORM,US,Jersey;Astoria
8183,1,1.0,SUPPORT,1,FLOOD,AU,Queensland
45282,0,1.0,,0,,,
41660,0,1.0,,0,,,
12083,0,1.0,,0,,,
37305,1,1.0,SUPPORT,1,BLAST,US,Texas
4391,0,1.0,,0,,,
17464,1,1.0,SUPPORT,1,ATTACK,US,Boston
45969,1,1.0,OTHER,2,ATTACK,US,
30226,1,1.0,SUPPORT,1,STORM,US,Oklahoma
10538,0,1.0,,0,,,
54061,0,1.0,,0,,,
41085,0,1.0,,0,,,
78,0,1.0,,0,,,
49874,0,1.0,,0,,,
60071,1,0.8888888888888888,OTHER,1,STORM,US,
53985,0,1.0,,0,,,
46348,1,0.8888888888888888,OTHER,1,STORM,US,
27346,1,1.0,AID,1,STORM,US,Moore
52506,1,1.0,SUPPORT,1,ATTACK,US,Boston
9361,1,1.0,HUMAN,2,FLOOD,AU,Queensland
48172,1,1.0,OTHER,1,STORM,US,
7405,1,1.0,AID,2,ATTACK,US,Boston
4050,0,1.0,,0,,,
19830,1,1.0,OTHER,1,STORM,US,
47376,0,0.8888888888888888,,0,,,
43303,1,1.0,SUPPORT,1,ATTACK,US,Boston
21601,0,1.0,,0,,,
2234,0,1.0,,0,,,
9809,1,1.0,NEEDS,3,FLOOD,AU,Laidley High School
58156,1,1.0,SUPPORT,1,STORM,US,
58263,1,0.8888888888888888,OTHER,1,STORM,US,
36541,0,1.0,,0,,,
34309,1,1.0,SUPPORT,1,ATTACK,US,Boston
30418,1,1.0,OTHER,1,STORM,US,
37680,1,1.0,OTHER,1,ATTACK,US,Boston
21202,0,1.0,,0,,,
60644,1,1.0,SUPPORT,1,STORM,US,Oklahoma;Newton
25529,1,1.0,OTHER,1,BLAST,US,West;Texas
52857,0,1.0,,0,,,
24281,1,1.0,AID,1,STORM,US,Oklahoma
44188,0,1.0,,0,,,
60002,1,1.0,ADVISORY,1,STORM,US,
58505,0,1.0,,0,,,
52529,1,1.0,ADVISORY,2,FLOOD,AU,Brisbane;Queensland
47356,0,1.0,,0,,,
36874,1,1.0,OTHER,1,STORM,US,
40293,0,1.0,,0,,,
2726,1,1.0,HUMAN,2,FLOOD,AU,Queensland
54927,0,1.0,,0,,,
7477,1,1.0,OTHER,2,ATTACK,US,
50095,1,1.0,HUMAN,3,STORM,US,Oklahoma
20870,1,1.0,OTHER,2,BLAST,US,Waco;Texas
37021,0,1.0,,0,,,
41232,0,1.0,,0,,,
51394,1,1.0,SUPPORT,1,STORM,US,Oklahoma
46800,0,1.0,,0,,,
43871,0,1.0,,0,,,
11137,0,0.7777777777777778,,0,,,
47565,0,1.0,,0,,,
131,1,1.0,SUPPORT,1,STORM,US,Oklahoma
2731,1,1.0,AID,1,STORM,US,Oklahoma
16257,0,1.0,,0,,,
9562,1,1.0,ADVISORY,2,ATTACK,US,Logan
55630,0,1.0,,0,,,
12896,0,1.0,,0,,,
38441,0,1.0,,0,,,
46062,1,1.0,INFRA,2,STORM,US,New York City
33955,1,1.0,AID,1,ATTACK,US,Boston
10025,0,1.0,,0,,,
26874,1,1.0,SUPPORT,1,ATTACK,IQ,Baghdad
46896,1,1.0,OTHER,2,FLOOD,AU,Queensland
23976,0,1.0,,0,,,
57958,0,1.0,,0,,,
118,0,1.0,,0,,,
24647,0,1.0,,0,,,
22685,1,1.0,ADVISORY,1,FLOOD,AU,Queensland
32589,0,1.0,,0,,,
51928,0,1.0,,0,,,
37613,0,1.0,,0,,,
5536,0,1.0,,0,,,
510,1,1.0,OTHER,1,FLOOD,AU,Australia
1084,0,1.0,,0,,,
34589,0,1.0,,0,,,
54093,0,1.0,,0,,,
4883,1,1.0,SUPPORT,1,BLAST,US,West;Baylor
20429,0,1.0,,0,,,
10790,1,0.8888888888888888,OTHER,2,STORM,,
2572,1,1.0,OTHER,1,ATTACK,US,Boston;Children's hospital
11891,1,1.0,SUPPORT,1,STORM,US,Oklahoma
25118,0,1.0,,0,,,
37184,0,1.0,,0,,,
7635,0,1.0,,0,,,
53224,1,1.0,HUMAN,1,ATTACK,US,Boston
15376,1,1.0,OTHER,2,STORM,,
44065,0,1.0,,0,,,
176,0,1.0,,0,,,
41508,0,1.0,,0,,,
59370,0,1.0,,0,,,
55104,0,1.0,,0,,,
60012,0,1.0,,0,,,
3978,0,1.0,,0,,,
20983,0,1.0,,0,,,
31093,1,0.8888888888888888,OTHER,1,STORM,,
8576,0,1.0,,0,,,
33640,0,1.0,,0,,,
14750,0,1.0,,0,,,
59692,0,1.0,,0,,,
4240,1,1.0,PROPERTY,1,FLOOD,AU,Australia
42149,0,1.0,,0,,,
49476,0,1.0,,0,,,
25103,1,1.0,OTHER,2,STORM,US,
59707,0,1.0,,0,,,
14139,0,0.7777777777777778,,0,,,
27287,1,1.0,OTHER,1,ATTACK,US,Boston
58994,1,1.0,OTHER,1,STORM,US,
43596,1,1.0,HUMAN,1,BLAST,US,Texas
38792,1,1.0,ADVISORY,2,ATTACK,US,
47761,1,1.0,ADVISORY,1,FLOOD,AU,Wide Bay;Queensland
60816,0,1.0,,0,,,
15035,0,1.0,,0,,,
14119,1,1.0,OTHER,1,STORM,US,Norman;Moore
14332,0,1.0,,0,,,
44713,0,1.0,,0,,,
53355,1,1.0,OTHER,1,ATTACK,US,Boston
44394,1,1.0,ADVISORY,1,FLOOD,AU,Wide Bay;Queensland
29664,0,1.0,,0,,,
2075,1,1.0,SUPPORT,1,ATTACK,US,Boston
40312,1,0.8888888888888888,ADVISORY,1,STORM,,
27176,1,1.0,SUPPORT,1,ATTACK,US,Boston
39317,0,1.0,,0,,,
29018,1,1.0,AID,1,BLAST,US,Texas
52414,0,0.8888888888888888,,0,,,
7887,0,1.0,,0,,,
13362,0,1.0,,0,,,
30775,0,1.0,,0,,,
22575,0,1.0,,0,,,
40714,1,0.8888888888888888,ADVISORY,1,STORM,,
20523,1,1.0,SUPPORT,1,BLAST,US,Texas
28103,0,1.0,,0,,,
35464,1,1.0,SUPPORT,1,STORM,US,Oklahoma
19434,1,1.0,OTHER,2,FLOOD,AU,Australia
1785,1,1.0,SUPPORT,1,STORM,US,Oklahoma
46998,1,1.0,SUPPORT,1,ATTACK,US,Boston
43751,1,1.0,OTHER,1,STORM,US,
28163,0,1.0,,0,,,
2214,1,1.0,PROPERTY,2,FLOOD,AU,Australia
34183,0,1.0,,0,,,
36429,0,1.0,,0,,,
42207,0,1.0,,0,,,
43692,0,1.0,,0,,,
29044,1,1.0,OTHER,1,OTHER,US,Boston;Texas
39841,0,1.0,,0,,,
11723,0,1.0,,0,,,
5515,1,1.0,AID,1,STORM,US,Oklahoma
36883,0,1.0,,0,,,
56235,0,1.0,,0,,,
54417,0,1.0,,0,,,
21734,0,1.0,,0,,,
18540,1,1.0,HUMAN,2,BLAST,US,West;Texas
44554,0,1.0,,0,,,
5200,0,1.0,,0,,,
37363,1,1.0,AID,1,BLAST,US,West
23177,0,1.0,,0,,,
54670,1,1.0,PROPERTY,3,FLOOD,,
30818,0,1.0,,0,,,
13526,1,1.0,SUPPORT,1,BLAST,US,West
7984,1,1.0,EVAC,1,BLAST,US,West
3089,1,1.0,SUPPORT,1,FLOOD,AU,Australia
5326,0,1.0,,0,,,
47173,1,1.0,OTHER,1,BLAST,US,Texas
36797,0,1.0,,0,,,
56703,1,1.0,ADVISORY,2,STORM,US,New York
44002,1,1.0,OTHER,1,ATTACK,US,Boston
7889,1,1.0,SUPPORT,1,STORM,US,
33042,0,1.0,,0,,,
53203,0,1.0,,0,,,
17515,0,1.0,,0,,,
31340,0,1.0,,0,,,
24556,0,1.0,,0,,,
21609,0,1.0,,0,,,
8261,1,1.0,SUPPORT,1,BLAST,US,West;Texas
40030,1,1.0,AID,1,FLOOD,AU,Bundaberg;Queensland
52000,0,1.0,,0,,,
33108,0,1.0,,0,,,
37816,1,0.8888888888888888,PROPERTY,2,STORM,,
4325,1,0.8888888888888888,HUMAN,3,BLAST,US,
51858,1,1.0,ADVISORY,2,ATTACK,US,Boston
57248,0,1.0,,0,,,
11338,1,1.0,AID,1,STORM,US,
60053,1,1.0,SUPPORT,1,ATTACK,US,Boston
18504,1,1.0,INFRA,2,STORM,US,New York
11458,0,1.0,,0,,,
54100,0,1.0,,0,,,
3130,1,1.0,SUPPORT,1,STORM,US,New York City;Washington Heights
59667,0,1.0,,0,,,
24934,1,1.0,HUMAN,1,STORM,US,Oklahoma
39349,0,1.0,,0,,,
44878,1,1.0,PROPERTY,2,BLAST,US,West;Texas
30612,0,1.0,,0,,,
48768,1,1.0,PROPERTY,1,STORM,US,Oklahoma
27945,1,1.0,AID,1,BLAST,US,West;Baylor
3204,1,1.0,PROPERTY,1,FLOOD,AU,Queensland
24131,1,1.0,SUPPORT,2,BLAST,US,West
23513,0,1.0,,0,,,
11652,1,1.0,HUMAN,1,ATTACK,US,Boston
5114,1,0.7777777777777778,INFRA,1,STORM,,
46199,0,1.0,,0,,,
2231,0,1.0,,0,,,
43770,1,1.0,PROPERTY,2,FLOOD,AU,Queensland
60350,1,1.0,INFRA,1,STORM,US,Upper East Side
22333,1,1.0,HUMAN,1,ATTACK,US,Boston
36613,1,1.0,HUMAN,1,BLAST,US,West;Boston
37295,1,1.0,HUMAN,1,OTHER,US,Boston;Texas
50639,0,1.0,,0,,,
49164,0,1.0,,0,,,
15972,0,1.0,,0,,,
20805,0,1.0,,0,,,
17660,0,1.0,,0,,,
51813,1,1.0,HUMAN,1,ATTACK,US,
17745,1,0.8888888888888888,OTHER,2,STORM,US,Norman
12110,1,1.0,SUPPORT,1,ATTACK,US,Boston
7379,0,1.0,,0,,,
30486,0,1.0,,0,,,
10493,1,1.0,OTHER,1,BLAST,US,West
5726,1,1.0,INFRA,2,FLOOD,AU,Kedron
19783,1,1.0,AID,1,BLAST,US,Texas
24944,0,1.0,,0,,,
57031,1,1.0,ADVISORY,2,STORM,,
21525,0,1.0,,0,,,
45553,0,1.0,,0,,,
13280,0,1.0,,0,,,
18369,1,1.0,OTHER,1,FLOOD,AU,South East Queensland;Brisbane
58565,1,1.0,EVAC,1,STORM,US,University of Oklahoma;Oklahoma City
4997,0,1.0,,0,,,
32961,1,1.0,SUPPORT,1,FLOOD,AU,Queensland
36105,0,1.0,,0,,,
48359,1,1.0,PROPERTY,2,STORM,US,Steelman Estates;Shawnee;Oklahoma
41415,1,1.0,HUMAN,2,BLAST,US,West
9202,1,1.0,OTHER,1,STORM,,
13040,1,1.0,SUPPORT,1,BLAST,US,Texas
22240,1,1.0,OTHER,1,FLOOD,US,Boulder
18117,1,1.0,OTHER,1,STORM,,
2217,0,1.0,,0,,,
16206,0,1.0,,0,,,
5275,1,1.0,PROPERTY,1,STORM,US,Moore
16256,0,1.0,,0,,,
54281,0,1.0,,0,,,
39967,0,1.0,,0,,,
41024,1,0.8888888888888888,INFRA,3,FLOOD,,
15817,1,1.0,HUMAN,2,STORM,US,Oklahoma
33717,1,1.0,OTHER,1,BLAST,US,Texas
17321,1,1.0,OTHER,1,ATTACK,US,Boston
15836,1,1.0,OTHER,1,OTHER,US,Texas;Boston
17150,1,0.8888888888888888,SUPPORT,2,STORM,,
54127,0,1.0,,0,,,
39780,1,1.0,NEEDS,1,STORM,US,
42263,0,1.0,,0,,,
32674,1,1.0,HUMAN,1,BLAST,US,Texas
17542,1,1.0,OTHER,1,ATTACK,US,Russia;Chechnya;United States
52011,1,1.0,OTHER,1,BLAST,US,Boston;Texas
33905,1,1.0,OTHER,1,BLAST,US,Texas;Boston
49032,1,1.0,SUPPORT,1,STORM,US,Oklahoma City
17034,1,1.0,SUPPORT,1,ATTACK,US,Newtown;Boston
32155,0,1.0,,0,,,
27178,1,1.0,OTHER,1,STORM,US,
47337,0,1.0,,0,,,
34917,1,1.0,ADVISORY,2,FLOOD,AU,Australia
9757,0,1.0,,0,,,
57585,0,1.0,,0,,,
28136,1,1.0,SUPPORT,1,STORM,US,Oklahoma
2307,0,1.0,,0,,,
21987,1,1.0,OTHER,2,STORM,AU,Brisbane
14493,1,1.0,ADVISORY,2,FLOOD,AU,Brisbane
5226,1,1.0,OTHER,1,FLOOD,AU,Queensland
37289,1,1.0,SUPPORT,1,ATTACK,US,
58997,0,1.0,,0,,,
2846,1,1.0,OTHER,1,STORM,US,
14762,1,1.0,OTHER,1,ATTACK,US,Boston
29748,0,1.0,,0,,,
26145,1,1.0,OTHER,1,STORM,US,Oklahoma
50847,1,1.0,OTHER,1,STORM,US,
2559,1,1.0,ADVISORY,1,STORM,US,
58654,1,0.6666666666666666,OTHER,1,STORM,,
21657,0,1.0,,0,,,
54188,0,1.0,,0,,,
31094,1,1.0,SUPPORT,1,FLOOD,AU,Queensland
7227,0,1.0,,0,,,
54268,1,1.0,OTHER,1,STORM,,
3470,1,1.0,OTHER,1,ATTACK,US,Boston
57838,1,0.7777777777777778,SUPPORT,1,ATTACK,,
6451,1,1.0,OTHER,1,STORM,US,
4453,1,1.0,OTHER,1,STORM,US,New York
37081,1,1.0,OTHER,1,BLAST,US,
20960,0,1.0,,0,,,
58278,0,1.0,,0,,,
53018,1,1.0,OTHER,1,STORM,US,Moore;Oklahoma
59170,0,1.0,,0,,,
7128,1,1.0,OTHER,1,ATTACK,US,Boston
42771,1,1.0,AID,1,STORM,US,Oklahoma
1135,1,1.0,HUMAN,1,FLOOD,AU,Queensland
33774,1,1.0,OTHER,1,BLAST,US,Texas;Oklahoma
3982,1,1.0,HUMAN,2,BLAST,US,Texas
12429,0,1.0,,0,,,
12136,1,1.0,OTHER,1,STORM,AU,Sunshine Coast
60929,0,1.0,,0,,,
8962,0,1.0,,0,,,
15566,1,0.7777777777777778,OTHER,1,ATTACK,US,
57195,0,1.0,,0,,,
19326,0,1.0,,0,,,
8851,0,1.0,,0,,,
39429,0,1.0,,0,,,
31410,1,1.0,INFRA,1,STORM,US,
28257,1,1.0,OTHER,1,ATTACK,US,Boston
35564,1,1.0,HUMAN,2,FLOOD,AU,Queensland
22135,0,1.0,,0,,,
4630,1,1.0,HUMAN,1,ATTACK,US,
53707,0,1.0,,0,,,
4245,0,1.0,,0,,,
34336,0,1.0,,0,,,
19190,1,1.0,PROPERTY,1,STORM,US,Moore
50186,0,1.0,,0,,,
53541,0,1.0,,0,,,
4268,1,1.0,PROPERTY,1,FLOOD,AU,Queensland
55965,1,1.0,OTHER,2,STORM,US,
58784,1,1.0,OTHER,1,STORM,,
6643,1,1.0,SUPPORT,1,BLAST,US,Texas;Waco
37483,0,1.0,,0,,,
15234,0,1.0,,0,,,
51401,0,1.0,,0,,,
39985,0,1.0,,0,,,
39167,0,1.0,,0,,,
49730,0,1.0,,0,,,
53107,1,1.0,SUPPORT,1,ATTACK,US,Boston
2823,1,1.0,SUPPORT,1,FLOOD,AU,Australia
33753,1,1.0,ADVISORY,1,STORM,US,Oklahoma City;Oklahoma
24251,0,1.0,,0,,,
57505,1,1.0,HUMAN,1,STORM,US,Oklahoma
19781,1,1.0,OTHER,1,STORM,US,
39442,1,1.0,SUPPORT,1,ATTACK,US,
7617,1,1.0,SUPPORT,1,STORM,US,Oklahoma
20807,1,1.0,SUPPORT,1,ATTACK,US,
18141,1,1.0,OTHER,1,ATTACK,US,Boston
46203,1,1.0,OTHER,2,STORM,US,
38222,0,1.0,,0,,,
31570,1,1.0,HUMAN,2,BLAST,US,Texas
27322,1,1.0,INFRA,2,STORM,US,
50015,1,1.0,SUPPORT,1,ATTACK,US,
23065,0,1.0,,0,,,
55538,0,1.0,,0,,,
2799,1,1.0,OTHER,1,STORM,,
6977,1,1.0,AID,1,STORM,US,
20868,0,1.0,,0,,,
8857,0,1.0,,0,,,
56624,1,1.0,PROPERTY,1,STORM,US,East River
9550,1,0.7777777777777778,HUMAN,2,BLAST,US,
35445,1,1.0,OTHER,1,STORM,US,Oklahoma
3699,1,1.0,OTHER,1,STORM,US,
17569,1,1.0,OTHER,1,BLAST,US,West;Texas
17721,1,0.8888888888888888,SUPPORT,1,ATTACK,US,Boston
31790,1,1.0,SUPPORT,1,STORM,US,New York;United States
9185,0,1.0,,0,,,
5062,0,1.0,,0,,,
42262,1,1.0,AID,1,FLOOD,AU,Australia
45986,0,1.0,,0,,,
1804,1,1.0,HUMAN,1,BLAST,US,West;Texas
15535,1,1.0,OTHER,1,STORM,US,
51549,1,1.0,OTHER,1,STORM,,
55064,1,1.0,EVAC,2,FLOOD,AU,Bundaberg
48293,1,1.0,OTHER,1,STORM,US,
33561,0,1.0,,0,,,
7687,1,1.0,HUMAN,1,CRASH,US,Colorado;South Dakota
29103,0,1.0,,0,,,
23411,1,1.0,SUPPORT,1,STORM,US,Oklahoma
32543,1,1.0,AID,1,STORM,US,
32609,0,1.0,,0,,,
33385,0,1.0,,0,,,
24684,0,1.0,,0,,,
33140,1,1.0,AID,1,BLAST,US,West
22008,0,1.0,,0,,,
7499,1,1.0,HUMAN,2,FLOOD,AU,Queensland
28296,1,1.0,HUMAN,1,STORM,US,Moore
53580,1,1.0,OTHER,1,STORM,US,Oklahoma City
793,1,1.0,OTHER,2,STORM,US,
22552,0,1.0,,0,,,
22007,1,1.0,OTHER,1,BLAST,US,
55583,1,0.7777777777777778,SUPPORT,1,ATTACK,US,
6750,0,1.0,,0,,,
22817,1,1.0,HUMAN,1,ATTACK,US,Boston
41270,1,1.0,SUPPORT,1,STORM,US,Oklahoma
6685,0,1.0,,0,,,
37037,0,1.0,,0,,,
14783,1,1.0,OTHER,1,BLAST,US,Texas;Waco
39849,1,1.0,AID,1,STORM,US,
29,0,1.0,,0,,,
5746,0,1.0,,0,,,
16182,1,1.0,AID,1,FLOOD,AU,Australia
9134,1,1.0,OTHER,1,ATTACK,US,Boston
48548,0,1.0,,0,,,
39950,1,1.0,OTHER,2,STORM,US,
51013,0,1.0,,0,,,
28711,1,1.0,ADVISORY,2,ATTACK,US,Harvard;Massachusetts Bay Transportation Authority
53963,1,1.0,SUPPORT,1,ATTACK,US,Boston
24184,1,1.0,OTHER,1,FLOOD,AU,Ashgrove
17925,1,1.0,EVAC,2,STORM,US,
54263,0,1.0,,0,,,
23498,1,1.0,OTHER,1,FLOOD,AU,Queensland
60618,1,1.0,HUMAN,1,BLAST,US,West
15967,0,1.0,,0,,,
20430,0,1.0,,0,,,
54622,0,1.0,,0,,,
494,0,1.0,,0,,,
39464,1,1.0,OTHER,1,STORM,,
45021,1,1.0,OTHER,1,STORM,US,Moore
35338,0,1.0,,0,,,
15603,0,1.0,,0,,,
17256,0,1.0,,0,,,
33259,0,1.0,,0,,,
6419,1,1.0,OTHER,2,FLOOD,AU,Queensland;New South Wales
10343,1,1.0,SUPPORT,1,ATTACK,US,Boston
9515,1,1.0,SUPPORT,1,BLAST,US,West;Texas
36747,1,1.0,OTHER,1,BLAST,US,West;Texas
2854,1,1.0,SUPPORT,1,STORM,US,Oklahoma
10666,1,0.8888888888888888,OTHER,1,ATTACK,US,Boston
8175,0,1.0,,0,,,
269,1,1.0,INFRA,2,OTHER,,
21896,1,1.0,OTHER,1,FLOOD,AU,Queensland
14447,1,1.0,OTHER,1,BLAST,AU,Newcastle;Texas
12870,0,1.0,,0,,,
46296,1,1.0,HUMAN,2,STORM,US,Oklahoma
9480,0,1.0,,0,,,
10396,1,1.0,OTHER,1,STORM,US,
33341,0,1.0,,0,,,
34712,0,1.0,,0,,,
15482,1,1.0,SUPPORT,1,ATTACK,US,Boston
2404,1,1.0,SUPPORT,1,BLAST,US,West;Texas
27923,1,1.0,HUMAN,3,STORM,US,
59333,1,1.0,OTHER,2,STORM,US,
54938,0,1.0,,0,,,
43210,0,1.0,,0,,,
5253,1,1.0,EVAC,1,STORM,US,Oklahoma City
58419,0,1.0,,0,,,
54719,0,1.0,,0,,,
18388,0,1.0,,0,,,
17802,1,1.0,SUPPORT,1,STORM,US,Oklahoma
51600,1,1.0,HUMAN,1,ATTACK,US,Boston
14225,1,1.0,AID,1,BLAST,US,West
14418,0,1.0,,0,,,
708,0,1.0,,0,,,
8977,1,0.8888888888888888,OTHER,1,STORM,,
35578,0,1.0,,0,,,
47675,0,1.0,,0,,,
1802,0,1.0,,0,,,
14909,1,1.0,EVAC,2,STORM,US,Kansas
46340,1,1.0,PROPERTY,2,STORM,US,
819,0,1.0,,0,,,
18903,1,1.0,OTHER,1,ATTACK,US,Boston
26415,1,1.0,AID,1,FLOOD,AU,Queensland
22392,1,1.0,OTHER,2,STORM,US,Brooklyn;New York City
59978,0,1.0,,0,,,
38538,1,1.0,OTHER,1,ATTACK,US,Boston
24538,0,1.0,,0,,,
51595,1,1.0,INFRA,2,FLOOD,AU,Australia
32245,0,1.0,,0,,,
6142,1,0.8888888888888888,OTHER,1,STORM,US,
56142,0,0.7777777777777778,,0,,,
24473,0,0.8888888888888888,,0,,,
6937,0,1.0,,0,,,
10276,1,0.7777777777777778,OTHER,1,STORM,US,
40930,0,1.0,,0,,,
6682,1,0.8888888888888888,SUPPORT,1,OTHER,US,Oklahoma
6511,1,1.0,AID,1,STORM,PH,Typhoon Yolanda
35061,1,1.0,ADVISORY,2,FLOOD,PH,Manila;Luzon
39671,0,1.0,,0,,,
24391,1,1.0,OTHER,1,ATTACK,US,Boston
16074,1,1.0,SUPPORT,1,OTHER,US,Oklahoma
5975,1,1.0,ADVISORY,1,STORM,US,Northeastern United States
56173,0,1.0,,0,,,
20895,0,1.0,,0,,,
10556,0,1.0,,0,,,
25002,0,1.0,,0,,,
38823,0,1.0,,0,,,
23552,1,1.0,HUMAN,2,BLAST,US,West;Texas
53813,1,1.0,HUMAN,2,FLOOD,AU,Australia
1558,0,1.0,,0,,,
10466,0,0.5555555555555556,,0,,,
30408,0,1.0,,0,,,
15771,1,1.0,PROPERTY,2,FLOOD,,
16628,1,0.8888888888888888,SUPPORT,1,OTHER,,
40967,0,1.0,,0,,,
21793,1,1.0,AID,1,OTHER,US,Moore
1006,0,1.0,,0,,,
35427,0,0.7777777777777778,,0,,,
14334,0,1.0,,0,,,
19477,0,0.8888888888888888,,0,,,
21458,0,1.0,,0,,,
20058,1,1.0,AID,1,FLOOD,AU,Australia
13017,1,0.8888888888888888,HUMAN,2,OTHER,US,Oklahoma
25237,0,1.0,,0,,,
40276,1,1.0,OTHER,1,BLAST,US,Texas;Boston
46486,0,1.0,,0,,,
11998,0,0.8888888888888888,,0,,,
3389,0,1.0,,0,,,
5074,0,1.0,,0,,,
56864,1,1.0,AID,1,OTHER,US,Oklahoma
1454,1,0.8888888888888888,OTHER,1,STORM,US,
22144,1,1.0,OTHER,1,ATTACK,US,Boston
30636,1,1.0,PROPERTY,2,BLAST,US,West;Texas
46680,1,1.0,SUPPORT,1,STORM,US,
14949,1,1.0,EVAC,2,BLAST,US,West
57323,0,1.0,,0,,,
49345,1,1.0,HUMAN,1,OTHER,US,Oklahoma
34524,1,1.0,PROPERTY,2,FLOOD,AU,Oakman Park
60050,1,1.0,HUMAN,2,OTHER,US,Oklahoma
38569,1,1.0,SUPPORT,1,OTHER,US,Oklahoma
39781,1,1.0,ADVISORY,1,STORM,US,East Coast
21508,1,1.0,SUPPORT,1,FIRE,US,Colorado
29256,1,1.0,SUPPORT,1,OTHER,US,Oklahoma
3931,1,1.0,OTHER,1,ATTACK,US,Boston
61133,0,1.0,,0,,,
21618,0,1.0,,0,,,
47363,1,1.0,PROPERTY,2,BLAST,US,West
18939,0,0.5555555555555556,,0,,,
9747,0,1.0,,0,,,
50618,0,1.0,,0,,,
17238,1,1.0,SUPPORT,1,BLAST,US,West
15466,0,1.0,,0,,,
3927,1,1.0,PROPERTY,2,BLAST,US,West;Texas
7814,1,1.0,OTHER,1,OTHER,US,Oklahoma
24885,1,1.0,HUMAN,2,STORM,US,Atlantic Ocean
8164,0,1.0,,0,,,
33469,1,1.0,OTHER,1,ATTACK,US,Boston;Texas
51429,1,1.0,HUMAN,2,BLAST,US,Texas
2433,1,1.0,PROPERTY,1,OTHER,US,Oklahoma City
52990,1,0.8888888888888888,INFRA,2,OTHER,US,Kansas;Oklahoma
6768,0,1.0,,0,,,
34654,1,1.0,SUPPORT,1,OTHER,US,Oklahoma
36577,1,1.0,SUPPORT,1,FLOOD,AU,Queensland
35816,1,1.0,OTHER,2,STORM,US,
17874,1,1.0,OTHER,1,STORM,US,
54395,1,1.0,HUMAN,2,ATTACK,US,Chicago
56903,0,1.0,,0,,,
1313,1,1.0,SUPPORT,1,FLOOD,AU,Queensland
24771,1,1.0,OTHER,1,OTHER,AU,Australia
29040,0,1.0,,0,,,
20957,1,1.0,PROPERTY,2,OTHER,US,Moore;Oklahoma
32611,0,1.0,,0,,,
45713,0,1.0,,0,,,
8043,0,1.0,,0,,,
16524,1,1.0,INFRA,2,STORM,US,Long Island;Triboro Bridge
51188,0,1.0,,0,,,
16315,1,1.0,OTHER,1,STORM,US,
60927,1,1.0,OTHER,2,STORM,US,
38316,0,1.0,,0,,,
21138,1,1.0,OTHER,1,BLAST,US,Texas
52327,0,1.0,,0,,,
6110,1,0.8888888888888888,INFRA,2,FLOOD,US,Merck
41454,1,1.0,OTHER,1,STORM,US,Washington DC;Jersey
2201,1,0.7777777777777778,OTHER,1,BLAST,US,Baylor
28664,1,1.0,OTHER,1,ATTACK,US,Boston
19146,0,1.0,,0,,,
57113,1,1.0,SUPPORT,1,BLAST,US,West;Texas
49464,0,0.5555555555555556,,0,,,
11890,0,1.0,,0,,,
14633,1,1.0,SUPPORT,1,ATTACK,US,Boston;New York City
54143,0,1.0,,0,,,
21539,1,1.0,OTHER,1,STORM,US,
8081,1,1.0,SUPPORT,1,STORM,US,
23669,0,1.0,,0,,,
13949,1,1.0,INFRA,2,STORM,US,
11607,0,1.0,,0,,,
55621,0,1.0,,0,,,
12467,1,1.0,PROPERTY,2,FLOOD,AU,Eastern Australia
17820,1,1.0,INFRA,1,STORM,US,
1279,0,1.0,,0,,,
8250,1,1.0,OTHER,1,ATTACK,US,Boston
35017,0,1.0,,0,,,
48421,0,1.0,,0,,,
34880,1,1.0,OTHER,1,STORM,US,
23079,1,1.0,OTHER,1,BLAST,US,West;Texas
52312,0,0.8888888888888888,,0,,,
14362,1,1.0,OTHER,1,STORM,US,
10830,0,1.0,,0,,,
26269,0,1.0,,0,,,
26523,1,1.0,HUMAN,2,BLAST,US,Waco;Texas
53769,1,1.0,SUPPORT,1,FLOOD,AU,Queensland
17827,1,1.0,INFRA,2,FLOOD,AU,Queensland
59539,1,1.0,SUPPORT,1,OTHER,US,Oklahoma
19148,0,1.0,,0,,,
3294,1,1.0,OTHER,2,OTHER,US,Oklahoma
51169,0,1.0,,0,,,
50764,1,1.0,HUMAN,2,OTHER,US,Oklahoma
52026,1,1.0,OTHER,2,FLOOD,AU,Queensland;Brisbane
2561,1,1.0,SUPPORT,1,STORM,US,
37027,0,1.0,,0,,,
55996,1,1.0,OTHER,1,ATTACK,US,Boston
477,1,1.0,HUMAN,2,OTHER,US,Oklahoma
59203,0,1.0,,0,,,
20810,0,1.0,,0,,,
54702,0,1.0,,0,,,
11561,0,1.0,,0,,,
19665,0,1.0,,0,,,
45482,1,1.0,OTHER,1,ATTACK,US,Boston
6583,0,1.0,,0,,,
13541,0,1.0,,0,,,
15281,1,1.0,OTHER,2,FLOOD,AU,Queensland
54512,1,1.0,INFRA,2,STORM,US,
55230,0,1.0,,0,,,
16634,1,1.0,SUPPORT,1,OTHER,US,Oklahoma
48863,0,1.0,,0,,,
48871,1,1.0,INFRA,2,FLOOD,AU,Fernvale Bridge
58214,1,1.0,AID,1,OTHER,US,Oklahoma
51684,0,1.0,,0,,,
42972,0,1.0,,0,,,
21023,0,1.0,,0,,,
47073,1,1.0,OTHER,2,FLOOD,AU,Queensland;Bundaberg
41511,1,1.0,OTHER,1,QUAKE,GT,Guatemala
1602,0,1.0,,0,,,
5524,1,1.0,SUPPORT,1,STORM,US,
33539,1,1.0,OTHER,1,STORM,US,New York City
43296,0,1.0,,0,,,
6153,1,1.0,OTHER,2,FLOOD,AU,Queensland
7874,0,1.0,,0,,,
60015,1,1.0,SUPPORT,1,ATTACK,US,Boston
54844,1,1.0,PROPERTY,2,FLOOD,AU,Queensland
51507,1,1.0,OTHER,1,STORM,US,
5641,0,1.0,,0,,,
56248,1,0.8888888888888888,OTHER,2,OTHER,,
6920,0,1.0,,0,,,
32502,0,1.0,,0,,,
17286,1,1.0,SUPPORT,1,OTHER,US,Oklahoma
25762,0,1.0,,0,,,
49128,0,1.0,,0,,,
42990,1,0.8888888888888888,HUMAN,1,OTHER,,
29028,0,1.0,,0,,,
60059,0,1.0,,0,,,
43409,0,1.0,,0,,,
31902,0,1.0,,0,,,
44357,1,1.0,AID,1,OTHER,US,Oklahoma
50292,1,1.0,OTHER,1,BLAST,US,Texas
7146,1,1.0,OTHER,1,ATTACK,US,Boston
14729,1,1.0,INFRA,2,FLOOD,AU,
41498,1,0.8888888888888888,SUPPORT,1,OTHER,,
16294,0,1.0,,0,,,
42441,1,1.0,OTHER,1,BLAST,US,West;Texas
4465,1,1.0,SUPPORT,1,STORM,US,Washington DC
22993,1,1.0,SUPPORT,1,OTHER,US,Oklahoma
29398,1,1.0,AID,1,OTHER,US,Moore;Oklahoma
11282,0,1.0,,0,,,
51386,1,1.0,HUMAN,2,OTHER,US,Oklahoma
59503,1,1.0,INFRA,2,STORM,US,
8845,1,1.0,SUPPORT,1,ATTACK,US,Boston
34688,1,1.0,SUPPORT,1,ATTACK,US,Boston;West;Texas
40950,0,1.0,,0,,,
11108,0,0.8888888888888888,,0,,,
26531,0,1.0,,0,,,
10420,0,1.0,,0,,,
17274,1,1.0,OTHER,1,BLAST,US,Texas
14345,0,1.0,,0,,,
30451,1,1.0,SUPPORT,1,BLAST,US,"West, Texas"
28960,0,1.0,,0,,,
15528,1,0.8888888888888888,AID,1,ATTACK,US,Boston
23745,1,1.0,HUMAN,2,FLOOD,AU,Eastern Australia
13914,0,1.0,,0,,,
12121,1,1.0,OTHER,1,BLAST,US,Texas
42475,0,0.8888888888888888,,0,,,
14085,0,1.0,,0,,,
51835,0,1.0,,0,,,
46843,0,1.0,,0,,,
57747,0,1.0,,0,,,
45029,1,1.0,SUPPORT,1,STORM,US,Long Beach Island
41686,1,1.0,OTHER,1,BLAST,US,Texas
11987,1,1.0,ADVISORY,1,STORM,US,
29599,0,1.0,,0,,,
52391,1,0.8888888888888888,OTHER,1,STORM,US,
33035,1,1.0,ADVISORY,1,ATTACK,US,Boston
42791,1,0.8888888888888888,PROPERTY,2,STORM,US,Long Beach Island
26969,1,1.0,INFRA,2,STORM,US,
42915,1,1.0,ADVISORY,1,STORM,US,Lake Michigan
45181,0,1.0,,0,,,
14615,0,1.0,,0,,,
17169,0,1.0,,0,,,
10034,0,1.0,,0,,,
9378,0,1.0,,0,,,
50173,0,1.0,,0,,,
17834,1,1.0,SUPPORT,1,STORM,US,Cherry Hill
43311,1,1.0,OTHER,1,ATTACK,US,Boston;Texas
368,0,1.0,,0,,,
36171,1,1.0,SUPPORT,1,ATTACK,US,Boston
60650,1,1.0,PROPERTY,2,STORM,US,New York
25144,1,1.0,HUMAN,2,BLAST,US,Texas
16819,1,1.0,OTHER,1,STORM,US,
29512,1,1.0,AID,1,STORM,US,Oklahoma
8980,0,0.8888888888888888,,0,,,
60198,1,1.0,PROPERTY,2,STORM,US,"Moore, Oklahoma"
8599,0,1.0,,0,,,
22221,1,1.0,PROPERTY,2,STORM,US,Upper West Side
39383,0,1.0,,0,,,
26384,1,1.0,SUPPORT,1,STORM,US,
17426,1,1.0,SUPPORT,1,ATTACK,US,Boston
29900,1,1.0,OTHER,1,BLAST,US,Texas
43880,0,1.0,,0,,,
52027,1,1.0,HUMAN,3,STORM,US,
4759,1,1.0,OTHER,2,ATTACK,US,Boston
45783,1,1.0,INFRA,2,STORM,US,
22997,0,1.0,,0,,,
32281,0,1.0,,0,,,
553,1,1.0,OTHER,1,STORM,US,"Norman, Oklahoma;Moore, Oklahoma"
37140,1,1.0,OTHER,1,ATTACK,US,Boston
4887,1,1.0,INFRA,2,FLOOD,AU,Queensland
8206,0,1.0,,0,,,
18924,1,1.0,SUPPORT,1,STORM,US,Oklahoma
25098,0,1.0,,0,,,
56818,0,1.0,,0,,,
26885,0,1.0,,0,,,
2760,0,1.0,,0,,,
16481,0,1.0,,0,,,
20821,1,1.0,AID,1,STORM,US,Oklahoma
23292,0,1.0,,0,,,
29833,0,1.0,,0,,,
59111,0,1.0,,0,,,
21457,0,1.0,,0,,,
47442,0,1.0,,0,,,
3854,0,1.0,,0,,,
19228,1,1.0,SUPPORT,1,ATTACK,US,Boston
20502,1,1.0,SUPPORT,1,ATTACK,US,Boston
15667,0,1.0,,0,,,
41378,0,1.0,,0,,,
17108,1,1.0,ADVISORY,2,FLOOD,AU,Brisbane;Queensland
13865,1,1.0,PROPERTY,2,FLOOD,AU,Queensland
1644,0,1.0,,0,,,
45912,0,1.0,,0,,,
57331,0,1.0,,0,,,
2484,1,1.0,INFRA,2,ATTACK,US,Boston
48181,0,1.0,,0,,,
15161,1,1.0,AID,1,FLOOD,PH,Philippines
5624,0,1.0,,0,,,
44643,1,1.0,PROPERTY,2,STORM,US,Moore
3696,0,1.0,,0,,,
41876,1,1.0,SUPPORT,1,ATTACK,US,Boston
42660,0,1.0,,0,,,
27610,1,1.0,OTHER,1,FLOOD,AU,Queensland
14417,0,1.0,,0,,,
53351,1,1.0,INFRA,2,FLOOD,AU,Queensland
8179,1,1.0,OTHER,1,ATTACK,US,Boston
8454,1,1.0,SUPPORT,1,STORM,US,Oklahoma
3758,0,1.0,,0,,,
32033,0,1.0,,0,,,
4442,1,1.0,ADVISORY,2,STORM,US,"Taloga, Oklahoma"
21416,0,1.0,,0,,,
46478,1,1.0,OTHER,1,ATTACK,US,Boston
5508,0,1.0,,0,,,
22583,0,1.0,,0,,,
45168,0,1.0,,0,,,
12492,0,1.0,,0,,,
24492,0,1.0,,0,,,
41977,1,1.0,SUPPORT,1,BLAST,US,"West, Texas"
52876,1,1.0,ADVISORY,2,FLOOD,AU,Moreton Bay
47176,1,1.0,SUPPORT,1,STORM,US,
27366,1,1.0,SUPPORT,1,ATTACK,US,Boston
42448,0,0.8888888888888888,,0,,,
682,1,0.8888888888888888,SUPPORT,1,OTHER,AU,
51706,1,1.0,OTHER,2,BLAST,US,"West, Texas"
15068,1,1.0,OTHER,1,ATTACK,US,Boston
21526,0,1.0,,0,,,
18472,0,1.0,,0,,,
38161,0,1.0,,0,,,
21573,0,1.0,,0,,,
15968,0,1.0,,0,,,
9171,1,1.0,SUPPORT,1,FLOOD,AU,Australia
59242,1,1.0,AID,1,FLOOD,AU,Queensland
50540,0,1.0,,0,,,
50855,1,1.0,OTHER,2,ATTACK,US,Boston
39749,1,1.0,OTHER,1,BLAST,US,"West, Texas;Waco, Texas"
35877,1,1.0,AID,1,BLAST,US,"West, Texas"
37620,0,1.0,,0,,,
40756,1,1.0,OTHER,2,BLAST,US,"West, Texas"
49841,0,1.0,,0,,,
27757,1,1.0,SUPPORT,1,ATTACK,US,Boston
29837,0,1.0,,0,,,
57630,1,1.0,OTHER,1,BLAST,US,"West, Texas"
28406,1,1.0,OTHER,1,ATTACK,US,Boston;Texas
22423,1,1.0,AID,1,STORM,US,"Moore, Oklahoma;Oklahoma"
29778,0,1.0,,0,,,
3456,1,1.0,SUPPORT,1,ATTACK,US,Boston
12900,1,1.0,SUPPORT,1,ATTACK,US,Boston
26741,1,1.0,HUMAN,2,CRASH,GB,Clutha bar;Scotland
6241,0,1.0,,0,,,
10546,1,1.0,SUPPORT,1,BLAST,US,"West, Texas"
21632,1,1.0,SUPPORT,1,BLAST,US,"West, Texas"
46596,1,1.0,SUPPORT,1,ATTACK,US,Boston
36365,1,0.8888888888888888,OTHER,1,ATTACK,US,Boston
40502,1,0.8888888888888888,OTHER,1,STORM,US,
55125,0,1.0,,0,,,
38675,1,1.0,INFRA,2,ATTACK,US,Boston
57970,1,1.0,OTHER,1,STORM,CA,Toronto
16802,1,1.0,SUPPORT,1,FLOOD,AU,Queensland;New South Wales
17854,1,1.0,AID,2,STORM,US,"Washington, D.C.;Maryland;Virginia"
46441,1,1.0,OTHER,1,STORM,US,Oklahoma
55117,1,1.0,OTHER,1,BLAST,US,"West, Texas;Waco, Texas"
25456,1,1.0,ADVISORY,1,STORM,US,"New Haven, Connecticut"
24211,1,1.0,INFRA,2,STORM,US,FDR Drive
36049,1,1.0,OTHER,1,STORM,US,"Hoboken, New Jersey"
30153,0,1.0,,0,,,
15364,0,1.0,,0,,,
29522,1,1.0,ADVISORY,1,STORM,US,
15562,1,1.0,HUMAN,2,BLAST,US,"Waco, Texas"
23270,0,1.0,,0,,,
53770,1,1.0,HUMAN,2,ATTACK,US,Boston
48078,0,1.0,,0,,,
40652,1,1.0,OTHER,1,BLAST,US,"West, Texas"
12831,1,1.0,HUMAN,1,STORM,US,Oklahoma
33858,0,1.0,,0,,,
1898,1,1.0,HUMAN,2,BLAST,US,"West, Texas;Waco, Texas"
24080,0,1.0,,0,,,
47163,1,1.0,OTHER,2,FLOOD,AU,Queensland
34898,1,1.0,OTHER,1,STORM,US,
13908,1,1.0,HUMAN,2,ATTACK,US,Boston
35586,0,1.0,,0,,,
12173,1,1.0,AID,2,STORM,US,"Moore, Oklahoma"
37539,1,1.0,AID,2,FLOOD,AU,Queensland
44264,1,1.0,INFRA,2,FIRE,AU,Sydney;Castlereagh Street;Park Street;Bathurst Street;Pitt Street
31954,1,1.0,OTHER,1,STORM,US,
46503,0,1.0,,0,,,
58185,1,1.0,AID,1,STORM,US,Oklahoma
18566,1,1.0,HUMAN,2,FLOOD,AU,Australia
57855,0,1.0,,0,,,
41319,0,1.0,,0,,,
26922,0,1.0,,0,,,
32608,1,1.0,OTHER,2,ATTACK,US,Boston
45462,1,1.0,HUMAN,2,ATTACK,US,Boston
631,0,1.0,,0,,,
42639,0,0.8888888888888888,,0,,,
3967,1,1.0,SUPPORT,1,STORM,US,Oklahoma
46555,0,1.0,,0,,,
27471,0,1.0,,0,,,
58987,1,1.0,AID,1,BLAST,US,"West, Texas"
29089,1,1.0,OTHER,1,STORM,US,
57477,0,1.0,,0,,,
24442,1,0.8888888888888888,SUPPORT,1,OTHER,US,
28900,1,1.0,OTHER,1,FLOOD,AU,Australia
49936,1,1.0,AID,1,STORM,US,"Moore, Oklahoma"
34969,0,1.0,,0,,,
260,0,1.0,,0,,,
36300,0,1.0,,0,,,
14813,1,1.0,INFRA,2,STORM,US,
49267,1,1.0,HUMAN,3,ATTACK,US,Boston
15637,0,1.0,,0,,,
33282,1,1.0,PROPERTY,2,STORM,US,Breezy Point
27396,0,1.0,,0,,,
20455,1,1.0,OTHER,1,STORM,US,
42039,0,1.0,,0,,,
42499,1,1.0,OTHER,1,ATTACK,US,Boston
49639,1,1.0,AID,2,STORM,US,Oklahoma
8891,1,1.0,OTHER,1,FLOOD,AU,Queensland
30491,1,1.0,AID,1,BLAST,US,"West, Texas"
53396,1,1.0,PROPERTY,1,BLAST,US,Texas
30593,0,1.0,,0,,,
16645,0,1.0,,0,,,
14706,1,1.0,OTHER,2,FLOOD,AU,Australia
30510,0,1.0,,0,,,
47116,1,0.8888888888888888,PROPERTY,2,STORM,US,
27284,1,1.0,ADVISORY,2,ATTACK,US,Watertown
39853,1,1.0,HUMAN,2,BLAST,US,West;Texas
19312,0,1.0,,0,,,
35598,1,0.8888888888888888,SUPPORT,1,STORM,US,Oklahoma City
57440,0,1.0,,0,,,
17966,1,1.0,OTHER,1,STORM,,
17570,1,1.0,OTHER,1,BLAST,US,Texas
15407,0,1.0,,0,,,
38776,0,1.0,,0,,,
36624,1,0.8888888888888888,INFRA,1,STORM,US,
55433,0,1.0,,0,,,
15104,0,1.0,,0,,,
5352,1,1.0,HUMAN,1,STORM,US,Plaza Towers
30725,1,1.0,HUMAN,1,STORM,US,Oklahoma
10509,0,1.0,,0,,,
16662,0,1.0,,0,,,
49561,1,1.0,OTHER,1,BLAST,US,Texas
60214,0,1.0,,0,,,
24381,1,0.8888888888888888,OTHER,1,STORM,US,
54889,0,1.0,,0,,,
9810,0,1.0,,0,,,
33678,1,0.8888888888888888,OTHER,1,STORM,US,
5068,0,1.0,,0,,,
32892,0,1.0,,0,,,
9573,1,1.0,PROPERTY,2,FLOOD,AU,Queensland;New South Wales
48813,0,1.0,,0,,,
38946,0,1.0,,0,,,
33424,0,0.8888888888888888,,0,,,
58515,1,1.0,AID,1,STORM,US,Oklahoma
11976,1,1.0,HUMAN,1,STORM,US,Oklahoma
14549,0,1.0,,0,,,
42289,1,1.0,AID,1,STORM,US,Moore;Oklahoma City
42642,0,1.0,,0,,,
49709,0,1.0,,0,,,
35345,0,1.0,,0,,,
24362,1,0.8888888888888888,SUPPORT,1,STORM,US,West Coast
36910,0,0.7777777777777778,,0,,,
36863,0,1.0,,0,,,
38981,0,1.0,,0,,,
31372,0,1.0,,0,,,
55032,1,1.0,SUPPORT,1,ATTACK,US,Boston
12410,1,1.0,OTHER,1,BLAST,US,Texas
51821,1,1.0,SUPPORT,1,BLAST,US,Texas
6681,1,1.0,OTHER,1,OTHER,CA,Toronto;British Columbia
25090,0,1.0,,0,,,
13321,0,0.8888888888888888,,0,,,
33587,0,1.0,,0,,,
41860,0,1.0,,0,,,
45726,0,1.0,,0,,,
54390,0,1.0,,0,,,
59153,1,1.0,HUMAN,2,BLAST,US,Texas;West
55727,0,1.0,,0,,,
16191,0,1.0,,0,,,
29920,0,1.0,,0,,,
52179,1,1.0,OTHER,1,BLAST,US,Texas;West Texas
28391,1,1.0,AID,1,STORM,US,
8610,0,1.0,,0,,,
27831,0,1.0,,0,,,
36326,1,1.0,HUMAN,2,FLOOD,AU,Australia
36217,0,1.0,,0,,,
2409,1,1.0,HUMAN,1,STORM,US,
10982,1,1.0,AID,1,STORM,US,Moore;Oklahoma;Tennessee
4930,0,1.0,,0,,,
47989,0,1.0,,0,,,
22235,0,1.0,,0,,,
50039,0,1.0,,0,,,
48276,0,1.0,,0,,,
6535,1,1.0,PROPERTY,1,STORM,US,Oklahoma
29490,0,1.0,,0,,,
10678,0,1.0,,0,,,
28422,1,1.0,ADVISORY,2,FLOOD,AU,Queensland
10698,0,1.0,,0,,,
54696,1,1.0,OTHER,1,STORM,US,
34519,1,1.0,PROPERTY,2,FLOOD,AU,Bundaberg
30198,0,1.0,,0,,,
3973,0,1.0,,0,,,
46137,0,1.0,,0,,,
28210,0,1.0,,0,,,
920,0,1.0,,0,,,
23045,0,1.0,,0,,,
57985,1,1.0,SUPPORT,1,ATTACK,US,Boston
56068,0,1.0,,0,,,
6636,1,1.0,SUPPORT,1,CRASH,GB,Glasgow
17598,0,1.0,,0,,,
23445,1,1.0,ADVISORY,2,STORM,AU,Gold Coast;Tweed
25842,1,1.0,HUMAN,1,STORM,US,Oklahoma
23336,0,1.0,,0,,,
27207,1,1.0,OTHER,1,STORM,US,Oklahoma City
6232,1,1.0,OTHER,1,ATTACK,US,Boston
20896,0,1.0,,0,,,
3480,0,1.0,,0,,,
2363,1,1.0,SUPPORT,1,ATTACK,US,Boston
37725,0,1.0,,0,,,
36441,0,1.0,,0,,,
2880,1,1.0,OTHER,1,STORM,US,
10752,0,1.0,,0,,,
47718,0,1.0,,0,,,
10464,1,1.0,AID,1,STORM,US,Oklahoma
35438,1,0.8888888888888888,SUPPORT,1,STORM,,
3333,0,1.0,,0,,,
29379,1,1.0,SUPPORT,1,STORM,US,Moore
6621,0,1.0,,0,,,
44574,0,1.0,,0,,,
16485,1,1.0,AID,1,STORM,US,Oklahoma
6442,1,0.8888888888888888,AID,1,STORM,US,
1126,0,1.0,,0,,,
22170,1,0.8888888888888888,OTHER,1,STORM,,
212,1,1.0,OTHER,1,FLOOD,AU,Australia
24634,1,0.7777777777777778,INFRA,2,STORM,,
43394,1,1.0,AID,1,STORM,US,
8791,1,1.0,OTHER,1,ATTACK,US,Boston
4551,0,1.0,,0,,,
43309,0,1.0,,0,,,
56469,0,1.0,,0,,,
16995,1,1.0,SUPPORT,1,STORM,US,Oklahoma
49310,0,1.0,,0,,,
14467,0,1.0,,0,,,
3078,1,0.8888888888888888,OTHER,1,STORM,,
43928,0,1.0,,0,,,
9681,1,1.0,ADVISORY,1,FLOOD,AU,Australia
8938,0,1.0,,0,,,
27206,0,1.0,,0,,,
457,1,1.0,SUPPORT,1,ATTACK,US,Boston
59207,0,1.0,,0,,,
30908,1,1.0,HUMAN,1,BLAST,US,West;Texas
10476,0,0.8888888888888888,,0,,,
22083,1,1.0,OTHER,1,STORM,,
9265,1,0.8888888888888888,AID,1,OTHER,US,
60625,0,1.0,,0,,,
12061,1,0.8888888888888888,ADVISORY,2,STORM,,
7141,0,1.0,,0,,,
9967,1,1.0,EVAC,3,BLAST,US,West;Hillsboro;Hill County
48958,0,1.0,,0,,,
36748,0,1.0,,0,,,
17005,0,1.0,,0,,,
36235,1,1.0,SUPPORT,1,ATTACK,US,Boston
24081,0,1.0,,0,,,
59992,1,1.0,OTHER,1,ATTACK,US,Boston
59946,0,1.0,,0,,,
27448,1,0.8888888888888888,OTHER,1,STORM,,
38086,1,1.0,PROPERTY,2,FLOOD,AU,Queensland
12684,0,1.0,,0,,,
58924,1,1.0,PROPERTY,1,BLAST,US,Texas
13204,0,1.0,,0,,,
8697,1,1.0,ADVISORY,2,FLOOD,AU,Brisbane
35752,1,1.0,OTHER,1,STORM,US,Florida;Canada
45728,0,1.0,,0,,,
23018,1,1.0,OTHER,1,STORM,AU,Coolum Beach
5425,0,1.0,,0,,,
60613,0,1.0,,0,,,
40932,1,1.0,AID,1,STORM,US,Oklahoma
54683,1,1.0,OTHER,1,ATTACK,US,Boston
37950,1,1.0,OTHER,1,BLAST,US,West;Texas;Waco
13506,1,1.0,SUPPORT,1,ATTACK,US,Boston
29559,1,1.0,SUPPORT,1,STORM,US,Oklahoma
51476,1,1.0,INFRA,2,FLOOD,AU,Kingaroy;Queensland
45270,1,1.0,HUMAN,2,BLAST,US,Texas
56084,1,1.0,SUPPORT,1,ATTACK,US,Boston
1726,1,1.0,OTHER,1,BLAST,US,Texas
51381,0,1.0,,0,,,
55236,1,1.0,INFRA,2,STORM,US,New York City
47598,1,1.0,AID,1,STORM,US,
17137,0,1.0,,0,,,
13150,1,1.0,HUMAN,2,BLAST,US,Texas;West
24306,1,0.8888888888888888,INFRA,1,STORM,,
24551,1,1.0,SUPPORT,1,ATTACK,US,Boston
58407,0,1.0,,0,,,
56673,1,1.0,AID,1,FLOOD,AU,Queensland;Australia
42569,0,1.0,,0,,,
2450,1,1.0,OTHER,1,BLAST,US,West;Texas
27730,0,1.0,,0,,,
25287,1,0.7777777777777778,OTHER,1,STORM,,
40129,0,1.0,,0,,,
43459,0,1.0,,0,,,
46508,0,1.0,,0,,,
20581,0,1.0,,0,,,
2243,1,1.0,SUPPORT,1,BLAST,US,West Texas
2551,0,1.0,,0,,,
24335,0,1.0,,0,,,
14681,0,1.0,,0,,,
58841,0,1.0,,0,,,
121,1,1.0,ADVISORY,1,FLOOD,AU,Brisbane;Australia
24719,0,1.0,,0,,,
42015,1,1.0,SUPPORT,1,STORM,US,Oklahoma
25475,1,1.0,SUPPORT,1,OTHER,US,Boston;Texas
52590,1,1.0,SUPPORT,1,STORM,,
51874,1,0.8888888888888888,OTHER,1,STORM,,
23944,1,1.0,OTHER,1,BLAST,US,Waco;Texas
46926,1,1.0,OTHER,1,ATTACK,US,Boston
53233,0,1.0,,0,,,
31386,1,1.0,NEEDS,3,STORM,US,Carney;Oklahoma
8117,0,1.0,,0,,,
12931,1,1.0,OTHER,1,ATTACK,US,Boston
31535,0,1.0,,0,,,
48020,1,1.0,SUPPORT,1,BLAST,US,West
22567,0,1.0,,0,,,
11901,1,1.0,OTHER,1,ATTACK,US,Boston
14726,0,1.0,,0,,,
24199,1,1.0,PROPERTY,2,BLAST,US,Texas
1635,0,0.7777777777777778,,0,,,
25705,1,1.0,OTHER,1,STORM,US,
26081,0,1.0,,0,,,
12290,0,1.0,,0,,,
1148,1,1.0,SUPPORT,1,FLOOD,,Australia;Mozambique;Africa
45847,0,1.0,,0,,,
55978,1,1.0,OTHER,1,ATTACK,US,Boston
14124,1,1.0,SUPPORT,1,ATTACK,US,Boston
47209,1,1.0,OTHER,1,ATTACK,US,Boston;Texas
25367,1,0.7777777777777778,OTHER,1,STORM,US,
25077,1,1.0,SUPPORT,1,STORM,US,Oklahoma
34948,1,0.8888888888888888,OTHER,1,FLOOD,,
49323,1,1.0,SUPPORT,1,STORM,PH,Philippines
6751,1,0.6666666666666666,OTHER,1,STORM,US,
42783,1,1.0,HUMAN,2,FLOOD,AU,Australia
2983,0,1.0,,0,,,
3705,1,1.0,SUPPORT,2,ATTACK,US,Boston
14072,0,1.0,,0,,,
59237,1,1.0,OTHER,1,STORM,,
51926,0,1.0,,0,,,
12737,0,1.0,,0,,,
38245,1,1.0,SUPPORT,1,ATTACK,US,Boston
55442,1,1.0,NEEDS,2,STORM,US,Oklahoma
22028,1,1.0,AID,1,STORM,US,Carney;Oklahoma
14216,1,1.0,PROPERTY,2,FLOOD,AU,Queensland;New South Wales
53190,1,1.0,OTHER,1,STORM,,
47510,1,0.6666666666666666,OTHER,2,ATTACK,US,
46128,1,1.0,AID,2,FLOOD,AU,Queensland;Australia
52373,0,0.8888888888888888,,0,,,
3076,1,1.0,SUPPORT,1,FLOOD,AU,Queensland
24417,1,1.0,HUMAN,3,ATTACK,US,Massachusetts Institute of Technology;Boston
46253,0,1.0,,0,,,
52009,0,0.6666666666666666,,0,,,
15840,1,1.0,SUPPORT,1,ATTACK,US,Boston
43764,1,1.0,SUPPORT,1,ATTACK,US,Boston
43853,1,1.0,OTHER,1,ATTACK,US,Boston
39306,1,1.0,HUMAN,2,BLAST,US,Texas
33308,0,1.0,,0,,,
14020,0,1.0,,0,,,
7264,1,1.0,OTHER,2,BLAST,US,Texas
2142,0,1.0,,0,,,
14285,0,1.0,,0,,,
576,1,1.0,AID,1,ATTACK,US,London;Boston
58197,0,1.0,,0,,,
21749,1,1.0,OTHER,1,ATTACK,US,Boston
16301,0,1.0,,0,,,
46649,1,1.0,OTHER,1,STORM,US,Oklahoma
32830,0,1.0,,0,,,
25970,0,1.0,,0,,,
19048,1,1.0,ADVISORY,2,STORM,AU,Brisbane
20733,0,1.0,,0,,,
52267,0,1.0,,0,,,
20767,0,1.0,,0,,,
22875,0,1.0,,0,,,
56810,1,1.0,INFRA,2,ATTACK,US,Logan International Airport;Boston
47406,0,1.0,,0,,,
15602,1,1.0,OTHER,1,STORM,,
8483,1,1.0,AID,1,STORM,US,Choctaw;Moore
54078,0,1.0,,0,,,
52996,1,1.0,SUPPORT,1,ATTACK,US,Boston
23485,0,1.0,,0,,,
30950,0,1.0,,0,,,
18719,0,1.0,,0,,,
42817,0,1.0,,0,,,
25427,1,1.0,HUMAN,2,BLAST,US,West;Texas
10613,1,1.0,OTHER,1,ATTACK,US,Boston
37383,1,1.0,HUMAN,1,ATTACK,US,Boston
39837,1,1.0,EVAC,2,STORM,,
3028,1,1.0,SUPPORT,1,STORM,US,Oklahoma
16316,1,1.0,SUPPORT,1,STORM,US,Oklahoma
26408,1,1.0,SUPPORT,1,FLOOD,AU,Queensland
49029,0,1.0,,0,,,
7750,1,1.0,OTHER,2,BLAST,US,Waco;Texas
48879,1,1.0,SUPPORT,1,ATTACK,US,Boston
28085,1,1.0,PROPERTY,1,STORM,,
42560,0,1.0,,0,,,
53697,1,1.0,SUPPORT,1,STORM,US,New York
4747,0,1.0,,0,,,
55679,0,1.0,,0,,,
40541,1,1.0,SUPPORT,1,ATTACK,US,Boston
35908,1,1.0,SUPPORT,2,FIRE,US,Colorado
26393,1,1.0,AID,1,STORM,US,Oklahoma City
20338,0,1.0,,0,,,
18479,0,1.0,,0,,,
31781,0,1.0,,0,,,
27745,0,1.0,,0,,,
34606,1,1.0,OTHER,2,ATTACK,,
16232,0,1.0,,0,,,
57160,0,1.0,,0,,,
35837,1,1.0,AID,1,STORM,US,Oklahoma
56509,0,1.0,,0,,,
3176,0,1.0,,0,,,
32005,0,1.0,,0,,,
13,1,0.8888888888888888,OTHER,1,STORM,,
27761,1,1.0,OTHER,1,ATTACK,US,Boston
46818,1,1.0,SUPPORT,2,ATTACK,US,Watertown
20847,1,1.0,OTHER,1,ATTACK,US,Boston
26540,1,1.0,PROPERTY,2,STORM,US,Moore
44177,0,1.0,,0,,,
59284,0,1.0,,0,,,
43874,0,1.0,,0,,,
15213,1,1.0,SUPPORT,1,BLAST,US,Texas
1071,1,1.0,AID,1,BLAST,US,West
38008,1,1.0,ADVISORY,2,STORM,,
17189,1,1.0,OTHER,1,STORM,US,Oklahoma
57179,0,1.0,,0,,,
48660,1,1.0,HUMAN,3,BLAST,US,Texas
41113,1,1.0,ADVISORY,3,ATTACK,US,Boston
28984,0,1.0,,0,,,
8194,0,1.0,,0,,,
28279,1,1.0,HUMAN,2,FLOOD,AU,Australia
47084,0,1.0,,0,,,
10707,1,1.0,SUPPORT,1,BLAST,US,West
38078,1,1.0,OTHER,1,BLAST,US,Waco;Texas
39343,1,1.0,OTHER,1,STORM,,
15181,1,1.0,HUMAN,2,BLAST,US,Texas
28215,0,1.0,,0,,,
49736,1,0.8888888888888888,NEEDS,3,OTHER,,
48865,1,1.0,OTHER,1,STORM,,
20007,0,1.0,,0,,,
1577,0,1.0,,0,,,
9981,1,1.0,OTHER,1,STORM,,
58085,1,1.0,HUMAN,1,ATTACK,,
25779,1,1.0,NEEDS,3,ATTACK,US,Boston
39479,1,1.0,HUMAN,2,BLAST,US,Texas
21156,0,0.8888888888888888,,0,,,
31164,1,1.0,SUPPORT,1,STORM,,
44777,1,1.0,ADVISORY,2,STORM,US,Moore
37617,1,1.0,AID,1,ATTACK,US,Boston
18239,1,1.0,SUPPORT,1,STORM,,
53229,0,1.0,,0,,,
35029,0,1.0,,0,,,
61082,0,1.0,,0,,,
36167,1,1.0,SUPPORT,1,ATTACK,US,Boston
28183,0,1.0,,0,,,
1710,1,1.0,ADVISORY,2,ATTACK,US,
30133,1,1.0,SUPPORT,1,BLAST,US,Waco;West;Texas
9706,1,1.0,OTHER,1,STORM,,
39011,0,1.0,,0,,,
10711,1,1.0,PROPERTY,2,FIRE,US,Brick
47623,0,1.0,,0,,,
46063,1,1.0,OTHER,2,ATTACK,US,Watertown
29346,0,1.0,,0,,,
56391,1,1.0,OTHER,1,STORM,US,New Jersey;New York
17414,0,1.0,,0,,,
36869,0,1.0,,0,,,
58222,1,1.0,OTHER,1,STORM,US,Oklahoma
10689,1,1.0,OTHER,2,FLOOD,AU,Brisbane;Queensland
3283,1,1.0,SUPPORT,1,STORM,US,Moore;Oklahoma
25890,1,1.0,PROPERTY,2,FLOOD,AU,Queensland;New South Wales
2613,1,1.0,SUPPORT,1,BLAST,US,West
55303,1,1.0,HUMAN,1,STORM,US,
40408,0,1.0,,0,,,
2253,0,0.8888888888888888,,0,,,
2320,1,1.0,OTHER,1,ATTACK,US,America;Boston;Texas;Massachusetts Institute of Technology
22561,1,1.0,OTHER,1,ATTACK,US,Boston
12905,0,1.0,,0,,,
9387,1,1.0,ADVISORY,2,ATTACK,US,Boston
46360,1,1.0,PROPERTY,2,FLOOD,AU,New South Wales;Queensland
24804,0,0.8888888888888888,,0,,,
47838,1,1.0,OTHER,2,ATTACK,US,Copley Square;JFK;Tufts University;Newton
32136,1,1.0,AID,2,ATTACK,US,Boston
6568,0,1.0,,0,,,
19386,0,1.0,,0,,,
22134,0,0.8888888888888888,,0,,,
30958,0,1.0,,0,,,
21219,0,1.0,,0,,,
1263,1,1.0,SUPPORT,1,ATTACK,US,Boston
30787,1,1.0,OTHER,1,STORM,,
27495,0,1.0,,0,,,
53095,0,1.0,,0,,,
2496,0,1.0,,0,,,
47421,0,1.0,,0,,,
60016,0,1.0,,0,,,
57499,1,1.0,AID,1,STORM,US,Owasso
44876,1,1.0,SUPPORT,2,STORM,,
30608,0,1.0,,0,,,
41264,0,1.0,,0,,,
18550,1,1.0,SUPPORT,1,STORM,US,Oklahoma
39162,0,1.0,,0,,,
35745,1,1.0,INFRA,2,STORM,,
25771,0,1.0,,0,,,
32225,1,1.0,SUPPORT,1,STORM,US,Moore
55110,0,1.0,,0,,,
36722,0,1.0,,0,,,
28247,1,1.0,AID,1,BLAST,US,West;Texas
29055,1,1.0,PROPERTY,3,BLAST,US,West;Texas
49373,0,1.0,,0,,,
38063,1,1.0,OTHER,1,ATTACK,US,Boston
51313,1,1.0,OTHER,1,ATTACK,US,Boston
43873,1,1.0,HUMAN,2,FIRE,SG,Indonesia;Singapore
16088,1,1.0,OTHER,1,STORM,US,Oklahoma
33976,1,1.0,SUPPORT,1,STORM,US,Oklahoma
28315,0,1.0,,0,,,
11070,0,1.0,,0,,,
24718,0,1.0,,0,,,
54904,0,1.0,,0,,,
50851,0,0.8888888888888888,,0,,,
11172,1,1.0,PROPERTY,1,STORM,US,Moore;Oklahoma
6002,0,1.0,,0,,,
32448,1,0.8888888888888888,OTHER,1,STORM,US,
27429,0,1.0,,0,,,
47630,1,1.0,OTHER,1,STORM,US,
53935,1,1.0,OTHER,1,QUAKE,GT,Guatemala
3239,1,1.0,HUMAN,2,FLOOD,AU,Australia
34987,0,1.0,,0,,,
4555,1,1.0,OTHER,1,FLOOD,AU,Queensland
28330,1,1.0,OTHER,1,ATTACK,US,Boston
25553,1,1.0,SUPPORT,1,BLAST,US,West Texas
13578,1,1.0,ADVISORY,2,ATTACK,US,Boston
11482,0,1.0,,0,,,
51502,0,1.0,,0,,,
41894,1,1.0,OTHER,1,STORM,US,
21684,1,1.0,OTHER,1,FLOOD,AU,Australia
12629,1,1.0,HUMAN,1,STORM,US,Oklahoma
6108,1,1.0,SUPPORT,1,BLAST,US,West;Texas
26104,0,1.0,,0,,,
50689,1,1.0,AID,1,STORM,US,Oklahoma
37428,1,0.8888888888888888,OTHER,1,BLAST,US,West;West Middle School
19820,0,0.8888888888888888,,0,,,
43632,1,1.0,OTHER,1,FLOOD,AU,Queensland
11678,0,1.0,,0,,,
13294,0,1.0,,0,,,
11507,1,1.0,AID,1,STORM,US,Oklahoma City;Moore
7308,1,1.0,OTHER,1,STORM,US,
58371,1,0.7777777777777778,SUPPORT,1,STORM,US,Oklahoma
10801,1,1.0,SUPPORT,1,STORM,US,New York City
45298,1,1.0,OTHER,1,FLOOD,AU,Brisbane;Australia
24841,1,0.7777777777777778,OTHER,1,FLOOD,AU,Queensland
2139,0,1.0,,0,,,
9403,0,1.0,,0,,,
55661,1,1.0,SUPPORT,1,ATTACK,US,Boston
35793,1,0.8888888888888888,SUPPORT,1,BLAST,US,West
25908,0,1.0,,0,,,
60578,1,1.0,OTHER,1,STORM,US,Moore
8883,0,1.0,,0,,,
23613,1,1.0,HUMAN,1,ATTACK,US,Boston;MIT
35196,0,1.0,,0,,,
48582,1,0.7777777777777778,INFRA,2,FLOOD,AU,
36043,1,1.0,OTHER,1,BLAST,US,Waco;Texas
47428,1,1.0,HUMAN,2,STORM,US,Atlantic
60612,1,1.0,SUPPORT,2,BLAST,US,Texas;Boston
50183,1,1.0,SUPPORT,1,ATTACK,US,Boston
30450,1,0.8888888888888888,INFRA,1,ATTACK,US,Boston;Logan International Airport
1890,1,1.0,SUPPORT,1,ATTACK,US,Boston
3112,0,1.0,,0,,,
55988,1,1.0,AID,1,STORM,US,Oklahoma
56237,0,1.0,,0,,,
41666,0,1.0,,0,,,
5363,1,1.0,SUPPORT,1,STORM,US,Oklahoma
7567,0,1.0,,0,,,
34070,0,1.0,,0,,,
52819,0,1.0,,0,,,
11179,1,1.0,SUPPORT,1,STORM,US,New York;America
55524,1,1.0,HUMAN,2,BLAST,US,Texas
8967,0,1.0,,0,,,
9909,0,1.0,,0,,,
57070,1,1.0,SUPPORT,1,BLAST,US,Texas
36229,1,1.0,AID,1,STORM,US,Oklahoma
1862,1,1.0,ADVISORY,2,STORM,US,Maryland
18580,0,1.0,,0,,,
9253,0,1.0,,0,,,
15818,0,1.0,,0,,,
60628,1,1.0,OTHER,1,STORM,US,United States
24541,1,1.0,OTHER,2,STORM,US,
60471,0,1.0,,0,,,
13555,1,1.0,ADVISORY,2,FLOOD,AU,Brisbane;Queensland
46409,0,1.0,,0,,,
40157,0,1.0,,0,,,
6284,1,1.0,HUMAN,2,BLAST,US,Texas;Waco
24105,1,1.0,SUPPORT,1,ATTACK,US,Boston
42364,0,1.0,,0,,,
10372,1,1.0,ADVISORY,1,BLAST,US,Texas
26634,1,1.0,PROPERTY,2,FLOOD,AU,Mary River;Maryborough
60905,0,1.0,,0,,,
23510,1,1.0,OTHER,1,BLAST,US,Boston;Texas
16619,0,1.0,,0,,,
46489,1,1.0,OTHER,1,STORM,US,
41071,0,1.0,,0,,,
36566,1,1.0,OTHER,1,STORM,US,Connecticut
2935,0,0.8888888888888888,,0,,,
51880,1,1.0,SUPPORT,1,STORM,US,Oklahoma
50995,1,1.0,OTHER,1,STORM,US,America
32556,1,1.0,OTHER,1,STORM,US,
31872,0,1.0,,0,,,
43043,0,1.0,,0,,,
11771,1,1.0,HUMAN,2,FLOOD,AU,Queensland
10149,1,1.0,OTHER,2,ATTACK,US,Boston
60784,1,1.0,SUPPORT,1,STORM,US,New York;Massachusetts
37992,1,1.0,PROPERTY,1,FLOOD,AU,Australia
41074,0,1.0,,0,,,
2972,1,1.0,SUPPORT,1,ATTACK,US,Boston
42500,0,1.0,,0,,,
28343,1,1.0,HUMAN,3,OTHER,US,Boston
48177,0,1.0,,0,,,
19236,1,1.0,ADVISORY,2,FLOOD,AU,Queensland;Macintyre River;Weir River;Border Rivers
40226,1,1.0,HUMAN,1,ATTACK,US,Boston
26233,0,1.0,,0,,,
9505,0,1.0,,0,,,
36609,1,1.0,ADVISORY,2,FLOOD,AU,Logan River;Queensland;Old Pacific Highway Bridge
38122,1,0.7777777777777778,SUPPORT,1,FLOOD,AU,
13705,0,1.0,,0,,,
39543,1,1.0,OTHER,1,ATTACK,US,Boston
47846,1,1.0,INFRA,1,STORM,US,Moore;Oklahoma
28419,0,1.0,,0,,,
7359,0,1.0,,0,,,
37174,1,1.0,ADVISORY,2,ATTACK,US,Boston
18411,1,1.0,AID,1,STORM,US,Moore;Oklahoma;Minnesota
54866,1,1.0,SUPPORT,1,STORM,US,Moore;Oklahoma
45962,1,1.0,ADVISORY,2,STORM,US,Moore;Animal Resource Center
49391,0,1.0,,0,,,
34793,0,1.0,,0,,,
918,0,1.0,,0,,,
24406,1,1.0,HUMAN,3,ATTACK,US,Boston;MIT
60845,1,1.0,OTHER,1,OTHER,,
50916,1,0.8888888888888888,OTHER,1,STORM,US,
31165,0,1.0,,0,,,
20532,0,1.0,,0,,,
4742,0,1.0,,0,,,
38915,1,1.0,SUPPORT,1,ATTACK,US,Boston
9875,1,1.0,SUPPORT,1,ATTACK,US,Boston
33436,1,1.0,NEEDS,2,STORM,US,
5420,1,1.0,HUMAN,2,FLOOD,AU,Queensland
57860,1,1.0,ADVISORY,1,ATTACK,US,Boston
55870,0,1.0,,0,,,
46370,0,1.0,,0,,,
24598,0,1.0,,0,,,
43412,1,1.0,ADVISORY,1,STORM,US,
14533,1,1.0,PROPERTY,2,FLOOD,AU,Australia
33576,1,1.0,SUPPORT,1,ATTACK,US,Boston
26270,0,1.0,,0,,,
41945,1,1.0,SUPPORT,1,BLAST,US,Texas
9968,0,1.0,,0,,,
35123,0,1.0,,0,,,
24242,1,1.0,AID,1,BLAST,US,West Texas
14723,1,1.0,PROPERTY,2,STORM,US,Tuckerton Creek
1887,1,1.0,OTHER,2,ATTACK,US,Boston
33729,1,1.0,OTHER,1,STORM,US,
38706,1,1.0,ADVISORY,2,ATTACK,US,Boston
29211,0,1.0,,0,,,
33779,1,1.0,HUMAN,2,STORM,US,Oklahoma
29826,0,1.0,,0,,,
16228,1,1.0,SUPPORT,1,STORM,US,Oklahoma
55780,0,0.7777777777777778,,0,,,
37192,1,1.0,INFRA,1,ATTACK,US,Boston
15291,0,1.0,,0,,,
801,1,1.0,OTHER,1,ATTACK,US,Boston
2499,1,1.0,OTHER,1,STORM,US,New York City
58444,0,1.0,,0,,,
18806,1,1.0,NEEDS,1,STORM,US,
43806,1,1.0,SUPPORT,1,ATTACK,US,Boston
38940,1,1.0,INFRA,2,STORM,US,
1600,1,1.0,SUPPORT,1,ATTACK,US,Boston
6836,1,1.0,OTHER,1,BLAST,US,Waco
51731,0,1.0,,0,,,
13282,0,1.0,,0,,,
14780,0,1.0,,0,,,
19998,0,1.0,,0,,,
60452,0,1.0,,0,,,
33861,1,1.0,SUPPORT,1,BLAST,US,Boston;West Texas
22189,1,1.0,OTHER,1,STORM,US,Oklahoma
58230,0,1.0,,0,,,
11807,0,1.0,,0,,,
37297,0,1.0,,0,,,
31874,0,1.0,,0,,,
50687,1,1.0,SUPPORT,2,STORM,US,Oklahoma
25279,0,1.0,,0,,,
16145,0,1.0,,0,,,
3520,1,1.0,ADVISORY,2,STORM,US,
12647,0,1.0,,0,,,
53036,1,1.0,INFRA,1,STORM,US,
16230,1,1.0,INFRA,2,ATTACK,US,Boston
56181,0,1.0,,0,,,
5794,1,1.0,SUPPORT,1,STORM,US,New York City;East Coast
23495,1,1.0,OTHER,1,ATTACK,US,Boston
4408,0,1.0,,0,,,
54424,1,1.0,ADVISORY,3,ATTACK,US,Watertown
7928,1,1.0,OTHER,1,ATTACK,US,Boston
1934,0,1.0,,0,,,
24102,1,1.0,HUMAN,2,BLAST,US,Texas
29706,0,1.0,,0,,,
59784,0,1.0,,0,,,
40542,1,1.0,INFRA,1,ATTACK,US,Boston
21599,1,1.0,ADVISORY,2,STORM,US,
47244,0,1.0,,0,,,
4780,0,1.0,,0,,,
35001,1,1.0,INFRA,2,STORM,US,
51268,1,1.0,NEEDS,2,FLOOD,PH,Philippines
1149,1,1.0,OTHER,1,STORM,US,
59273,1,1.0,OTHER,1,BLAST,US,West;Texas
39863,0,1.0,,0,,,
22273,1,1.0,SUPPORT,1,STORM,US,Oklahoma
59888,0,1.0,,0,,,
2403,1,1.0,NEEDS,2,FLOOD,PH,Philippines
4927,0,0.8888888888888888,,0,,,
33683,1,1.0,ADVISORY,2,STORM,US,North Texas;Dallas-Fort Worth
23521,1,1.0,HUMAN,2,BLAST,US,Waco;Texas;Hillcrest Baptist Medical Center
54847,0,1.0,,0,,,
47983,1,1.0,OTHER,2,ATTACK,US,Boston
53138,1,1.0,AID,1,STORM,US,Oklahoma
6405,1,1.0,PROPERTY,2,FLOOD,US,New York City;World Trade Center
7691,0,1.0,,0,,,
7256,1,1.0,INFRA,2,STORM,US,Oklahoma
29883,0,1.0,,0,,,
28511,1,1.0,SUPPORT,1,STORM,US,Oklahoma
39555,0,1.0,,0,,,
25402,0,1.0,,0,,,
55923,0,1.0,,0,,,
18124,1,1.0,OTHER,1,STORM,US,
4823,1,1.0,HUMAN,1,ATTACK,US,Boston
38631,0,1.0,,0,,,
54782,0,1.0,,0,,,
48912,1,1.0,HUMAN,1,ATTACK,US,Boston
49320,0,1.0,,0,,,
24129,1,1.0,HUMAN,1,STORM,US,Oklahoma
25521,0,1.0,,0,,,
55631,0,1.0,,0,,,
40230,0,1.0,,0,,,
20440,0,0.5555555555555556,,0,,,
20864,0,1.0,,0,,,
14823,1,1.0,OTHER,1,ATTACK,US,Boston
18410,0,1.0,,0,,,
10857,1,1.0,OTHER,1,STORM,US,
29907,0,1.0,,0,,,
55804,1,1.0,HUMAN,2,BLAST,US,Texas
18247,1,1.0,SUPPORT,1,STORM,US,Oklahoma
48691,0,1.0,,0,,,
53222,1,1.0,PROPERTY,2,STORM,US,
55611,0,1.0,,0,,,
10679,1,1.0,SUPPORT,1,ATTACK,US,Boston
31240,1,1.0,SUPPORT,1,ATTACK,US,Boston
20492,1,1.0,SUPPORT,1,BLAST,US,Texas
51483,0,1.0,,0,,,
9533,0,1.0,,0,,,
41629,0,1.0,,0,,,
1050,1,1.0,OTHER,1,STORM,US,Oklahoma
671,1,1.0,OTHER,1,ATTACK,US,Boston
55314,0,1.0,,0,,,
10138,1,1.0,OTHER,1,OTHER,AU,Queensland
22885,1,1.0,HUMAN,2,FLOOD,AU,Queensland
57089,0,1.0,,0,,,
14618,0,1.0,,0,,,
15642,0,1.0,,0,,,
31443,1,1.0,ADVISORY,1,STORM,CA,Kawartha Lakes
59729,0,1.0,,0,,,
40877,1,1.0,ADVISORY,3,ATTACK,US,Boston;Massachusetts Institute of Technology
41216,0,1.0,,0,,,
28080,0,1.0,,0,,,
6389,1,1.0,OTHER,1,FLOOD,AU,Queensland
57009,0,1.0,,0,,,
56333,1,1.0,OTHER,1,FLOOD,AU,Queensland
50865,1,1.0,OTHER,1,STORM,US,Hudson River;Manhattan
45665,1,1.0,SUPPORT,1,ATTACK,US,Boston
20589,0,1.0,,0,,,
16032,1,1.0,OTHER,1,STORM,US,Putnam County
14277,0,1.0,,0,,,
18508,1,1.0,ADVISORY,1,STORM,US,
50958,1,1.0,OTHER,1,ATTACK,US,Boston
23447,1,1.0,SUPPORT,1,ATTACK,US,Boston
29965,0,1.0,,0,,,
57241,1,1.0,HUMAN,1,STORM,US,Oklahoma
54790,0,1.0,,0,,,
46420,1,1.0,PROPERTY,2,STORM,US,
41103,1,1.0,OTHER,1,STORM,US,
23526,0,1.0,,0,,,
55131,0,1.0,,0,,,
55992,1,1.0,AID,1,STORM,US,Oklahoma;Moore
31717,1,0.8888888888888888,SUPPORT,1,STORM,US,
51465,0,1.0,,0,,,
14191,0,1.0,,0,,,
49781,1,1.0,OTHER,1,BLAST,US,Waco
3825,1,1.0,HUMAN,1,BLAST,US,West;Texas
17114,0,1.0,,0,,,
45341,1,1.0,OTHER,1,BLAST,US,Texas
15536,1,1.0,SUPPORT,1,BLAST,US,Boston;Texas
7118,0,1.0,,0,,,
7976,1,1.0,SUPPORT,1,OTHER,,Boston;Iran
5889,1,1.0,OTHER,1,ATTACK,US,Boston
53927,0,1.0,,0,,,
21597,1,1.0,AID,1,ATTACK,US,Boston
12171,0,1.0,,0,,,
15804,1,1.0,OTHER,1,FLOOD,AU,Maryborough
28591,1,1.0,SUPPORT,1,STORM,US,Oklahoma
54792,1,1.0,SUPPORT,1,BLAST,US,Texas
31860,1,0.8888888888888888,PROPERTY,2,STORM,US,
7707,1,1.0,SUPPORT,1,STORM,US,Oklahoma
31398,0,1.0,,0,,,
34650,0,1.0,,0,,,
60414,1,1.0,OTHER,1,STORM,US,
36069,1,0.8888888888888888,PROPERTY,2,STORM,US,
32247,0,1.0,,0,,,
8462,1,1.0,SUPPORT,1,STORM,US,Oklahoma
11749,1,1.0,AID,1,BLAST,US,Bryan-College Station;West;Texas
49954,1,1.0,AID,1,STORM,US,Moore;Oklahoma
21959,1,1.0,HUMAN,1,BLAST,US,Texas
32210,1,1.0,OTHER,1,FLOOD,AU,Queensland
52227,0,1.0,,0,,,
10839,1,1.0,OTHER,1,ATTACK,US,Boston
24095,1,0.7777777777777778,ADVISORY,1,ATTACK,US,
11740,1,1.0,OTHER,2,STORM,US,New York City
47976,1,1.0,SUPPORT,1,STORM,US,Moore
10627,1,1.0,SUPPORT,1,BLAST,US,West;Texas
32029,1,1.0,OTHER,1,STORM,US,
55329,0,1.0,,0,,,
24312,1,1.0,OTHER,1,ATTACK,US,Boston
27353,0,1.0,,0,,,
8036,1,1.0,OTHER,1,ATTACK,US,Boston
41611,1,0.8888888888888888,OTHER,1,OTHER,,
9107,0,1.0,,0,,,
2426,1,1.0,INFRA,1,ATTACK,US,Back Bay;Boston
23033,1,1.0,OTHER,1,ATTACK,US,Boston
41268,1,1.0,ADVISORY,2,FLOOD,AU,Queensland
8249,0,1.0,,0,,,
2281,1,1.0,OTHER,1,FLOOD,AU,Australia
13941,1,1.0,OTHER,1,BLAST,US,West
168,0,1.0,,0,,,
55665,1,1.0,AID,1,FLOOD,AU,Queensland
24226,0,1.0,,0,,,
19544,1,1.0,HUMAN,2,STORM,US,Oklahoma City
56131,0,1.0,,0,,,
60097,0,1.0,,0,,,
23155,1,1.0,ADVISORY,3,STORM,US,New York City
14029,0,1.0,,0,,,
26945,0,1.0,,0,,,
5157,0,1.0,,0,,,
11981,0,1.0,,0,,,
22953,1,1.0,OTHER,1,STORM,US,Oklahoma
38353,1,1.0,OTHER,1,STORM,US,
58066,1,1.0,OTHER,1,STORM,US,
10682,1,1.0,OTHER,1,STORM,US,
16273,0,1.0,,0,,,
21345,0,1.0,,0,,,
38205,0,1.0,,0,,,
59305,0,1.0,,0,,,
12975,1,1.0,OTHER,1,STORM,US,
45090,0,1.0,,0,,,
10994,0,1.0,,0,,,
56100,0,0.5555555555555556,,0,,,
41263,0,1.0,,0,,,
25258,0,1.0,,0,,,
13244,0,0.7777777777777778,,0,,,
13166,1,1.0,SUPPORT,1,FLOOD,AU,Australia
32518,0,1.0,,0,,,
24066,0,1.0,,0,,,
48525,1,1.0,ADVISORY,3,ATTACK,US,Boston
6362,1,1.0,OTHER,1,BLAST,US,Waco;Texas
15329,0,1.0,,0,,,
38151,1,1.0,HUMAN,1,ATTACK,US,Boston
11718,1,1.0,OTHER,1,FLOOD,AU,Queensland
27857,1,1.0,OTHER,1,ATTACK,US,
49477,1,1.0,SUPPORT,1,ATTACK,US,Boston;New York City
42846,0,1.0,,0,,,
2444,0,1.0,,0,,,
23887,0,1.0,,0,,,
39656,0,1.0,,0,,,
14993,1,1.0,OTHER,1,STORM,,
32596,0,1.0,,0,,,
11510,0,1.0,,0,,,
21050,0,1.0,,0,,,
30732,0,1.0,,0,,,
16304,1,1.0,OTHER,1,BLAST,US,Waco;Texas
37310,0,1.0,,0,,,
12377,0,1.0,,0,,,
30707,1,1.0,HUMAN,2,FLOOD,AU,Lockyer Valley;Queensland
53638,1,1.0,OTHER,1,STORM,US,
40426,0,1.0,,0,,,
45717,1,1.0,INFRA,2,STORM,US,
1919,1,1.0,SUPPORT,1,STORM,US,
26960,0,1.0,,0,,,
11490,1,1.0,SUPPORT,1,ATTACK,US,Boston
33404,0,1.0,,0,,,
1651,0,1.0,,0,,,
32433,1,1.0,OTHER,1,BLAST,US,Boston;West;Texas
20673,1,1.0,ADVISORY,2,FLOOD,,
50537,0,1.0,,0,,,
9516,0,1.0,,0,,,
27066,1,1.0,OTHER,1,ATTACK,US,Boston
42957,1,1.0,OTHER,1,CRASH,BD,Bangladesh
33334,0,1.0,,0,,,
54376,1,1.0,SUPPORT,1,ATTACK,US,Boston
7023,0,1.0,,0,,,
18320,1,1.0,AID,1,BLAST,US,West;Texas
9311,0,1.0,,0,,,
37787,1,1.0,PROPERTY,2,STORM,US,Barnegat
53786,1,1.0,SUPPORT,1,ATTACK,US,Boston
1658,0,1.0,,0,,,
24276,1,1.0,ADVISORY,2,FLOOD,AU,Ormiston;Queensland
60533,1,1.0,HUMAN,2,BLAST,US,Texas
2149,0,1.0,,0,,,
43105,0,1.0,,0,,,
32886,0,1.0,,0,,,
9164,1,1.0,AID,1,STORM,US,Moore
22762,1,1.0,OTHER,1,BLAST,US,Texas
21305,1,1.0,OTHER,1,STORM,US,
23849,1,1.0,SUPPORT,1,OTHER,US,
11847,1,1.0,OTHER,1,STORM,US,New York City
40571,0,1.0,,0,,,
51357,0,1.0,,0,,,
27238,1,1.0,SUPPORT,1,ATTACK,US,Boston
24888,0,1.0,,0,,,
23602,1,1.0,SUPPORT,1,STORM,US,Oklahoma
6524,0,1.0,,0,,,
20738,1,1.0,OTHER,1,ATTACK,US,Boston
48387,1,1.0,SUPPORT,1,ATTACK,US,Boston;China
49031,0,1.0,,0,,,
45343,1,0.8888888888888888,SUPPORT,1,OTHER,,
18618,0,1.0,,0,,,
26678,1,1.0,AID,1,FLOOD,AU,Queensland
59265,1,1.0,AID,1,FIRE,BD,Bangladesh
35354,0,1.0,,0,,,
36054,0,1.0,,0,,,
29461,1,0.8888888888888888,SUPPORT,1,STORM,,
40886,0,0.8888888888888888,,0,,,
9139,1,1.0,OTHER,1,ATTACK,US,Boston
33153,1,1.0,OTHER,1,FLOOD,AU,Gympie
51408,1,1.0,HUMAN,2,BLAST,US,West;Texas
9868,1,1.0,ADVISORY,1,STORM,US,New York
1453,0,1.0,,0,,,
31503,1,1.0,OTHER,2,FLOOD,AU,Queensland
28004,1,1.0,HUMAN,2,FLOOD,IT,Sardinia
54903,1,1.0,OTHER,1,STORM,,
50567,1,1.0,ADVISORY,1,STORM,,
46350,0,0.7777777777777778,,0,,,
23702,0,1.0,,0,,,
7148,1,1.0,OTHER,1,BLAST,US,West;Texas
57165,1,1.0,SUPPORT,1,ATTACK,US,Boston
2707,1,1.0,INFRA,2,STORM,US,
45487,0,1.0,,0,,,
46341,1,1.0,OTHER,2,ATTACK,US,Boston
13522,1,1.0,AID,1,ATTACK,US,Boston
47077,0,1.0,,0,,,
9770,1,1.0,AID,1,FLOOD,AU,Queensland
53657,1,1.0,OTHER,1,ATTACK,US,Boston
12696,1,1.0,INFRA,2,FLOOD,US,86th Street;New York City
34936,1,1.0,ADVISORY,1,ATTACK,US,Baltimore;Boston
44608,1,1.0,ADVISORY,1,FLOOD,AU,Queensland
20361,0,1.0,,0,,,
34189,0,1.0,,0,,,
8685,1,1.0,OTHER,1,BLAST,US,Texas
6124,1,1.0,OTHER,1,ATTACK,US,Boston
56250,0,1.0,,0,,,
17915,1,1.0,ADVISORY,1,STORM,US,
24975,0,1.0,,0,,,
42622,0,1.0,,0,,,
5329,1,1.0,OTHER,1,BLAST,US,West;Texas
38344,1,1.0,HUMAN,2,FLOOD,AU,New South Wales;Queensland
12623,1,1.0,SUPPORT,1,STORM,US,Oklahoma
53733,0,1.0,,0,,,
15546,0,1.0,,0,,,
53856,1,1.0,HUMAN,2,BLAST,US,West;Texas
37113,1,1.0,SUPPORT,1,STORM,US,Oklahoma
18892,0,1.0,,0,,,
25124,1,1.0,AID,1,BLAST,US,Texas
56193,0,1.0,,0,,,
46353,1,1.0,OTHER,1,STORM,,
13684,1,1.0,HUMAN,1,ATTACK,US,Boston
25563,1,1.0,SUPPORT,1,STORM,US,Oklahoma
56321,1,1.0,SUPPORT,1,ATTACK,US,Boston
11136,0,1.0,,0,,,
48478,1,1.0,INFRA,2,STORM,US,34th Street
19382,1,1.0,OTHER,1,ATTACK,US,Boston
44625,1,1.0,HUMAN,2,ATTACK,US,Boston
21228,0,1.0,,0,,,
28758,1,1.0,AID,1,STORM,US,Shawnee
28807,1,1.0,OTHER,2,BLAST,US,Texas
24692,1,1.0,HUMAN,2,FLOOD,AU,New South Wales;Queensland
4940,1,0.7777777777777778,SUPPORT,1,BLAST,US,Texas
55307,1,1.0,OTHER,1,STORM,,
32342,1,1.0,OTHER,1,BLAST,US,West
51249,1,1.0,ADVISORY,2,STORM,US,Western Massachusetts;Connecticut;New York;Worcester
25072,1,1.0,OTHER,1,ATTACK,US,Boston
17831,0,1.0,,0,,,
3433,1,1.0,AID,1,ATTACK,US,Boston
51817,1,1.0,OTHER,1,ATTACK,US,Boston
7229,0,1.0,,0,,,
46701,0,1.0,,0,,,
17929,0,1.0,,0,,,
39923,0,1.0,,0,,,
25956,1,1.0,ADVISORY,2,FLOOD,AU,Australia
12673,0,1.0,,0,,,
13488,0,1.0,,0,,,
45656,1,0.8888888888888888,PROPERTY,2,STORM,,
13643,1,1.0,OTHER,1,ATTACK,US,Boston
47267,1,1.0,SUPPORT,1,STORM,US,New York City
31377,1,1.0,HUMAN,1,ATTACK,US,Boston
5249,0,1.0,,0,,,
13958,1,0.8888888888888888,OTHER,2,STORM,,
38341,0,1.0,,0,,,
19904,0,1.0,,0,,,
55954,0,1.0,,0,,,
56765,1,0.7777777777777778,SUPPORT,1,OTHER,,
58562,0,1.0,,0,,,
15131,1,1.0,SUPPORT,1,ATTACK,US,Boston
5924,1,1.0,PROPERTY,3,STORM,,
53514,0,1.0,,0,,,
11706,0,1.0,,0,,,
35386,0,1.0,,0,,,
17103,0,1.0,,0,,,
25837,1,1.0,SUPPORT,1,ATTACK,US,Boston
31729,0,1.0,,0,,,
10734,1,1.0,SUPPORT,1,ATTACK,US,Boston
1428,0,1.0,,0,,,
892,0,1.0,,0,,,
53247,1,1.0,OTHER,1,STORM,,
14376,1,1.0,OTHER,1,ATTACK,US,Boston
58693,0,1.0,,0,,,
47545,1,1.0,INFRA,2,FLOOD,AU,Queensland;New South Wales
16914,0,1.0,,0,,,
57311,0,1.0,,0,,,
39746,0,1.0,,0,,,
50060,1,1.0,SUPPORT,1,STORM,US,Oklahoma
33020,0,1.0,,0,,,
52736,1,1.0,NEEDS,1,STORM,US,
27612,0,1.0,,0,,,
8918,1,1.0,SUPPORT,1,STORM,US,New Jersey;New York
22800,0,0.8888888888888888,,0,,,
38294,1,1.0,PROPERTY,2,STORM,US,Moore;Oklahoma;Branson;Missouri
46471,0,1.0,,0,,,
57332,0,1.0,,0,,,
28405,0,1.0,,0,,,
44932,1,1.0,PROPERTY,1,STORM,US,Oklahoma
45175,0,1.0,,0,,,
1957,0,1.0,,0,,,
56336,0,1.0,,0,,,
55390,0,1.0,,0,,,
44877,1,1.0,OTHER,1,STORM,US,New Jersey
58399,1,1.0,OTHER,1,BLAST,US,Texas
56008,0,1.0,,0,,,
43727,0,1.0,,0,,,
4745,0,1.0,,0,,,
33780,1,1.0,NEEDS,2,STORM,US,
14393,1,1.0,OTHER,1,STORM,US,
1288,0,1.0,,0,,,
53616,0,1.0,,0,,,
26435,0,1.0,,0,,,
57753,0,1.0,,0,,,
28583,1,1.0,OTHER,1,ATTACK,US,Boston
24949,1,1.0,NEEDS,3,FLOOD,PH,18 Mais Street;Tumana;Marikina
42963,1,1.0,PROPERTY,1,STORM,US,Oklahoma
19402,1,1.0,ADVISORY,1,FLOOD,AU,New South Wales;Queensland
913,1,0.7777777777777778,SUPPORT,1,OTHER,,
38295,1,1.0,SUPPORT,1,BLAST,US,West;Texas
4427,1,1.0,OTHER,1,STORM,,
54125,1,1.0,OTHER,2,ATTACK,US,Boston
32285,0,1.0,,0,,,
38067,0,1.0,,0,,,
47058,1,1.0,OTHER,1,ATTACK,US,Boston
51803,0,1.0,,0,,,
14682,0,1.0,,0,,,
38109,1,1.0,OTHER,2,BLAST,US,
21006,1,1.0,SUPPORT,1,STORM,US,Oklahoma
18125,1,1.0,PROPERTY,2,STORM,US,The Greens At Moore Apartments;Moore
51951,1,1.0,HUMAN,1,STORM,PH,
1044,1,1.0,OTHER,1,BLAST,US,Texas
34790,0,1.0,,0,,,
18861,1,1.0,OTHER,1,ATTACK,US,Boston
1511,1,1.0,OTHER,1,STORM,,
31429,1,1.0,SUPPORT,1,STORM,,
41042,1,1.0,OTHER,1,ATTACK,US,Boston
35138,1,1.0,SUPPORT,1,BLAST,US,Texas
23683,0,1.0,,0,,,
58538,0,1.0,,0,,,
48941,1,1.0,OTHER,2,FLOOD,AU,Queensland
54245,0,1.0,,0,,,
52614,1,1.0,OTHER,1,STORM,US,Oklahoma
30015,0,1.0,,0,,,
13778,0,1.0,,0,,,
6001,1,0.8888888888888888,OTHER,1,STORM,,
13217,1,1.0,SUPPORT,1,BLAST,US,West;Texas
51353,1,1.0,OTHER,1,BLAST,US,West;Texas
23753,0,1.0,,0,,,
35643,1,1.0,OTHER,1,STORM,US,Ground Zero;New York City
13755,0,1.0,,0,,,
9404,0,1.0,,0,,,
29067,1,1.0,SUPPORT,1,ATTACK,US,Boston
58992,1,1.0,OTHER,2,STORM,,
49102,1,1.0,PROPERTY,2,STORM,US,Jamaica;New York
14802,0,1.0,,0,,,
51317,1,0.8888888888888888,PROPERTY,2,STORM,US,New York City
6549,0,1.0,,0,,,
36385,1,1.0,OTHER,1,ATTACK,US,Boston
39373,0,1.0,,0,,,
6588,0,1.0,,0,,,
18262,0,1.0,,0,,,
29037,1,1.0,OTHER,1,ATTACK,US,Boston
54966,1,1.0,OTHER,1,ATTACK,US,Boston
3585,1,1.0,OTHER,1,BLAST,US,Texas
8244,0,1.0,,0,,,
31206,1,1.0,NEEDS,1,STORM,,
44691,1,1.0,AID,1,FLOOD,AU,New South Wales;Australia
20851,0,1.0,,0,,,
37655,1,1.0,SUPPORT,1,ATTACK,US,Boston;Texas
2929,0,1.0,,0,,,
28106,1,1.0,HUMAN,2,ATTACK,US,Boston
39795,1,1.0,OTHER,1,STORM,US,
7751,0,1.0,,0,,,
52617,0,1.0,,0,,,
42600,0,1.0,,0,,,
5570,0,1.0,,0,,,
9627,1,1.0,OTHER,1,ATTACK,US,Boston
4047,0,1.0,,0,,,
7842,0,1.0,,0,,,
235,1,1.0,AID,1,STORM,US,Oklahoma
15420,1,1.0,SUPPORT,1,BLAST,US,West
19550,1,0.8888888888888888,OTHER,1,STORM,US,
48299,0,0.8888888888888888,,0,,,
56253,1,1.0,OTHER,1,FLOOD,AU,Australia
43529,1,1.0,OTHER,1,ATTACK,US,Boston
44758,0,1.0,,0,,,
32092,1,1.0,ADVISORY,1,STORM,CA,Canada
46174,0,1.0,,0,,,
30855,0,1.0,,0,,,
18870,0,1.0,,0,,,
27578,0,1.0,,0,,,
5126,1,1.0,PROPERTY,2,FLOOD,AU,Brisbane;Far North Queensland
12932,1,1.0,OTHER,1,FLOOD,AU,Australia
51177,1,1.0,SUPPORT,1,BLAST,US,West;Texas
18391,0,1.0,,0,,,
45116,0,0.8888888888888888,,0,,,
23468,1,1.0,OTHER,1,STORM,US,Moore;Oklahoma
54140,0,0.8888888888888888,,0,,,
59773,1,1.0,SUPPORT,1,BLAST,US,West;Texas
26504,1,1.0,HUMAN,1,FLOOD,AU,Australia
12902,0,1.0,,0,,,
11261,0,1.0,,0,,,
25441,1,1.0,SUPPORT,1,ATTACK,US,Boston
7905,0,1.0,,0,,,
59500,1,1.0,INFRA,2,STORM,,
5488,0,0.7777777777777778,,0,,,
54403,0,1.0,,0,,,
60122,1,1.0,AID,1,STORM,US,Moore
18428,0,1.0,,0,,,
41968,0,0.8888888888888888,,0,,,
32050,0,1.0,,0,,,
2598,0,1.0,,0,,,
18841,1,1.0,SUPPORT,1,STORM,US,Oklahoma
23902,1,1.0,PROPERTY,2,BLAST,US,Texas
19119,0,1.0,,0,,,
4913,1,1.0,PROPERTY,1,FLOOD,AU,New South Wales;Queensland
49929,0,1.0,,0,,,
52429,0,0.8888888888888888,,0,,,
39217,1,1.0,OTHER,1,BLAST,US,West
27524,0,0.7777777777777778,,0,,,
38403,0,1.0,,0,,,
41633,0,1.0,,0,,,
33199,0,1.0,,0,,,
38157,1,0.8888888888888888,OTHER,1,FLOOD,AU,Australia
28646,0,1.0,,0,,,
35640,0,1.0,,0,,,
10445,0,1.0,,0,,,
3084,0,1.0,,0,,,
54739,1,1.0,SUPPORT,1,ATTACK,US,Boston
41613,1,1.0,HUMAN,2,FLOOD,AU,Australia;Queensland;Bundaberg
24929,0,1.0,,0,,,
16955,0,0.7777777777777778,,0,,,
43691,0,1.0,,0,,,
45618,1,1.0,SUPPORT,1,BLAST,US,West
39364,0,0.7777777777777778,,0,,,
25398,0,1.0,,0,,,
20919,0,0.7777777777777778,,0,,,
46858,1,1.0,HUMAN,1,BLAST,US,West;Texas
5258,0,1.0,,0,,,
57218,0,1.0,,0,,,
31589,0,1.0,,0,,,
43734,0,1.0,,0,,,
11387,1,1.0,AID,1,STORM,US,Oklahoma
11209,0,1.0,,0,,,
12775,1,1.0,OTHER,1,ATTACK,US,Boston
3652,0,1.0,,0,,,
26585,0,0.8888888888888888,,0,,,
54888,1,1.0,OTHER,1,BLAST,US,West
59174,0,0.8888888888888888,,0,,,
1194,1,1.0,OTHER,1,ATTACK,US,Watertown
41688,0,1.0,,0,,,
22094,0,1.0,,0,,,
31078,0,1.0,,0,,,
54877,1,1.0,SUPPORT,1,ATTACK,US,Boston
49172,0,1.0,,0,,,
32251,1,1.0,INFRA,2,STORM,,
31176,1,0.8888888888888888,ADVISORY,1,STORM,US,
32156,0,1.0,,0,,,
41557,1,1.0,HUMAN,1,STORM,US,Oklahoma
53117,0,0.7777777777777778,,0,,,
54123,0,1.0,,0,,,
32691,1,1.0,SUPPORT,1,STORM,US,Oklahoma City
57441,0,1.0,,0,,,
12892,1,1.0,AID,1,ATTACK,US,Boston
44166,0,1.0,,0,,,
52814,1,1.0,PROPERTY,2,FLOOD,AU,Warrill Creek;Ipswich;Queensland
57409,1,1.0,SUPPORT,1,ATTACK,US,Boston
45508,0,1.0,,0,,,
16739,0,1.0,,0,,,
3666,1,1.0,SUPPORT,1,QUAKE,PH,Philippines
1563,1,1.0,OTHER,2,BLAST,US,West;Texas
20477,0,1.0,,0,,,
21291,1,1.0,SUPPORT,1,ATTACK,US,Boston
51269,0,0.7777777777777778,,0,,,
3032,0,1.0,,0,,,
29620,0,1.0,,0,,,
28349,1,1.0,OTHER,2,ATTACK,US,Boylston Street;Boston
35949,1,0.8888888888888888,OTHER,1,BLAST,US,West;Texas
24642,1,0.8888888888888888,ADVISORY,1,STORM,,
37493,1,0.8888888888888888,PROPERTY,2,STORM,,
57705,1,1.0,OTHER,1,ATTACK,US,Boston
31438,0,0.8888888888888888,,0,,,
41735,0,1.0,,0,,,
49188,0,0.8888888888888888,,0,,,
37714,0,1.0,,0,,,
35331,1,1.0,ADVISORY,1,STORM,US,Statue of Liberty;Central Park;New York City
28879,0,1.0,,0,,,
5373,0,1.0,,0,,,
848,0,1.0,,0,,,
27106,1,1.0,OTHER,1,STORM,US,
44662,1,1.0,OTHER,1,BLAST,US,Texas
16496,0,1.0,,0,,,
38595,0,1.0,,0,,,
36002,1,1.0,PROPERTY,1,STORM,US,New Jersey
56162,1,1.0,SUPPORT,1,BLAST,US,Waco;Texas
21026,1,1.0,OTHER,1,ATTACK,US,Copley Square;Boston
45084,1,0.7777777777777778,ADVISORY,1,ATTACK,US,South End;Boston
6280,1,1.0,OTHER,1,BLAST,US,Texas City;West
28152,0,1.0,,0,,,
56230,1,1.0,OTHER,1,BLAST,CA,Lac-Mégantic
14472,0,1.0,,0,,,
58978,1,1.0,OTHER,1,BLAST,US,West
32536,0,1.0,,0,,,
1972,0,1.0,,0,,,
50346,1,1.0,PROPERTY,2,FLOOD,US,East River
31895,1,1.0,AID,1,STORM,US,Moore
28020,0,1.0,,0,,,
9199,0,1.0,,0,,,
15706,0,1.0,,0,,,
33652,1,1.0,HUMAN,2,ATTACK,US,Boston
44754,1,1.0,HUMAN,1,STORM,US,
52333,0,0.8888888888888888,,0,,,
59373,0,0.7777777777777778,,0,,,
44732,0,1.0,,0,,,
55633,0,1.0,,0,,,
52940,0,0.8888888888888888,,0,,,
20890,1,1.0,SUPPORT,1,FLOOD,AU,Queensland
56063,0,1.0,,0,,,
56497,0,1.0,,0,,,
38864,0,1.0,,0,,,
50710,1,1.0,HUMAN,2,STORM,US,Moore;Oklahoma
19595,0,1.0,,0,,,
8686,0,1.0,,0,,,
23112,0,1.0,,0,,,
20128,1,1.0,OTHER,1,BLAST,US,West
20496,1,1.0,AID,1,BLAST,US,West
31099,1,1.0,OTHER,2,BLAST,US,Texas
20024,1,1.0,SUPPORT,1,BLAST,US,West
48999,0,1.0,,0,,,
18150,1,0.8888888888888888,ADVISORY,1,FLOOD,,
10333,0,1.0,,0,,,
17995,1,1.0,SUPPORT,1,ATTACK,US,Boston
8870,0,1.0,,0,,,
14123,0,1.0,,0,,,
46418,1,1.0,HUMAN,2,FLOOD,AU,Queensland
12164,0,1.0,,0,,,
26664,1,1.0,SUPPORT,1,BLAST,US,West
47521,0,1.0,,0,,,
5925,1,1.0,SUPPORT,1,OTHER,US,Boston;Texas
37560,0,1.0,,0,,,
14203,0,1.0,,0,,,
41780,0,1.0,,0,,,
5323,0,1.0,,0,,,
14096,0,1.0,,0,,,
32036,0,0.8888888888888888,,0,,,
12744,1,1.0,SUPPORT,1,FLOOD,AU,Gold Coast;Queensland
39723,0,0.8888888888888888,,0,,,
33402,1,1.0,HUMAN,2,BLAST,US,Waco;Texas
5482,1,1.0,PROPERTY,2,FLOOD,AU,Bundaberg;Australia
38084,0,1.0,,0,,,
24720,0,1.0,,0,,,
2435,0,1.0,,0,,,
1354,1,1.0,PROPERTY,2,FLOOD,AU,Queensland
58737,1,1.0,HUMAN,2,BLAST,US,Texas
8347,0,1.0,,0,,,
19243,0,1.0,,0,,,
49825,1,1.0,SUPPORT,1,STORM,US,Oklahoma
54190,0,0.8888888888888888,,0,,,
11085,1,1.0,OTHER,2,BLAST,US,Texas
34706,0,1.0,,0,,,
36614,1,1.0,SUPPORT,1,FLOOD,AU,Australia
28952,0,1.0,,0,,,
14002,0,1.0,,0,,,
7694,1,1.0,HUMAN,1,BLAST,US,West
46261,1,0.8888888888888888,OTHER,1,STORM,US,
24811,1,1.0,SUPPORT,1,BLAST,US,West;Texas
15798,1,1.0,SUPPORT,1,ATTACK,US,Boston
10653,1,1.0,SUPPORT,1,STORM,US,Oklahoma
22628,1,1.0,SUPPORT,1,STORM,US,Oklahoma
55855,0,1.0,,0,,,
5220,0,0.8888888888888888,,0,,,
50288,1,1.0,AID,1,STORM,US,
57304,0,1.0,,0,,,
10069,1,0.8888888888888888,OTHER,1,STORM,,
26308,1,1.0,AID,1,FLOOD,AU,Bundaberg;Queensland
45274,0,1.0,,0,,,
12015,1,1.0,ADVISORY,1,STORM,US,Oklahoma
29072,0,1.0,,0,,,
11092,1,0.8888888888888888,ADVISORY,2,ATTACK,US,Emmanuel College
5311,1,1.0,ADVISORY,3,FLOOD,AU,Ipswich;Bremmer River;Oxley McDonalds
53157,1,1.0,ADVISORY,3,STORM,,
50731,0,1.0,,0,,,
15193,1,1.0,SUPPORT,1,ATTACK,US,Boston
12366,1,1.0,HUMAN,3,BLAST,US,Texas
58105,1,0.8888888888888888,OTHER,1,STORM,,
49679,0,0.8888888888888888,,0,,,
6366,0,0.7777777777777778,,0,,,
6025,1,1.0,SUPPORT,1,BLAST,US,Texas
1684,1,1.0,AID,1,ATTACK,US,Boston
49489,0,1.0,,0,,,
8551,1,1.0,SUPPORT,1,FIRE,US,California;Colorado
52270,1,1.0,SUPPORT,1,ATTACK,US,Boston
44615,0,1.0,,0,,,
37616,1,1.0,PROPERTY,2,FLOOD,AU,Australia
11192,1,0.8888888888888888,OTHER,1,STORM,,
44317,1,1.0,HUMAN,1,CRASH,BD,Savar;Dhaka;Bangladesh
40540,0,0.5555555555555556,,0,,,
11686,1,1.0,OTHER,1,BLAST,US,Waco;Central Texas;West
37939,0,1.0,,0,,,
60216,1,0.7777777777777778,OTHER,1,OTHER,,
19788,1,1.0,PROPERTY,2,FLOOD,AU,Australia
15682,1,1.0,ADVISORY,1,STORM,US,
43863,1,1.0,OTHER,1,BLAST,US,West;Texas
55103,0,1.0,,0,,,
2165,1,0.8888888888888888,OTHER,1,STORM,US,
52123,0,1.0,,0,,,
17080,0,1.0,,0,,,
24427,0,1.0,,0,,,
14595,1,1.0,ADVISORY,1,STORM,,
58631,1,1.0,SUPPORT,1,STORM,US,Oklahoma
21916,1,1.0,PROPERTY,1,STORM,US,
41466,0,1.0,,0,,,
19692,0,1.0,,0,,,
47233,1,1.0,SUPPORT,1,OTHER,US,West;Boston
8309,0,1.0,,0,,,
6564,0,1.0,,0,,,
501,1,1.0,OTHER,2,FLOOD,AU,Queensland
21349,1,0.8888888888888888,OTHER,1,STORM,US,New York City
45906,1,1.0,OTHER,1,BLAST,US,Texas
4070,0,1.0,,0,,,
22038,0,1.0,,0,,,
14666,1,1.0,OTHER,2,STORM,US,
38158,0,1.0,,0,,,
24532,1,1.0,OTHER,1,STORM,US,
13144,0,0.8888888888888888,,0,,,
38329,0,1.0,,0,,,
27792,1,0.7777777777777778,SUPPORT,1,STORM,,
1368,1,1.0,AID,1,BLAST,US,West
26407,1,1.0,OTHER,1,STORM,US,Oklahoma
4041,0,1.0,,0,,,
13637,0,1.0,,0,,,
13154,1,1.0,AID,1,STORM,US,Oklahoma
2472,1,1.0,SUPPORT,1,STORM,US,Oklahoma
17677,1,0.8888888888888888,SUPPORT,1,BLAST,US,West
26430,1,0.8888888888888888,OTHER,1,ATTACK,US,
26974,1,1.0,OTHER,1,ATTACK,US,Boston
25510,1,1.0,NEEDS,2,STORM,,
60338,0,1.0,,0,,,
42080,1,1.0,OTHER,1,BLAST,US,Texas
45598,0,1.0,,0,,,
51284,1,1.0,SUPPORT,1,STORM,US,Oklahoma
36957,0,1.0,,0,,,
53569,0,1.0,,0,,,
56146,1,1.0,SUPPORT,1,STORM,US,
25703,0,1.0,,0,,,
58405,0,1.0,,0,,,
2304,1,1.0,AID,1,STORM,US,Oklahoma
10917,0,1.0,,0,,,
50543,1,1.0,AID,1,STORM,US,Oklahoma
9552,1,0.8888888888888888,OTHER,1,STORM,US,
36928,0,1.0,,0,,,
52890,1,1.0,OTHER,1,STORM,US,New York
28338,1,0.8888888888888888,OTHER,2,STORM,,
30343,1,1.0,OTHER,1,ATTACK,US,Boston
13559,1,1.0,AID,1,BLAST,US,Texas
25604,1,0.8888888888888888,OTHER,1,STORM,,
10010,1,1.0,SUPPORT,1,ATTACK,US,Boston
50438,0,1.0,,0,,,
25301,1,1.0,ADVISORY,1,OTHER,US,Texas
46936,0,1.0,,0,,,
25318,0,1.0,,0,,,
5790,0,1.0,,0,,,
12116,1,1.0,SUPPORT,1,STORM,US,
18556,0,1.0,,0,,,
46311,1,1.0,AID,1,FLOOD,AU,Queensland;Brisbane
8863,1,1.0,OTHER,1,FLOOD,AU,Australia
60410,0,1.0,,0,,,
20154,1,1.0,SUPPORT,1,ATTACK,US,Boston
19100,1,1.0,OTHER,1,ATTACK,US,Boston
21226,0,1.0,,0,,,
57192,0,1.0,,0,,,
2251,1,1.0,ADVISORY,2,STORM,,
37991,0,0.8888888888888888,,0,,,
32073,0,1.0,,0,,,
12770,0,1.0,,0,,,
27889,0,1.0,,0,,,
5158,1,1.0,OTHER,1,STORM,US,
15555,1,1.0,ADVISORY,1,FLOOD,AU,Queensland
1547,1,1.0,AID,1,STORM,US,Oklahoma
27920,1,1.0,AID,1,FLOOD,US,Colorado
44680,1,1.0,SUPPORT,1,STORM,US,Oklahoma
55607,1,1.0,ADVISORY,1,STORM,US,New York;New Jersey;Connecticut
42480,0,1.0,,0,,,
48706,1,1.0,OTHER,1,ATTACK,US,
41343,1,1.0,OTHER,1,STORM,US,New York
33738,1,1.0,AID,1,ATTACK,US,Boston
21962,0,1.0,,0,,,
12890,0,0.7777777777777778,,0,,,
28202,0,1.0,,0,,,
11565,0,1.0,,0,,,
29415,1,1.0,AID,1,ATTACK,US,Boston
660,1,0.7777777777777778,OTHER,1,OTHER,,
50437,0,1.0,,0,,,
41417,1,0.8888888888888888,OTHER,1,STORM,US,
2456,0,1.0,,0,,,
22671,0,1.0,,0,,,
49005,1,1.0,SUPPORT,1,STORM,US,Oklahoma
42266,0,0.8888888888888888,,0,,,
19762,0,1.0,,0,,,
51767,1,1.0,OTHER,1,STORM,US,
59254,0,0.6666666666666666,,0,,,
36452,0,1.0,,0,,,
16813,1,1.0,ADVISORY,3,STORM,US,Knob Noster
60534,1,1.0,SUPPORT,1,ATTACK,US,Boston
35296,0,1.0,,0,,,
8495,0,1.0,,0,,,
25968,1,1.0,AID,1,FLOOD,AU,
7871,0,1.0,,0,,,
28728,1,1.0,SUPPORT,1,BLAST,US,White Plains;West
29134,0,1.0,,0,,,
13917,1,1.0,SUPPORT,1,STORM,,
39890,0,1.0,,0,,,
30389,1,1.0,SUPPORT,1,FIRE,AU,New South Wales
37245,0,1.0,,0,,,
20484,0,1.0,,0,,,
53113,1,1.0,OTHER,1,ATTACK,US,Boston
49992,0,1.0,,0,,,
13627,1,0.8888888888888888,OTHER,1,ATTACK,US,Boston
30558,1,1.0,OTHER,1,ATTACK,US,Boston
8294,1,1.0,OTHER,1,ATTACK,US,Boston
53678,1,1.0,AID,1,FLOOD,PH,Santuario de San Antonio;Makati
8625,0,1.0,,0,,,
11631,0,1.0,,0,,,
44538,0,1.0,,0,,,
49117,1,0.8888888888888888,OTHER,1,STORM,,
23703,0,1.0,,0,,,
11746,1,0.8888888888888888,OTHER,1,STORM,US,
44282,1,1.0,OTHER,1,STORM,US,New York City
44464,0,1.0,,0,,,
39158,1,1.0,OTHER,1,STORM,US,Oklahoma
12948,0,1.0,,0,,,
32661,1,1.0,SUPPORT,1,BLAST,US,Waco;Texas
7571,0,1.0,,0,,,
57479,1,0.7777777777777778,OTHER,1,OTHER,BD,Shahbag;Bangladesh
29107,1,1.0,PROPERTY,1,STORM,US,Oklahoma
23456,0,1.0,,0,,,
32238,0,1.0,,0,,,
28425,0,1.0,,0,,,
35136,0,1.0,,0,,,
43031,1,0.8888888888888888,OTHER,1,STORM,US,
25963,1,1.0,OTHER,1,STORM,,
16436,1,0.7777777777777778,SUPPORT,1,OTHER,,
38918,1,0.8888888888888888,OTHER,1,STORM,,
59746,0,1.0,,0,,,
46121,1,1.0,INFRA,1,FLOOD,AU,Queensland
5347,0,1.0,,0,,,
47451,1,0.8888888888888888,OTHER,1,STORM,US,
54865,0,1.0,,0,,,
56304,0,1.0,,0,,,
54344,0,0.5555555555555556,,0,,,
20475,1,0.6666666666666666,OTHER,1,OTHER,,
51553,0,1.0,,0,,,
23558,1,1.0,OTHER,1,STORM,US,
28604,0,1.0,,0,,,
34890,1,1.0,ADVISORY,1,BLAST,US,Texas;West
6268,1,1.0,SUPPORT,1,STORM,US,New York
24042,0,1.0,,0,,,
21904,0,0.7777777777777778,,0,,,
45449,1,1.0,SUPPORT,1,OTHER,US,Boston;Texas
56271,0,1.0,,0,,,
1346,0,1.0,,0,,,
61072,1,1.0,OTHER,1,BLAST,US,Texas
41050,0,1.0,,0,,,
31401,1,0.5555555555555556,OTHER,1,OTHER,,
35305,1,1.0,AID,2,ATTACK,US,Cambridge;Allston;Brighton;Brookline
52843,1,1.0,OTHER,1,STORM,,
49262,1,1.0,AID,2,STORM,US,Oklahoma City;Moore
30651,1,1.0,ADVISORY,1,BLAST,US,West
23756,1,1.0,SUPPORT,1,STORM,US,Oklahoma
33100,0,1.0,,0,,,
54335,1,1.0,HUMAN,3,ATTACK,US,Boston
34112,0,1.0,,0,,,
57485,1,1.0,SUPPORT,1,STORM,US,Oklahoma
31983,0,1.0,,0,,,
27701,1,1.0,OTHER,1,BLAST,US,West
36018,1,1.0,SUPPORT,1,BLAST,US,Texas
48476,1,1.0,PROPERTY,2,STORM,US,
45779,0,1.0,,0,,,
52731,1,1.0,SUPPORT,1,ATTACK,US,Boston
5851,1,1.0,HUMAN,2,BLAST,US,Texas
19414,0,1.0,,0,,,
23375,1,1.0,OTHER,1,BLAST,US,West
45822,1,1.0,SUPPORT,1,BLAST,US,West
21746,0,1.0,,0,,,
37232,1,1.0,SUPPORT,1,ATTACK,US,Boston
5328,0,1.0,,0,,,
45076,1,1.0,OTHER,1,ATTACK,US,Boston
7069,0,1.0,,0,,,
27599,1,1.0,OTHER,1,ATTACK,US,Boston
19505,1,1.0,HUMAN,1,ATTACK,US,Seattle;Boston
32549,0,0.8888888888888888,,0,,,
22728,0,1.0,,0,,,
31978,1,1.0,OTHER,1,STORM,US,East Coast
59255,0,1.0,,0,,,
37812,0,0.8888888888888888,,0,,,
26979,0,1.0,,0,,,
35292,0,1.0,,0,,,
56900,0,1.0,,0,,,
28777,0,1.0,,0,,,
60222,0,1.0,,0,,,
57633,0,1.0,,0,,,
51443,1,1.0,AID,2,FLOOD,AU,Australia
46099,0,1.0,,0,,,
53754,0,1.0,,0,,,
42025,0,1.0,,0,,,
34628,1,1.0,SUPPORT,1,BLAST,US,West
60437,1,1.0,INFRA,2,STORM,US,
61042,1,1.0,SUPPORT,1,BLAST,US,Texas
36409,0,1.0,,0,,,
3863,1,1.0,ADVISORY,3,STORM,US,Madison Square Gardens;New York City
49009,0,0.8888888888888888,,0,,,
59882,0,1.0,,0,,,
21671,0,1.0,,0,,,
36706,0,1.0,,0,,,
40386,0,1.0,,0,,,
37271,0,1.0,,0,,,
1017,0,1.0,,0,,,
24965,0,1.0,,0,,,
54103,1,0.7777777777777778,OTHER,1,STORM,US,
37517,1,1.0,AID,1,BLAST,US,West
53225,0,1.0,,0,,,
21718,1,1.0,OTHER,1,ATTACK,US,Boston
7184,1,1.0,ADVISORY,2,STORM,US,
7807,1,1.0,OTHER,1,FLOOD,AU,Australia
19655,1,1.0,AID,1,STORM,US,Oklahoma
30567,1,1.0,OTHER,1,BLAST,US,Waco
5646,0,1.0,,0,,,
41796,0,1.0,,0,,,
28445,0,1.0,,0,,,
35063,0,1.0,,0,,,
56544,0,0.8888888888888888,,0,,,
52341,0,1.0,,0,,,
7681,1,1.0,SUPPORT,1,BLAST,US,Texas
25506,1,1.0,ADVISORY,1,STORM,US,
56826,1,1.0,ADVISORY,2,STORM,US,Oklahoma
2639,1,1.0,AID,1,ATTACK,US,Boston
42965,1,1.0,HUMAN,2,BLAST,US,Waco
195,1,1.0,HUMAN,3,BLAST,US,West
11702,1,1.0,OTHER,1,FLOOD,AU,Australia
12175,1,1.0,AID,1,BLAST,US,
40854,0,1.0,,0,,,
38870,0,0.8888888888888888,,0,,,
17151,0,1.0,,0,,,
14010,1,1.0,ADVISORY,1,ATTACK,US,Boston
42200,1,1.0,HUMAN,2,FLOOD,AU,Queensland
29165,0,1.0,,0,,,
26404,0,1.0,,0,,,
36866,0,1.0,,0,,,
40511,0,1.0,,0,,,
37703,0,1.0,,0,,,
59595,0,1.0,,0,,,
58937,0,1.0,,0,,,
15721,1,1.0,INFRA,3,FLOOD,US,New York City;Williamsburg
57355,1,1.0,HUMAN,2,BLAST,US,Waco
34205,0,1.0,,0,,,
25070,1,1.0,SUPPORT,1,BLAST,US,West
5904,0,1.0,,0,,,
44820,1,1.0,AID,1,STORM,US,Oklahoma
59195,0,1.0,,0,,,
45491,1,1.0,OTHER,1,STORM,US,
17454,1,1.0,SUPPORT,1,STORM,US,Oklahoma
60623,1,1.0,SUPPORT,1,STORM,US,
16878,1,1.0,AID,1,FLOOD,PH,
31542,0,1.0,,0,,,
6953,0,0.5555555555555556,,0,,,
55775,0,0.5555555555555556,,0,,,
24679,0,0.8888888888888888,,0,,,
13041,0,1.0,,0,,,
41843,0,1.0,,0,,,
27958,0,1.0,,0,,,
32477,0,0.8888888888888888,,0,,,
1369,1,1.0,OTHER,1,OTHER,US,West;Boston
16912,0,1.0,,0,,,
37342,0,1.0,,0,,,
17606,1,1.0,ADVISORY,1,STORM,US,Florida
30829,1,1.0,INFRA,2,STORM,US,
50918,1,0.7777777777777778,SUPPORT,1,OTHER,US,
42951,0,1.0,,0,,,
28574,1,1.0,OTHER,1,OTHER,US,Boston;West;Chicago
3627,1,1.0,OTHER,1,FLOOD,AU,Queensland
49766,1,1.0,OTHER,1,FLOOD,AU,South East Queensland
11972,1,1.0,HUMAN,2,BLAST,US,West
39836,0,1.0,,0,,,
33358,1,1.0,EVAC,3,BLAST,US,Texas
51906,0,1.0,,0,,,
12758,1,1.0,AID,1,STORM,US,Oklahoma
24433,0,1.0,,0,,,
46688,0,1.0,,0,,,
60854,1,1.0,NEEDS,3,FLOOD,PH,Pasig
57779,0,1.0,,0,,,
25109,0,1.0,,0,,,
43368,1,1.0,OTHER,1,STORM,US,Oklahoma
27611,0,1.0,,0,,,
9537,0,1.0,,0,,,
33843,1,1.0,OTHER,1,ATTACK,US,Boston
52048,0,1.0,,0,,,
12270,1,1.0,NEEDS,2,FLOOD,AU,Bundaberg;Wanganui
36456,1,1.0,NEEDS,3,FLOOD,PH,UST Hospital;UERM Medical Center
53330,1,1.0,HUMAN,2,STORM,US,Oklahoma
56362,0,1.0,,0,,,
27403,1,1.0,EVAC,2,STORM,US,Brooklyn Bridge
49250,1,1.0,AID,1,STORM,US,Oklahoma
7909,0,1.0,,0,,,
38291,1,1.0,SUPPORT,1,FLOOD,AU,Australia
26221,1,1.0,OTHER,1,BLAST,US,Texas
55556,1,1.0,OTHER,1,BLAST,US,West
46421,1,1.0,SUPPORT,1,ATTACK,US,Boston
6829,1,1.0,INFRA,2,STORM,US,
39533,0,1.0,,0,,,
2471,1,1.0,OTHER,1,BLAST,US,Texas
19435,0,1.0,,0,,,
19612,0,1.0,,0,,,
41178,1,1.0,PROPERTY,2,STORM,US,Oklahoma
17658,0,1.0,,0,,,
53148,1,1.0,SUPPORT,1,STORM,US,Moore
26190,1,1.0,SUPPORT,1,STORM,US,Oklahoma
44634,0,1.0,,0,,,
22458,0,0.7777777777777778,,0,,,
8059,0,1.0,,0,,,
6014,1,1.0,PROPERTY,1,FLOOD,AU,Queensland
27559,1,1.0,SUPPORT,1,BLAST,US,Texas
37869,1,0.8888888888888888,OTHER,1,OTHER,US,
21250,0,1.0,,0,,,
20904,0,1.0,,0,,,
12833,0,1.0,,0,,,
53132,0,1.0,,0,,,
27555,0,1.0,,0,,,
25443,0,1.0,,0,,,
16530,0,1.0,,0,,,
59650,0,1.0,,0,,,
1981,1,1.0,AID,1,ATTACK,US,Boston
29696,1,0.8888888888888888,INFRA,2,STORM,US,
21456,0,0.5555555555555556,,0,,,
41620,0,1.0,,0,,,
31764,0,1.0,,0,,,
5082,1,1.0,OTHER,1,ATTACK,US,Boston
51083,1,0.7777777777777778,PROPERTY,2,OTHER,AU,
30949,0,1.0,,0,,,
51722,1,1.0,AID,1,ATTACK,US,Boston
20183,1,1.0,SUPPORT,1,ATTACK,US,Boston
43670,1,1.0,SUPPORT,1,STORM,US,Oklahoma
2012,0,1.0,,0,,,
27835,0,1.0,,0,,,
57289,0,1.0,,0,,,
10721,0,1.0,,0,,,
47453,0,1.0,,0,,,
6905,0,1.0,,0,,,
9878,1,1.0,AID,1,ATTACK,US,Boston
29448,0,1.0,,0,,,
15247,1,1.0,PROPERTY,2,STORM,US,Ocean Grove
47174,1,1.0,SUPPORT,1,BLAST,US,West
54612,0,1.0,,0,,,
27032,1,1.0,SUPPORT,1,BLAST,US,Texas
41210,0,1.0,,0,,,
6077,0,1.0,,0,,,
51250,1,1.0,SUPPORT,1,ATTACK,US,Boston
29633,1,1.0,AID,1,STORM,US,
19346,0,1.0,,0,,,
20335,1,1.0,HUMAN,3,BLAST,US,West
22705,1,0.8888888888888888,OTHER,2,FLOOD,AU,Brunswick Street Mall
26110,0,1.0,,0,,,
4486,1,1.0,SUPPORT,1,STORM,US,Woodward
52199,0,1.0,,0,,,
28884,0,1.0,,0,,,
5071,0,1.0,,0,,,
28989,0,1.0,,0,,,
30154,0,1.0,,0,,,
31489,0,1.0,,0,,,
56913,0,1.0,,0,,,
27609,1,1.0,OTHER,1,BLAST,US,Texas
21254,1,0.8888888888888888,OTHER,1,STORM,US,
25048,0,1.0,,0,,,
2395,0,1.0,,0,,,
42303,0,1.0,,0,,,
57213,1,0.8888888888888888,ADVISORY,1,STORM,,
25491,0,1.0,,0,,,
60526,0,1.0,,0,,,
17818,1,1.0,HUMAN,2,BLAST,US,West;Texas
22303,1,1.0,OTHER,1,ATTACK,US,Boston
54862,1,1.0,SUPPORT,1,ATTACK,US,Boston
12823,1,1.0,ADVISORY,1,STORM,US,
18697,1,1.0,OTHER,1,ATTACK,US,Boston
46299,1,1.0,OTHER,1,ATTACK,,Boston;Iraq
27262,1,1.0,PROPERTY,1,STORM,US,Moore;Oklahoma
17767,0,1.0,,0,,,
47981,1,1.0,OTHER,1,STORM,US,
29682,1,1.0,HUMAN,1,STORM,US,
22755,1,1.0,INFRA,2,STORM,US,
6763,1,1.0,OTHER,1,STORM,US,New York
36732,0,1.0,,0,,,
20157,0,1.0,,0,,,
47744,0,1.0,,0,,,
10783,1,1.0,PROPERTY,2,FLOOD,US,Greenpoint;Newtown Creek;Pulaski Bridge
15797,0,1.0,,0,,,
4791,0,1.0,,0,,,
44923,1,1.0,SUPPORT,1,BLAST,US,West
49499,0,1.0,,0,,,
31893,1,1.0,OTHER,1,STORM,US,Bushwick
9292,1,1.0,SUPPORT,1,ATTACK,US,
29240,0,1.0,,0,,,
48756,1,1.0,HUMAN,3,STORM,US,Moore;Oklahoma City
50791,1,1.0,OTHER,1,FLOOD,AU,Queensland
20357,1,1.0,HUMAN,2,BLAST,US,West;Texas
24991,1,1.0,OTHER,1,BLAST,US,Texas
10608,1,1.0,OTHER,1,FLOOD,AU,Queensland
35479,0,1.0,,0,,,
54467,1,1.0,INFRA,1,FLOOD,AU,Wide Bay;Queensland
19343,1,1.0,HUMAN,1,BLAST,US,West;Texas;Arlington
39999,1,1.0,OTHER,1,FLOOD,AU,Brisbane;Australia
11525,1,1.0,HUMAN,2,BLAST,US,Texas
53274,1,1.0,HUMAN,1,ATTACK,US,Boston
23651,0,1.0,,0,,,
5044,0,1.0,,0,,,
42675,0,1.0,,0,,,
30726,0,1.0,,0,,,
33216,1,1.0,OTHER,1,BLAST,US,Texas
8422,1,1.0,HUMAN,2,BLAST,US,Texas
55488,0,1.0,,0,,,
35746,1,1.0,OTHER,1,OTHER,US,Boston;Texas
4570,1,1.0,AID,2,ATTACK,US,Boston University
48451,0,1.0,,0,,,
20129,0,1.0,,0,,,
51794,1,1.0,OTHER,1,ATTACK,US,Boston
10237,1,1.0,SUPPORT,1,STORM,US,Texas;Oklahoma
45439,1,0.8888888888888888,AID,1,STORM,US,
59212,0,0.8888888888888888,,0,,,
40213,1,1.0,HUMAN,1,CRASH,BD,Bangladesh
29201,1,1.0,ADVISORY,3,FLOOD,AU,Bundaberg;Burnett River
28227,1,1.0,SUPPORT,1,STORM,US,
48144,1,1.0,HUMAN,1,BLAST,US,West
32976,0,0.8888888888888888,,0,,,
24263,0,1.0,,0,,,
37692,1,1.0,INFRA,2,FLOOD,AU,Laidley
41025,0,1.0,,0,,,
20516,0,1.0,,0,,,
2988,1,1.0,ADVISORY,1,STORM,US,
40811,1,1.0,PROPERTY,1,FLOOD,AU,Australia
18936,0,1.0,,0,,,
11112,0,1.0,,0,,,
1036,0,1.0,,0,,,
3725,1,1.0,INFRA,2,FLOOD,AU,Queensland
5549,1,1.0,ADVISORY,1,ATTACK,US,Boston
47397,1,1.0,OTHER,1,ATTACK,US,Boston
40158,0,1.0,,0,,,
53654,0,0.7777777777777778,,0,,,
3220,1,1.0,OTHER,2,ATTACK,US,Boston
60218,1,1.0,SUPPORT,1,STORM,US,Oklahoma
1636,0,1.0,,0,,,
54352,0,0.8888888888888888,,0,,,
44664,0,1.0,,0,,,
21900,0,1.0,,0,,,
2274,0,1.0,,0,,,
943,1,1.0,SUPPORT,1,BLAST,US,Texas
49295,1,1.0,SUPPORT,1,STORM,US,Oklahoma
32957,0,1.0,,0,,,
3857,1,1.0,SUPPORT,1,STORM,US,Oklahoma
17969,1,1.0,OTHER,1,STORM,US,Oklahoma
1987,1,1.0,AID,1,STORM,US,Oklahoma
28443,1,1.0,PROPERTY,2,STORM,US,
20124,0,1.0,,0,,,
14834,0,1.0,,0,,,
34985,0,1.0,,0,,,
60553,1,0.8888888888888888,OTHER,2,STORM,US,
2375,1,1.0,PROPERTY,2,FLOOD,AU,Australia
59073,1,1.0,HUMAN,2,FLOOD,AU,Queensland;New South Wales
50287,1,1.0,ADVISORY,2,STORM,US,
39789,1,1.0,OTHER,1,ATTACK,US,Boston
47599,1,1.0,OTHER,1,ATTACK,US,Boston
50903,1,1.0,OTHER,1,BLAST,US,Texas
49931,1,1.0,OTHER,1,ATTACK,US,Boston
26064,1,0.8888888888888888,AID,1,,,
16393,1,1.0,HUMAN,2,BLAST,US,Texas
53930,0,1.0,,0,,,
45211,1,1.0,SUPPORT,1,STORM,US,Oklahoma
51670,1,1.0,PROPERTY,1,STORM,US,New York City
58548,1,1.0,SUPPORT,1,STORM,US,Oklahoma
11271,0,0.7777777777777778,,0,,,
40389,1,0.8888888888888888,SUPPORT,1,,,
44312,1,1.0,EVAC,3,STORM,US,Moore;Oakcrest Church of Christ
57376,1,1.0,ADVISORY,2,BLAST,US,West;Texas
53345,1,1.0,AID,1,STORM,US,
21271,0,1.0,,0,,,
40064,1,1.0,ADVISORY,3,ATTACK,US,Boston
47563,0,1.0,,0,,,
52864,1,1.0,SUPPORT,1,OTHER,,
38166,1,1.0,AID,1,STORM,US,Oklahoma
20215,1,1.0,ADVISORY,2,FLOOD,AU,Brisbane;Queensland
49233,1,1.0,HUMAN,2,ATTACK,US,
54070,1,1.0,AID,1,BLAST,US,Texas
39596,1,0.8888888888888888,OTHER,2,BLAST,US,Elm Mott
23968,1,1.0,OTHER,1,OTHER,US,Texas;Boston
38423,0,0.8888888888888888,,0,,,
25674,1,1.0,OTHER,1,ATTACK,US,Cambridge;University of Massachusetts Amherst
46553,0,1.0,,0,,,
42862,0,1.0,,0,,,
54087,0,1.0,,0,,,
51088,0,1.0,,0,,,
5982,1,1.0,OTHER,2,STORM,US,
16571,0,1.0,,0,,,
58547,1,1.0,SUPPORT,1,STORM,US,Oklahoma
14403,1,1.0,PROPERTY,1,FLOOD,AU,Land Street;Toowong;Brisbane;Queensland
16543,0,0.8888888888888888,,0,,,
34485,1,1.0,SUPPORT,1,ATTACK,US,Boston
608,0,1.0,,0,,,
8676,1,1.0,OTHER,1,OTHER,SG,Singapore
5537,1,1.0,SUPPORT,2,STORM,US,
33612,0,1.0,,0,,,
1977,0,1.0,,0,,,
32835,0,1.0,,0,,,
4001,1,1.0,SUPPORT,1,STORM,US,Oklahoma
18900,0,1.0,,0,,,
58411,1,1.0,EVAC,1,STORM,US,
12268,1,1.0,PROPERTY,1,FLOOD,AU,Queensland
12728,1,1.0,SUPPORT,1,STORM,US,
21174,0,1.0,,0,,,
35409,0,1.0,,0,,,
32767,0,1.0,,0,,,
44977,0,1.0,,0,,,
397,0,1.0,,0,,,
45127,0,1.0,,0,,,
53469,1,1.0,OTHER,1,ATTACK,US,Boston
10494,0,1.0,,0,,,
28795,1,1.0,SUPPORT,1,STORM,US,Oklahoma City
56602,1,1.0,HUMAN,2,BLAST,US,Waco;Texas
3607,0,0.8888888888888888,,0,,,
43428,1,1.0,OTHER,1,OTHER,US,Boston;West
51705,1,1.0,SUPPORT,1,BLAST,US,West;Texas;Waco
32239,0,1.0,,0,,,
16947,0,1.0,,0,,,
1613,0,0.8888888888888888,,0,,,
34892,0,1.0,,0,,,
42806,1,0.8888888888888888,SUPPORT,1,OTHER,,
31897,0,1.0,,0,,,
43757,0,1.0,,0,,,
53696,0,1.0,,0,,,
6544,0,1.0,,0,,,
30100,0,1.0,,0,,,
27987,1,1.0,HUMAN,1,FIRE,BR,Santa Maria;Brazil
40616,1,1.0,OTHER,1,FLOOD,AU,Queensland
51633,0,1.0,,0,,,
10085,1,1.0,SUPPORT,1,OTHER,US,Texas;Boston
48915,0,1.0,,0,,,
10584,1,1.0,OTHER,1,BLAST,US,Texas
28939,1,1.0,OTHER,3,ATTACK,US,Boston
17803,0,1.0,,0,,,
7470,1,1.0,SUPPORT,1,STORM,US,Oklahoma
43685,0,1.0,,0,,,
58967,1,1.0,OTHER,2,STORM,US,
54450,0,1.0,,0,,,
41670,0,1.0,,0,,,
43222,1,1.0,OTHER,2,ATTACK,US,
29873,1,1.0,OTHER,1,BLAST,US,Texas
34894,0,1.0,,0,,,
31424,1,1.0,OTHER,1,ATTACK,US,Boston
56873,1,1.0,OTHER,2,STORM,US,
25912,0,1.0,,0,,,
46025,1,1.0,OTHER,1,ATTACK,US,Boston Marathon
8606,1,1.0,OTHER,1,FLOOD,AU,Queensland
45676,0,1.0,,0,,,
44154,0,1.0,,0,,,
11427,1,1.0,ADVISORY,3,STORM,US,Oklahoma
33655,1,1.0,AID,1,FLOOD,AU,Queensland
27137,0,1.0,,0,,,
42612,1,1.0,HUMAN,1,ATTACK,US,Boston
20893,0,0.8888888888888888,,0,,,
14894,1,1.0,ADVISORY,3,ATTACK,US,Watertown;Boston
55771,1,1.0,SUPPORT,1,ATTACK,US,Boston Marathon
9075,0,1.0,,0,,,
25411,1,1.0,SUPPORT,1,ATTACK,US,Boston
57257,1,1.0,ADVISORY,2,OTHER,SG,Singapore
47498,1,1.0,OTHER,1,ATTACK,US,Boston Marathon
19901,0,1.0,,0,,,
54883,0,1.0,,0,,,
37019,1,1.0,INFRA,2,STORM,US,Northeast
50314,0,1.0,,0,,,
48457,1,1.0,OTHER,1,STORM,US,
15713,0,1.0,,0,,,
58989,0,1.0,,0,,,
45950,1,1.0,OTHER,1,BLAST,US,Texas City
41504,1,1.0,NEEDS,3,FLOOD,PH,San Juan;Bgy. Maytuna
28554,1,1.0,AID,1,STORM,US,
8808,0,1.0,,0,,,
28740,0,1.0,,0,,,
33813,0,0.5555555555555556,,0,,,
19275,1,1.0,OTHER,1,ATTACK,US,Boston
47250,1,1.0,AID,1,STORM,US,Lubbock;Oklahoma
32910,1,0.7777777777777778,OTHER,1,STORM,US,
6702,0,1.0,,0,,,
2296,1,0.8888888888888888,OTHER,1,STORM,US,
9540,0,1.0,,0,,,
32715,0,1.0,,0,,,
42291,1,1.0,SUPPORT,1,OTHER,US,Boston;West
36078,1,1.0,HUMAN,1,BLAST,US,Texas City
35887,1,1.0,OTHER,1,ATTACK,US,Los Angeles International Airport
11037,1,1.0,SUPPORT,1,OTHER,US,West;Boston
36743,1,1.0,OTHER,1,STORM,US,
42663,1,1.0,HUMAN,1,STORM,US,Moore
51183,1,0.8888888888888888,OTHER,1,STORM,US,
30873,1,1.0,SUPPORT,1,FLOOD,AU,Queensland;New South Wales
51796,1,1.0,AID,2,BLAST,US,West
30780,0,1.0,,0,,,
9717,1,1.0,OTHER,1,FLOOD,AU,Queensland;Lake Eyre
152,0,0.7777777777777778,,0,,,
57780,0,1.0,,0,,,
25862,1,1.0,AID,2,ATTACK,US,Boston
55663,1,1.0,ADVISORY,1,STORM,US,
32845,0,1.0,,0,,,
61105,0,1.0,,0,,,
44185,1,1.0,SUPPORT,1,STORM,US,Oklahoma
27406,1,1.0,HUMAN,2,FLOOD,AU,Queensland
7204,1,1.0,SUPPORT,1,STORM,US,Oklahoma
41055,1,1.0,ADVISORY,2,STORM,US,Eastern US
17022,1,1.0,OTHER,1,BLAST,US,West
46796,1,1.0,AID,2,FLOOD,AU,Queensland
37159,1,1.0,AID,1,STORM,PH,Philippines
41657,1,1.0,OTHER,1,FLOOD,AU,Australia
829,1,1.0,HUMAN,2,CRASH,,
9192,1,1.0,HUMAN,2,BLAST,US,Waco;Texas
43442,0,1.0,,0,,,
7497,0,1.0,,0,,,
14303,1,1.0,ADVISORY,2,FLOOD,AU,Queensland
25338,1,1.0,HUMAN,2,FLOOD,AU,Queensland
58822,1,0.8888888888888888,OTHER,1,STORM,US,
2295,0,1.0,,0,,,
44094,1,1.0,SUPPORT,1,STORM,US,
10321,1,1.0,OTHER,2,FLOOD,AU,Australia
1283,0,1.0,,0,,,
22346,1,0.8888888888888888,OTHER,1,STORM,US,
26427,0,1.0,,0,,,
5578,0,0.8888888888888888,,0,,,
39862,0,1.0,,0,,,
29503,0,1.0,,0,,,
48039,1,0.8888888888888888,OTHER,1,STORM,US,
7604,0,1.0,,0,,,
53720,1,1.0,OTHER,1,FLOOD,AU,Australia
59067,0,1.0,,0,,,
13339,0,1.0,,0,,,
26055,1,1.0,AID,3,BLAST,US,Austin;West
15416,0,1.0,,0,,,
12907,0,1.0,,0,,,
52969,1,0.8888888888888888,OTHER,1,STORM,US,
27141,0,1.0,,0,,,
30999,0,1.0,,0,,,
36659,0,1.0,,0,,,
878,0,1.0,,0,,,
44887,0,1.0,,0,,,
39024,1,0.7777777777777778,SUPPORT,1,OTHER,,
53951,0,1.0,,0,,,
5216,0,1.0,,0,,,
23035,1,1.0,ADVISORY,1,STORM,US,New York Times building
8173,1,1.0,HUMAN,2,BLAST,US,Texas
11135,1,0.8888888888888888,OTHER,1,FLOOD,AU,Queensland
31407,0,1.0,,0,,,
19710,1,1.0,HUMAN,2,FLOOD,AU,Queensland;Sunshine Coast
20096,1,1.0,EVAC,1,STORM,US,New York
51432,1,0.8888888888888888,OTHER,1,FLOOD,AU,Queensland
19559,1,1.0,OTHER,1,STORM,US,
36611,1,1.0,ADVISORY,2,OTHER,,
23275,1,1.0,OTHER,1,QUAKE,IT,Mirandola
49502,0,1.0,,0,,,
49090,0,1.0,,0,,,
48034,0,1.0,,0,,,
49156,1,1.0,PROPERTY,1,FLOOD,AU,Brisbane
37695,0,1.0,,0,,,
43800,0,1.0,,0,,,
57923,0,1.0,,0,,,
50009,0,1.0,,0,,,
32997,1,1.0,OTHER,1,BLAST,US,Waco;Texas
29328,1,1.0,OTHER,2,ATTACK,US,Watertown
59646,1,1.0,SUPPORT,1,ATTACK,US,Boston
22291,1,1.0,OTHER,1,ATTACK,US,Boston
58900,0,0.8888888888888888,,0,,,
46794,1,1.0,OTHER,1,CRASH,GB,
43245,1,1.0,AID,2,BLAST,US,Byron;West
13267,0,1.0,,0,,,
16400,0,1.0,,0,,,
13902,1,1.0,SUPPORT,1,STORM,US,
46028,1,1.0,OTHER,1,BLAST,CA,Lac-Megantic
2224,0,1.0,,0,,,
10966,1,1.0,AID,2,CRASH,GB,Glasgow
24609,1,1.0,SUPPORT,1,STORM,US,Oklahoma
41087,0,1.0,,0,,,
11083,0,1.0,,0,,,
36675,0,1.0,,0,,,
39661,0,0.8888888888888888,,0,,,
29611,0,1.0,,0,,,
57541,0,1.0,,0,,,
48875,0,1.0,,0,,,
55190,0,1.0,,0,,,
56552,0,1.0,,0,,,
8878,1,1.0,ADVISORY,1,STORM,US,
17613,1,1.0,PROPERTY,2,STORM,US,Oklahoma
21366,0,1.0,,0,,,
27212,1,1.0,AID,1,STORM,US,Oklahoma
40650,1,1.0,SUPPORT,1,ATTACK,US,Boston
53400,0,1.0,,0,,,
25180,0,1.0,,0,,,
25901,1,1.0,INFRA,2,STORM,US,
15,1,1.0,SUPPORT,1,STORM,US,Oklahoma
50393,0,0.5555555555555556,,0,,,
48,0,1.0,,0,,,
19011,1,1.0,SUPPORT,1,BLAST,US,Waco;Texas
27087,1,1.0,OTHER,1,ATTACK,US,Boston
26649,0,1.0,,0,,,
15994,0,1.0,,0,,,
35461,0,1.0,,0,,,
1929,1,1.0,NEEDS,3,FLOOD,PH,University of Asia and the Pacific
38644,0,1.0,,0,,,
2583,1,1.0,PROPERTY,2,FLOOD,US,New York
32831,1,0.8888888888888888,AID,1,OTHER,,
21655,0,1.0,,0,,,
7364,1,1.0,OTHER,1,STORM,US,
58701,0,1.0,,0,,,
7777,0,1.0,,0,,,
43725,1,1.0,HUMAN,1,ATTACK,CA,Boston
39184,0,1.0,,0,,,
9082,0,1.0,,0,,,
54006,0,1.0,,0,,,
36240,0,1.0,,0,,,
27955,1,1.0,AID,1,BLAST,US,Texas
26185,0,1.0,,0,,,
18009,1,1.0,NEEDS,3,FLOOD,PH,Cainta;Rizal;University of Asia and the Pacific
41540,1,1.0,ADVISORY,2,FLOOD,AU,Brisbane;Queensland
13674,0,1.0,,0,,,
5820,0,1.0,,0,,,
18713,1,1.0,OTHER,1,OTHER,US,Boston;West
40089,0,1.0,,0,,,
48349,1,1.0,HUMAN,2,BLAST,US,West
43841,0,1.0,,0,,,
58706,1,1.0,OTHER,1,ATTACK,US,Boston
55181,1,1.0,AID,2,FLOOD,AU,northeast Australia
39979,1,1.0,OTHER,1,STORM,US,Connecticut
46322,1,1.0,AID,1,STORM,US,New Jersey
60917,0,1.0,,0,,,
3671,1,1.0,SUPPORT,1,ATTACK,US,Boston
832,0,0.8888888888888888,,0,,,
6308,1,1.0,AID,1,ATTACK,US,Boston
58976,0,1.0,,0,,,
46475,0,1.0,,0,,,
6915,1,1.0,AID,1,ATTACK,US,Boston
12103,1,0.8888888888888888,OTHER,1,STORM,US,
5049,1,1.0,ADVISORY,2,ATTACK,US,Boston
46844,0,1.0,,0,,,
20410,1,1.0,AID,2,FLOOD,AU,Queensland
40116,1,1.0,OTHER,1,ATTACK,US,Boston
32659,1,0.8888888888888888,OTHER,1,ATTACK,US,
32197,1,1.0,INFRA,2,STORM,US,
3870,1,1.0,OTHER,2,ATTACK,US,Watertown;Boston
28917,0,1.0,,0,,,
14315,1,1.0,OTHER,1,FLOOD,AU,Gold Coast;Brisbane
2171,1,1.0,SUPPORT,1,FLOOD,AU,Queensland
686,1,1.0,SUPPORT,1,STORM,US,Oklahoma City
58843,0,1.0,,0,,,
7961,0,1.0,,0,,,
1918,0,1.0,,0,,,
21808,0,1.0,,0,,,
51623,1,1.0,HUMAN,2,BLAST,US,Texas
41215,0,1.0,,0,,,
30262,1,1.0,AID,2,FIRE,AU,Australia
22524,0,1.0,,0,,,
22687,1,1.0,HUMAN,2,BLAST,US,Texas
60591,1,0.8888888888888888,PROPERTY,2,BLAST,US,
19108,1,1.0,OTHER,1,FLOOD,AU,Queensland
39816,1,1.0,INFRA,2,STORM,US,
28985,0,1.0,,0,,,
2876,1,1.0,OTHER,2,ATTACK,US,Boston;Massachusetts Institute of Technology
10927,0,1.0,,0,,,
31192,0,1.0,,0,,,
35919,1,1.0,SUPPORT,1,STORM,US,Oklahoma;Oklahoma City
26473,0,1.0,,0,,,
28229,1,1.0,SUPPORT,1,OTHER,US,Boston
53640,0,1.0,,0,,,
45517,0,0.8888888888888888,,0,,,
58304,0,1.0,,0,,,
10381,1,1.0,SUPPORT,1,BLAST,US,"West, Texas"
9251,0,1.0,,0,,,
13687,1,1.0,ADVISORY,1,FLOOD,,Queensland;United Kingdom
31327,1,1.0,ADVISORY,1,STORM,US,
13557,1,1.0,AID,1,STORM,US,Rutherford County;Oklahoma
53637,1,1.0,AID,1,ATTACK,US,Boston
32018,0,1.0,,0,,,
5460,1,1.0,SUPPORT,1,ATTACK,US,Boston
24926,1,1.0,ADVISORY,1,STORM,,
32990,0,1.0,,0,,,
32673,1,1.0,HUMAN,2,BLAST,US,"West, Texas"
58228,0,1.0,,0,,,
56202,0,1.0,,0,,,
18795,1,1.0,OTHER,2,ATTACK,US,Watertown;Boston
15738,0,1.0,,0,,,
37770,1,1.0,INFRA,2,STORM,US,
47350,0,1.0,,0,,,
54338,1,1.0,SUPPORT,1,STORM,US,Oklahoma
10920,1,1.0,SUPPORT,1,ATTACK,US,Boston
14624,1,1.0,HUMAN,2,BLAST,US,"Waco, Texas"
1455,1,1.0,HUMAN,2,BLAST,US,"West, Texas"
45648,1,1.0,OTHER,2,STORM,US,Jersey City;Robert F. Wagner Jr. Park
13984,1,0.7777777777777778,ADVISORY,2,ATTACK,US,Capitol
5553,1,1.0,SUPPORT,1,ATTACK,US,Zakim bridge;Boston
50131,1,0.8888888888888888,SUPPORT,1,OTHER,,Bangladesh;Pakistan;Afghanistan;Syria;Palestine;Kashmir
9183,1,1.0,ADVISORY,1,STORM,US,New York City
59350,0,0.8888888888888888,,0,,,
21335,1,1.0,SUPPORT,1,STORM,US,
11759,0,0.5555555555555556,,0,,,
46636,1,1.0,SUPPORT,1,ATTACK,US,Boston
23550,1,1.0,OTHER,1,FLOOD,AU,Queensland
43035,0,1.0,,0,,,
769,0,1.0,,0,,,
2294,1,1.0,HUMAN,3,STORM,US,"Moore, Oklahoma"
26661,1,1.0,OTHER,1,ATTACK,US,Boston
47016,1,1.0,INFRA,2,STORM,US,Metuchen
43073,0,1.0,,0,,,
10849,1,1.0,INFRA,2,STORM,US,
57930,1,1.0,AID,1,STORM,US,Oklahoma
20725,0,0.8888888888888888,,0,,,
58441,1,1.0,INFRA,2,FLOOD,AU,Camp Hill
52781,1,1.0,ADVISORY,2,STORM,US,
12671,1,1.0,OTHER,1,FLOOD,AU,Queensland;Bundaberg
30187,1,1.0,SUPPORT,1,ATTACK,US,Boston
54385,1,1.0,ADVISORY,2,ATTACK,US,Boston
34380,0,1.0,,0,,,
44502,1,1.0,OTHER,1,ATTACK,US,Boston
25915,1,1.0,SUPPORT,1,ATTACK,US,Boston
59039,0,0.8888888888888888,,0,,,
42140,0,0.6666666666666666,,0,,,
38203,0,1.0,,0,,,
43473,1,1.0,OTHER,1,OTHER,AU,Australia
3103,0,1.0,,0,,,
9255,1,0.8888888888888888,SUPPORT,1,ATTACK,US,
41407,0,1.0,,0,,,
18225,1,1.0,OTHER,1,BLAST,US,Texas
19192,0,0.7777777777777778,,0,,,
5240,1,1.0,OTHER,1,STORM,US,
54850,0,0.5555555555555556,,0,,,
43119,1,1.0,OTHER,2,STORM,US,Oklahoma
11232,0,1.0,,0,,,
37161,0,1.0,,0,,,
46975,0,0.8888888888888888,,0,,,
59929,1,1.0,OTHER,1,STORM,US,
482,1,1.0,HUMAN,3,BLAST,US,"West, Texas"
46098,1,1.0,PROPERTY,2,FLOOD,AU,Grafton;Queensland;Maryborough
31510,1,1.0,INFRA,2,STORM,US,
21887,0,1.0,,0,,,
26396,1,1.0,NEEDS,2,FLOOD,PH,
34500,1,1.0,SUPPORT,1,STORM,US,Oklahoma
52053,1,1.0,AID,1,STORM,US,"Moore, Oklahoma"
20242,1,0.8888888888888888,OTHER,1,STORM,US,
44035,0,1.0,,0,,,
33236,1,1.0,HUMAN,2,BLAST,US,"West, Texas"
8887,1,1.0,OTHER,1,BLAST,US,"West, Texas"
139,1,1.0,OTHER,1,BLAST,US,Texas
577,1,1.0,SUPPORT,1,STORM,US,Oklahoma
34863,0,1.0,,0,,,
36744,0,0.6666666666666666,,0,,,
43218,0,0.8888888888888888,,0,,,
36435,1,1.0,OTHER,1,ATTACK,US,Boston
1278,1,1.0,HUMAN,2,STORM,US,Oklahoma
37075,1,1.0,INFRA,2,STORM,US,
26986,1,1.0,OTHER,1,ATTACK,US,Boston
18516,1,1.0,ADVISORY,3,FIRE,AU,Linksview Road;Springwood;Winmalee;Hawkesbury Heights
60332,1,1.0,HUMAN,2,FLOOD,AU,Australia
2922,1,1.0,AID,1,STORM,PH,Philippines
3513,1,0.8888888888888888,INFRA,1,STORM,US,
47432,1,1.0,SUPPORT,1,STORM,US,Oklahoma
4078,1,1.0,INFRA,2,STORM,AU,Australia
37834,1,1.0,OTHER,1,ATTACK,US,Boston
52718,0,1.0,,0,,,
43588,1,1.0,OTHER,2,ATTACK,US,Boston;Berklee
20703,0,1.0,,0,,,
12365,1,1.0,AID,2,FLOOD,AU,North East Australia
43074,1,1.0,OTHER,1,BLAST,US,Texas
45681,0,1.0,,0,,,
43019,0,0.8888888888888888,,0,,,
15823,0,1.0,,0,,,
30989,1,1.0,OTHER,3,ATTACK,US,Watertown
39102,0,1.0,,0,,,
4765,1,0.8888888888888888,OTHER,2,STORM,US,New York
54997,0,1.0,,0,,,
13202,0,1.0,,0,,,
54917,1,1.0,NEEDS,3,STORM,US,Oklahoma
39134,0,1.0,,0,,,
2724,1,1.0,OTHER,1,STORM,US,
19956,0,1.0,,0,,,
37115,0,1.0,,0,,,
15322,1,1.0,INFRA,1,STORM,US,
9329,0,1.0,,0,,,
29017,1,1.0,PROPERTY,2,FLOOD,AU,Queensland
39095,1,1.0,OTHER,1,STORM,US,
45613,0,0.8888888888888888,,0,,,
45363,1,1.0,OTHER,1,ATTACK,US,Boston
46864,0,1.0,,0,,,
9418,0,1.0,,0,,,
9859,0,1.0,,0,,,
29352,0,1.0,,0,,,
56822,0,1.0,,0,,,
28684,1,1.0,HUMAN,2,BLAST,US,Texas;Boston
1784,1,1.0,SUPPORT,1,BLAST,US,"West, Texas"
32055,1,1.0,OTHER,1,BLAST,US,Baylor
15265,1,1.0,INFRA,2,ATTACK,US,Boston
14597,0,1.0,,0,,,
18696,1,1.0,HUMAN,2,BLAST,US,Texas
21992,0,0.8888888888888888,,0,,,
1497,1,1.0,OTHER,1,ATTACK,US,Boston
19009,0,0.8888888888888888,,0,,,
45551,0,1.0,,0,,,
21778,1,1.0,INFRA,2,STORM,US,
2910,1,1.0,HUMAN,2,STORM,US,Oklahoma City
45075,1,1.0,OTHER,1,BLAST,US,Texas
29179,1,1.0,ADVISORY,1,CRASH,BD,Bangladesh
5235,1,1.0,OTHER,1,BLAST,US,Texas
55882,0,1.0,,0,,,
40218,1,1.0,AID,1,STORM,US,Oklahoma
12641,0,1.0,,0,,,
48826,1,1.0,OTHER,1,STORM,US,
58666,1,1.0,SUPPORT,1,BLAST,US,Texas
27427,0,1.0,,0,,,
3958,1,1.0,AID,2,FLOOD,AU,Queensland
13254,1,1.0,INFRA,1,STORM,US,Susquehanna
5752,0,1.0,,0,,,
24801,1,1.0,ADVISORY,2,ATTACK,US,Boston;Massachusetts
3946,1,1.0,ADVISORY,2,STORM,US,Newcastle;Moore
38384,1,1.0,OTHER,1,STORM,US,Oklahoma
21423,0,1.0,,0,,,
34305,1,1.0,OTHER,1,ATTACK,US,Boston
49024,1,0.8888888888888888,AID,1,STORM,US,Oklahoma
21192,0,1.0,,0,,,
23749,0,1.0,,0,,,
25927,0,1.0,,0,,,
27654,0,1.0,,0,,,
3159,1,1.0,AID,2,BLAST,US,"West, Texas"
51876,0,0.8888888888888888,,0,,,
2608,0,1.0,,0,,,
2453,0,1.0,,0,,,
6730,1,1.0,HUMAN,2,BLAST,US,"Waco, Texas"
43965,0,1.0,,0,,,
14197,0,1.0,,0,,,
6540,0,0.8888888888888888,,0,,,
36404,0,1.0,,0,,,
5342,1,1.0,ADVISORY,2,STORM,US,
28357,0,0.8888888888888888,,0,,,
2678,1,1.0,INFRA,2,FLOOD,AU,Queensland
60453,0,1.0,,0,,,
53387,0,1.0,,0,,,
31528,0,0.8888888888888888,,0,,,
6611,1,1.0,OTHER,1,STORM,US,
36799,1,1.0,ADVISORY,1,STORM,US,Oklahoma
9961,1,1.0,SUPPORT,1,STORM,US,Oklahoma
52121,1,0.8888888888888888,SUPPORT,1,ATTACK,US,Boston
42108,1,1.0,AID,1,STORM,US,Oklahoma
14844,0,1.0,,0,,,
32484,0,1.0,,0,,,
57372,1,1.0,OTHER,1,BLAST,US,"West, Texas"
10806,0,1.0,,0,,,
59602,0,1.0,,0,,,
229,1,1.0,HUMAN,1,STORM,US,
39605,1,1.0,SUPPORT,1,STORM,US,
6457,0,1.0,,0,,,
21534,1,0.8888888888888888,INFRA,1,STORM,US,
24845,0,1.0,,0,,,
49007,1,1.0,PROPERTY,2,FLOOD,AU,
35904,1,1.0,INFRA,2,STORM,US,New York City;Westchester County
4436,0,1.0,,0,,,
1421,0,1.0,,0,,,
24087,1,1.0,ADVISORY,2,FLOOD,AU,Brisbane
31010,1,1.0,PROPERTY,2,STORM,US,
16842,1,1.0,ADVISORY,1,STORM,US,"Piscataway, New Jersey"
42892,1,1.0,INFRA,2,ATTACK,US,Davis;Alewife
49056,0,1.0,,0,,,
52375,1,1.0,SUPPORT,1,STORM,US,
28437,1,1.0,SUPPORT,1,FLOOD,AU,Queensland
34771,1,0.8888888888888888,OTHER,2,ATTACK,US,
47304,0,1.0,,0,,,
9919,0,1.0,,0,,,
26377,1,1.0,SUPPORT,1,OTHER,US,Texas;Oklahoma
7068,1,0.8888888888888888,OTHER,1,STORM,US,Oklahoma
24971,0,1.0,,0,,,
6347,1,0.8888888888888888,OTHER,1,ATTACK,US,Boston Marathon;Virginia;Alabama
31773,1,1.0,OTHER,1,STORM,US,
4619,0,1.0,,0,,,
8429,1,0.7777777777777778,OTHER,1,STORM,US,Hawaii
30856,1,1.0,HUMAN,2,STORM,US,Plaza Towers Elementary School;Oklahoma
52983,0,1.0,,0,,,
48620,0,1.0,,0,,,
48381,0,1.0,,0,,,
32100,1,1.0,SUPPORT,1,STORM,US,Oklahoma
33789,1,1.0,ADVISORY,2,QUAKE,CR,Costa Rica
10936,0,1.0,,0,,,
29138,1,1.0,AID,2,BLAST,US,Bellmead;West Texas
42829,0,1.0,,0,,,
57454,0,1.0,,0,,,
2680,1,1.0,AID,2,FLOOD,AU,Queensland
57227,1,1.0,OTHER,1,ATTACK,US,Boston
40074,1,1.0,SUPPORT,1,ATTACK,US,Boston;Sandy Hook
8914,1,0.8888888888888888,OTHER,1,STORM,US,
52244,0,1.0,,0,,,
4919,0,1.0,,0,,,
43142,0,1.0,,0,,,
19287,1,1.0,SUPPORT,1,STORM,US,
55040,0,1.0,,0,,,
14202,0,1.0,,0,,,
60641,1,1.0,OTHER,1,BLAST,US,West Texas
14211,0,1.0,,0,,,
52622,1,1.0,SUPPORT,1,STORM,US,
37148,1,1.0,HUMAN,2,BLAST,US,Texas
49324,0,0.7777777777777778,,0,,,
26835,0,1.0,,0,,,
40134,0,1.0,,0,,,
60864,1,1.0,HUMAN,2,STORM,US,Moore;Oklahoma
41991,0,0.8888888888888888,,0,,,
30893,1,1.0,OTHER,1,ATTACK,US,Boston
1646,1,1.0,OTHER,2,FLOOD,AU,Queensland
25340,1,1.0,HUMAN,2,STORM,US,Oklahoma
59537,1,1.0,HUMAN,2,ATTACK,US,Boston
27000,1,1.0,OTHER,1,STORM,US,
8303,1,1.0,AID,1,STORM,US,Oklahoma
34169,0,1.0,,0,,,
38603,0,1.0,,0,,,
40446,0,0.8888888888888888,,0,,,
34662,1,1.0,HUMAN,2,BLAST,US,Waco;Texas
60736,1,1.0,AID,1,STORM,US,Oklahoma
35175,0,1.0,,0,,,
26748,1,1.0,HUMAN,3,BLAST,US,Texas
15606,1,1.0,AID,1,BLAST,US,West;Texas
16063,1,1.0,OTHER,1,BLAST,US,Texas;Boston
25802,0,1.0,,0,,,
13535,1,1.0,OTHER,1,STORM,US,
48562,1,1.0,HUMAN,1,ATTACK,US,Boston
48124,1,1.0,SUPPORT,1,BLAST,US,Texas
4234,0,1.0,,0,,,
57635,0,1.0,,0,,,
38065,0,1.0,,0,,,
59901,1,1.0,OTHER,1,STORM,US,Oklahoma
30127,1,1.0,PROPERTY,2,FLOOD,AU,Queensland;New South Wales
36141,1,1.0,SUPPORT,1,FLOOD,AU,Queensland
5800,1,1.0,OTHER,2,STORM,US,
27158,0,1.0,,0,,,
53925,1,1.0,OTHER,1,STORM,US,
21421,0,1.0,,0,,,
13519,1,0.7777777777777778,OTHER,1,STORM,,
56095,0,1.0,,0,,,
22942,0,1.0,,0,,,
33017,0,1.0,,0,,,
27267,0,1.0,,0,,,
3258,0,1.0,,0,,,
28205,1,1.0,AID,1,STORM,US,Oklahoma
13116,1,0.6666666666666666,SUPPORT,1,FLOOD,AU,Moggill Ferry
29945,1,1.0,INFRA,2,STORM,US,New York
49814,0,0.8888888888888888,,0,,,
17397,0,1.0,,0,,,
58781,0,1.0,,0,,,
42482,0,0.8888888888888888,,0,,,
36881,1,1.0,SUPPORT,1,BLAST,US,Texas;West
13451,1,0.8888888888888888,OTHER,1,STORM,,
5359,1,1.0,SUPPORT,1,STORM,US,Oklahoma
41286,1,1.0,OTHER,1,STORM,,
8319,0,1.0,,0,,,
52847,1,1.0,AID,1,STORM,US,
48047,1,1.0,SUPPORT,1,STORM,US,Oklahoma
27150,0,1.0,,0,,,
10793,0,1.0,,0,,,
14576,1,1.0,AID,1,STORM,PH,
23551,1,1.0,OTHER,2,STORM,,
23491,1,1.0,SUPPORT,1,ATTACK,US,Boston
11127,0,1.0,,0,,,
34114,0,1.0,,0,,,
16990,0,1.0,,0,,,
59353,0,1.0,,0,,,
52747,0,1.0,,0,,,
12630,0,1.0,,0,,,
40016,1,1.0,OTHER,1,BLAST,US,Texas
17890,1,1.0,OTHER,1,STORM,,
35433,0,1.0,,0,,,
14056,0,1.0,,0,,,
22862,0,1.0,,0,,,
57607,1,1.0,OTHER,1,BLAST,US,Waco;Texas
8809,1,1.0,SUPPORT,1,ATTACK,US,Boston
16559,1,0.7777777777777778,OTHER,1,FLOOD,US,Boulder
407,1,1.0,SUPPORT,1,ATTACK,US,Boston
38581,1,0.6666666666666666,OTHER,0,STORM,,
51953,0,1.0,,0,,,
3256,0,0.7777777777777778,,0,,,
42693,0,1.0,,0,,,
36905,1,1.0,HUMAN,1,ATTACK,US,Boston
7252,1,1.0,OTHER,1,STORM,US,Moore;Oklahoma
24760,1,1.0,AID,1,STORM,US,
50155,1,1.0,SUPPORT,1,STORM,US,Oklahoma
32692,0,1.0,,0,,,
35652,1,1.0,OTHER,1,BLAST,US,West Texas
22124,0,1.0,,0,,,
24008,0,1.0,,0,,,
2834,0,1.0,,0,,,
28940,0,1.0,,0,,,
43316,0,1.0,,0,,,
22989,0,1.0,,0,,,
26337,1,1.0,SUPPORT,2,STORM,US,
52427,1,1.0,OTHER,1,STORM,US,
47768,1,1.0,PROPERTY,2,STORM,US,Oklahoma
17700,0,1.0,,0,,,
32494,1,0.5555555555555556,NEEDS,2,FLOOD,,
40331,1,0.7777777777777778,INFRA,2,OTHER,,
44920,1,0.6666666666666666,OTHER,1,OTHER,,
12959,1,1.0,OTHER,3,ATTACK,US,Watertown
13073,0,1.0,,0,,,
31147,0,1.0,,0,,,
7541,1,1.0,OTHER,1,STORM,US,Oklahoma
9213,0,1.0,,0,,,
10291,0,0.8888888888888888,,0,,,
27802,0,1.0,,0,,,
4165,1,1.0,SUPPORT,1,ATTACK,US,Boston
30508,1,1.0,OTHER,1,ATTACK,US,Boston
37317,1,1.0,AID,1,STORM,US,Moore;Oklahoma
23520,1,1.0,SUPPORT,1,STORM,US,Oklahoma
50646,0,1.0,,0,,,
24543,1,1.0,OTHER,1,STORM,US,
13630,1,0.8888888888888888,INFRA,2,ATTACK,US,Massachusetts Avenue;Central Square
52338,1,1.0,SUPPORT,1,ATTACK,US,Boston
20720,0,1.0,,0,,,
46424,1,0.4444444444444444,OTHER,1,OTHER,,
24247,1,1.0,AID,1,STORM,US,Oklahoma
47155,1,1.0,HUMAN,2,BLAST,US,Texas
41481,1,1.0,OTHER,1,STORM,US,East Coast
18155,0,1.0,,0,,,
732,1,1.0,OTHER,1,BLAST,US,West;Texas;Waco
50982,0,1.0,,0,,,
13769,0,1.0,,0,,,
32052,0,1.0,,0,,,
53969,0,1.0,,0,,,
11045,1,1.0,OTHER,1,BLAST,US,Texas
60482,1,1.0,OTHER,1,STORM,US,
49230,0,1.0,,0,,,
52682,1,1.0,OTHER,2,FLOOD,AU,Queensland;Australia
8320,1,1.0,SUPPORT,1,BLAST,US,Texas
24291,1,1.0,OTHER,1,STORM,US,
24989,1,1.0,AID,1,STORM,US,Oklahoma
28145,0,1.0,,0,,,
24145,1,1.0,PROPERTY,2,STORM,US,Norman
46023,0,1.0,,0,,,
51111,1,1.0,OTHER,1,ATTACK,US,Boylston Street
32270,0,0.7777777777777778,,0,,,
4725,1,1.0,SUPPORT,2,ATTACK,US,Cambridge
42766,1,1.0,AID,1,STORM,US,Oklahoma
59302,0,1.0,,0,,,
10761,1,1.0,SUPPORT,2,FLOOD,AU,
20586,0,1.0,,0,,,
12738,0,0.8888888888888888,,0,,,
48167,1,1.0,OTHER,2,BLAST,US,West Texas
26967,0,1.0,,0,,,
57001,1,1.0,INFRA,1,ATTACK,US,John F. Kennedy Presidential Library and Museum
52386,1,1.0,SUPPORT,1,STORM,US,Oklahoma
3227,1,1.0,OTHER,1,BLAST,US,Texas
55059,0,1.0,,0,,,
33998,1,1.0,OTHER,1,FLOOD,AU,Queensland
57385,1,1.0,SUPPORT,1,STORM,US,
54343,1,1.0,OTHER,1,STORM,,
50724,1,1.0,OTHER,1,ATTACK,US,Boston
55636,1,1.0,SUPPORT,1,BLAST,US,West Texas
43600,1,0.7777777777777778,OTHER,1,STORM,US,
26351,1,1.0,AID,1,STORM,US,Oklahoma
55116,0,1.0,,0,,,
46887,0,1.0,,0,,,
60657,1,1.0,PROPERTY,2,FLOOD,AU,Queensland;New South Wales
16735,0,1.0,,0,,,
4480,0,1.0,,0,,,
3998,0,1.0,,0,,,
45816,1,1.0,INFRA,2,STORM,,
60683,1,1.0,AID,1,STORM,US,Oklahoma City
44939,1,1.0,SUPPORT,1,STORM,PH,Visayas
58134,1,1.0,OTHER,1,BLAST,US,Waco
2739,0,1.0,,0,,,
49759,0,1.0,,0,,,
25232,1,1.0,AID,1,BLAST,US,West Texas
55126,0,1.0,,0,,,
48698,0,1.0,,0,,,
5648,1,1.0,INFRA,2,ATTACK,US,Norfolk Street;Cambridge
6717,1,1.0,OTHER,1,BLAST,US,Boston;Texas;Oklahoma
51728,0,1.0,,0,,,
13111,0,1.0,,0,,,
44384,0,1.0,,0,,,
39309,0,1.0,,0,,,
3088,0,1.0,,0,,,
33619,0,1.0,,0,,,
11080,1,1.0,AID,1,FLOOD,AU,Queensland
50200,0,1.0,,0,,,
39847,1,1.0,SUPPORT,1,STORM,US,Oklahoma
31016,1,1.0,OTHER,1,ATTACK,US,Boston
52959,0,1.0,,0,,,
43704,1,1.0,HUMAN,2,BLAST,US,Waco;Texas
19661,1,1.0,INFRA,2,STORM,US,Brooklyn
58558,0,1.0,,0,,,
31803,1,1.0,SUPPORT,1,STORM,US,Oklahoma
2956,1,1.0,AID,1,STORM,US,Spokane;Oklahoma
52091,0,1.0,,0,,,
45354,0,1.0,,0,,,
44519,0,1.0,,0,,,
39175,1,0.8888888888888888,OTHER,1,STORM,US,
40407,1,1.0,SUPPORT,1,BLAST,US,Waco;Texas
60746,0,1.0,,0,,,
42341,1,0.7777777777777778,OTHER,1,OTHER,,
21692,1,1.0,ADVISORY,2,FLOOD,AU,Australia;Brisbane
59911,0,0.8888888888888888,,0,,,
17556,0,1.0,,0,,,
57023,0,0.8888888888888888,,0,,,
55050,1,1.0,OTHER,1,OTHER,,Iran;Boston;Texas
32469,0,1.0,,0,,,
8662,1,0.8888888888888888,INFRA,1,OTHER,,
26370,1,1.0,OTHER,1,CRASH,CA,Lac-Megantic
18270,0,1.0,,0,,,
3707,0,1.0,,0,,,
55147,1,1.0,SUPPORT,1,OTHER,US,Boston;Texas
23931,1,1.0,PROPERTY,2,STORM,US,
1983,1,0.8888888888888888,OTHER,1,OTHER,,
20416,0,1.0,,0,,,
37507,0,1.0,,0,,,
42222,0,1.0,,0,,,
6849,0,0.7777777777777778,,0,,,
13893,1,1.0,OTHER,1,ATTACK,US,Boston
53258,1,0.8888888888888888,OTHER,1,STORM,US,
6497,1,1.0,AID,1,FLOOD,AU,Gold Coast
48054,1,1.0,AID,2,FLOOD,AU,Queensland
5085,1,0.8888888888888888,OTHER,1,STORM,,
12424,1,1.0,ADVISORY,2,STORM,US,
46520,1,1.0,AID,1,FLOOD,AU,Queensland
21629,1,1.0,INFRA,2,ATTACK,US,Boston
24844,0,1.0,,0,,,
7283,0,0.7777777777777778,,0,,,
36281,0,1.0,,0,,,
55724,0,1.0,,0,,,
20359,1,1.0,EVAC,2,FLOOD,AU,Queensland;New South Wales;Bundaberg Hospital
28220,1,1.0,SUPPORT,1,STORM,US,New York
16216,1,1.0,OTHER,1,OTHER,AU,Victoria;Queensland
46165,0,0.5555555555555556,,0,,,
2779,0,1.0,,0,,,
56943,0,1.0,,0,,,
40800,0,1.0,,0,,,
36562,1,0.8888888888888888,OTHER,1,ATTACK,,
9423,0,1.0,,0,,,
36969,0,1.0,,0,,,
14773,1,1.0,HUMAN,2,ATTACK,US,Boston
24998,1,1.0,OTHER,1,ATTACK,AF,Afghanistan
9310,1,0.7777777777777778,SUPPORT,1,OTHER,,
8317,1,1.0,OTHER,1,STORM,,
33303,0,1.0,,0,,,
5912,1,1.0,OTHER,1,STORM,,
45095,0,1.0,,0,,,
37253,1,1.0,OTHER,1,ATTACK,US,Boston
11585,0,1.0,,0,,,
57201,0,1.0,,0,,,
11538,1,1.0,OTHER,2,FLOOD,AU,Queensland
38006,1,1.0,OTHER,2,FLOOD,AU,Queensland
50425,1,1.0,SUPPORT,1,STORM,US,Moore
1814,0,1.0,,0,,,
9243,1,1.0,OTHER,1,ATTACK,US,Toronto;Boston
14201,0,0.7777777777777778,,0,,,
10720,1,0.8888888888888888,OTHER,1,ATTACK,US,
49234,1,1.0,OTHER,1,BLAST,US,"West, Texas"
26724,0,1.0,,0,,,
40555,1,1.0,OTHER,2,BLAST,US,Texas
24267,1,1.0,OTHER,2,STORM,,
16412,1,1.0,OTHER,1,STORM,,
19718,0,1.0,,0,,,
44576,1,1.0,SUPPORT,1,ATTACK,US,Boston
48681,1,0.8888888888888888,ADVISORY,1,FLOOD,,
54229,1,1.0,INFRA,1,STORM,US,
33277,1,0.7777777777777778,SUPPORT,1,OTHER,,
8517,1,1.0,SUPPORT,1,FLOOD,AU,Queensland
58854,0,1.0,,0,,,
18058,1,1.0,HUMAN,1,STORM,US,Oklahoma
29083,0,1.0,,0,,,
47403,0,1.0,,0,,,
15478,1,1.0,PROPERTY,2,STORM,US,Oklahoma
23604,1,1.0,OTHER,1,ATTACK,US,Boston
10001,0,1.0,,0,,,
23300,0,1.0,,0,,,
4075,0,1.0,,0,,,
9147,0,1.0,,0,,,
35327,0,1.0,,0,,,
29322,1,1.0,ADVISORY,2,STORM,US,
32132,1,1.0,ADVISORY,2,STORM,,
35653,0,1.0,,0,,,
48284,1,1.0,OTHER,1,STORM,US,Oklahoma
17665,1,1.0,OTHER,1,STORM,US,Oklahoma;Newcastle
34460,1,1.0,ADVISORY,3,STORM,US,
38704,1,1.0,OTHER,1,ATTACK,US,Boston
19041,0,1.0,,0,,,
5823,0,1.0,,0,,,
31778,0,1.0,,0,,,
60592,0,0.7777777777777778,,0,,,
33503,0,1.0,,0,,,
9751,1,1.0,AID,1,STORM,US,Oklahoma
23475,0,1.0,,0,,,
60114,1,1.0,SUPPORT,1,BLAST,US,Waco
10937,0,1.0,,0,,,
4141,1,1.0,OTHER,2,BLAST,US,Texas
33082,0,1.0,,0,,,
42644,0,1.0,,0,,,
51921,0,1.0,,0,,,
53921,1,1.0,ADVISORY,1,STORM,US,
36157,1,1.0,HUMAN,2,BLAST,US,"West, Texas"
17060,0,1.0,,0,,,
17473,1,1.0,OTHER,1,ATTACK,US,Boston
42792,0,1.0,,0,,,
6602,1,1.0,OTHER,1,STORM,US,
18644,1,1.0,HUMAN,1,STORM,US,Oklahoma
2649,1,0.7777777777777778,OTHER,1,OTHER,,
31301,0,1.0,,0,,,
53440,0,1.0,,0,,,
11692,1,1.0,INFRA,2,STORM,US,
14581,1,0.8888888888888888,OTHER,1,STORM,,
5277,1,1.0,SUPPORT,1,STORM,US,Moore;Oklahoma
34804,0,1.0,,0,,,
8596,1,1.0,AID,1,BLAST,US,Texas
61053,0,1.0,,0,,,
58108,1,1.0,ADVISORY,1,STORM,US,Oklahoma City
1555,1,1.0,OTHER,1,STORM,US,New York
4717,1,0.8888888888888888,INFRA,2,OTHER,,
36493,1,0.6666666666666666,SUPPORT,1,OTHER,,
5003,1,1.0,SUPPORT,1,BLAST,US,"West, Texas"
7655,0,1.0,,0,,,
30269,1,1.0,OTHER,1,BLAST,US,Texas
52803,0,1.0,,0,,,
39892,1,1.0,OTHER,1,ATTACK,US,Boston
49319,0,1.0,,0,,,
31784,0,1.0,,0,,,
43333,0,1.0,,0,,,
11472,1,1.0,OTHER,1,STORM,,
27622,1,1.0,AID,1,ATTACK,US,Boston
36794,1,1.0,OTHER,2,BLAST,US,Texas
15028,1,1.0,PROPERTY,2,BLAST,US,"West, Texas"
59631,1,0.7777777777777778,ADVISORY,2,OTHER,,
22590,0,1.0,,0,,,
9067,1,1.0,OTHER,2,FLOOD,AU,Australia
25317,1,1.0,AID,1,STORM,US,Oklahoma
39243,0,1.0,,0,,,
25885,0,1.0,,0,,,
27588,0,0.8888888888888888,,0,,,
32290,0,1.0,,0,,,
48819,1,1.0,SUPPORT,1,STORM,US,Oklahoma
17638,0,1.0,,0,,,
13322,1,1.0,PROPERTY,2,FLOOD,AU,Queensland;New South Wales
13663,0,1.0,,0,,,
24593,0,1.0,,0,,,
11762,0,1.0,,0,,,
638,0,1.0,,0,,,
55683,0,1.0,,0,,,
47891,1,1.0,OTHER,2,ATTACK,US,Boston
28589,1,1.0,INFRA,2,ATTACK,US,Boston
36840,1,1.0,OTHER,1,STORM,US,
55703,0,1.0,,0,,,
14018,1,1.0,OTHER,1,STORM,US,Moore
33068,0,1.0,,0,,,
52688,1,1.0,SUPPORT,1,STORM,US,Oklahoma
25854,1,1.0,SUPPORT,1,STORM,US,Oklahoma
31796,0,1.0,,0,,,
41022,0,0.7777777777777778,,0,,,
38815,0,1.0,,0,,,
5920,1,1.0,OTHER,2,STORM,,
2225,1,1.0,AID,1,FLOOD,AU,Queensland;Sydney
37003,1,1.0,OTHER,1,STORM,,
33825,1,1.0,HUMAN,2,FLOOD,AU,Queensland;New South Wales
10978,0,1.0,,0,,,
8357,0,1.0,,0,,,
15644,0,1.0,,0,,,
38831,0,1.0,,0,,,
31627,1,1.0,SUPPORT,1,ATTACK,US,New York;Boston
38721,0,1.0,,0,,,
38716,1,1.0,PROPERTY,2,STORM,US,Oklahoma City
32059,1,1.0,OTHER,1,ATTACK,US,Boston
7596,0,1.0,,0,,,
41541,1,1.0,AID,1,STORM,US,Oklahoma
48204,1,0.8888888888888888,OTHER,1,STORM,,
53068,0,1.0,,0,,,
10003,0,1.0,,0,,,
47601,1,1.0,HUMAN,1,ATTACK,US,Boston
1098,1,1.0,ADVISORY,2,STORM,US,New Jersey
53932,0,0.8888888888888888,,0,,,
21637,1,1.0,OTHER,1,FLOOD,AU,Queensland;Australia
50219,1,1.0,OTHER,1,ATTACK,US,Boston
49163,1,1.0,INFRA,2,FLOOD,,
42060,1,1.0,SUPPORT,1,STORM,US,Oklahoma
32553,0,1.0,,0,,,
4928,1,1.0,SUPPORT,1,STORM,US,Oklahoma City
12503,1,1.0,INFRA,2,FLOOD,US,Nantucket Court;Tuckerton
37215,0,0.8888888888888888,,0,,,
33219,1,1.0,PROPERTY,2,STORM,US,Oklahoma City
4383,0,1.0,,0,,,
20991,0,1.0,,0,,,
3840,0,1.0,,0,,,
18065,1,1.0,SUPPORT,1,STORM,US,Oklahoma
56546,0,1.0,,0,,,
51008,1,1.0,OTHER,1,ATTACK,US,Boston
31297,1,1.0,HUMAN,2,BLAST,US,Texas
46305,0,1.0,,0,,,
57175,0,1.0,,0,,,
48008,0,1.0,,0,,,
35651,0,1.0,,0,,,
35287,0,1.0,,0,,,
22497,0,1.0,,0,,,
53283,1,1.0,OTHER,1,ATTACK,US,Boston
37802,1,0.8888888888888888,OTHER,1,FLOOD,AU,Australia
8966,1,0.7777777777777778,OTHER,1,STORM,,
38480,1,0.8888888888888888,OTHER,1,STORM,US,
28519,0,1.0,,0,,,
52578,0,1.0,,0,,,
30762,0,1.0,,0,,,
42467,0,1.0,,0,,,
54121,0,1.0,,0,,,
41815,0,1.0,,0,,,
56802,1,0.8888888888888888,OTHER,1,STORM,,
51909,0,1.0,,0,,,
33860,0,1.0,,0,,,
30120,0,1.0,,0,,,
60073,1,0.6666666666666666,INFRA,2,STORM,,
46552,0,1.0,,0,,,
55972,1,1.0,HUMAN,2,FLOOD,AU,Australia
53009,1,1.0,HUMAN,2,BLAST,US,West;Texas
18611,1,1.0,OTHER,1,STORM,US,New Jersey
50340,1,0.8888888888888888,OTHER,1,FLOOD,AU,
57908,1,0.7777777777777778,INFRA,2,FLOOD,AU,
4342,1,1.0,HUMAN,2,BLAST,US,Texas
21066,0,1.0,,0,,,
58338,0,1.0,,0,,,
50391,0,1.0,,0,,,
54124,0,1.0,,0,,,
6369,1,1.0,HUMAN,1,STORM,US,Oklahoma
56411,0,1.0,,0,,,
46024,1,1.0,PROPERTY,2,FLOOD,AU,Australia
12411,1,1.0,AID,1,ATTACK,US,Boston
29249,1,1.0,OTHER,1,BLAST,US,West
46197,0,1.0,,0,,,
15011,1,1.0,OTHER,1,STORM,US,
32282,1,1.0,ADVISORY,1,STORM,US,
11587,0,1.0,,0,,,
14608,0,1.0,,0,,,
11904,0,1.0,,0,,,
15049,0,1.0,,0,,,
17514,1,0.8888888888888888,PROPERTY,2,STORM,,
7488,1,1.0,OTHER,1,BLAST,US,West;Texas
6415,1,1.0,OTHER,1,QUAKE,IT,
8737,1,1.0,PROPERTY,2,STORM,US,Oklahoma
14109,0,1.0,,0,,,
3912,1,1.0,ADVISORY,3,FLOOD,,
2500,1,1.0,SUPPORT,1,STORM,US,Oklahoma
2317,1,1.0,SUPPORT,1,ATTACK,US,Boston
7409,1,1.0,AID,1,FLOOD,AU,Queensland
12452,0,1.0,,0,,,
29518,1,1.0,HUMAN,1,STORM,US,Moore;Oklahoma
28696,1,1.0,AID,1,FLOOD,AU,Australia
3920,1,1.0,OTHER,1,BLAST,US,Texas
8573,0,1.0,,0,,,
5894,1,1.0,OTHER,1,BLAST,US,West;Texas
511,0,1.0,,0,,,
2013,0,1.0,,0,,,
48098,0,1.0,,0,,,
11437,1,1.0,AID,1,BLAST,US,Texas
6201,1,1.0,HUMAN,3,BLAST,US,Texas
27804,1,1.0,SUPPORT,1,STORM,US,Oklahoma
34942,0,1.0,,0,,,
50560,0,1.0,,0,,,
40863,0,1.0,,0,,,
53747,0,1.0,,0,,,
41077,0,1.0,,0,,,
18831,0,1.0,,0,,,
14562,1,1.0,OTHER,1,STORM,US,New York
36544,1,1.0,PROPERTY,2,BLAST,US,West;Texas
7667,0,1.0,,0,,,
23576,0,1.0,,0,,,
19803,1,1.0,PROPERTY,1,STORM,US,Oklahoma
32305,1,1.0,SUPPORT,1,STORM,US,Oklahoma
19053,1,1.0,SUPPORT,1,ATTACK,US,Boston
19,1,1.0,OTHER,1,ATTACK,US,Boston
31369,1,1.0,OTHER,1,STORM,,
47929,0,1.0,,0,,,
51397,1,1.0,SUPPORT,1,STORM,US,Moore;Oklahoma
41729,0,1.0,,0,,,
57339,0,1.0,,0,,,
21795,1,1.0,AID,1,FIRE,AU,New South Wales
32315,1,1.0,OTHER,1,BLAST,US,West;Texas
37528,0,1.0,,0,,,
56405,1,0.7777777777777778,OTHER,1,STORM,,
54217,1,1.0,ADVISORY,1,STORM,,
11314,1,1.0,HUMAN,3,STORM,US,Oklahoma
16950,0,1.0,,0,,,
30629,1,1.0,PROPERTY,2,FLOOD,US,Edgewater
57983,0,1.0,,0,,,
36451,1,1.0,OTHER,1,STORM,,
6504,0,1.0,,0,,,
30134,1,1.0,OTHER,1,ATTACK,US,Boston
55896,1,0.7777777777777778,OTHER,1,BLAST,US,West
31392,0,1.0,,0,,,
42455,0,1.0,,0,,,
13157,1,1.0,SUPPORT,1,STORM,US,Oklahoma
33279,0,1.0,,0,,,
53481,0,1.0,,0,,,
39021,1,1.0,SUPPORT,1,BLAST,US,Texas
55673,1,1.0,OTHER,1,STORM,US,
23149,1,1.0,HUMAN,1,ATTACK,US,Boston;New York
11026,0,1.0,,0,,,
48348,0,1.0,,0,,,
54577,0,1.0,,0,,,
2401,0,1.0,,0,,,
34273,1,0.8888888888888888,ADVISORY,2,STORM,US,
16031,1,1.0,HUMAN,3,BLAST,US,Texas
3599,0,0.6666666666666666,,0,,,
6592,1,1.0,OTHER,1,ATTACK,US,Boston
34504,1,1.0,INFRA,2,FLOOD,AU,Ferny Grove;Brisbane
37455,0,1.0,,0,,,
49368,1,1.0,OTHER,1,STORM,US,Oklahoma
21716,0,1.0,,0,,,
4534,1,1.0,SUPPORT,1,STORM,US,Oklahoma
32821,0,1.0,,0,,,
8597,1,1.0,HUMAN,2,BLAST,US,
20217,0,1.0,,0,,,
54972,1,1.0,SUPPORT,1,STORM,US,Oklahoma
34256,1,1.0,OTHER,1,STORM,US,
3198,0,1.0,,0,,,
52229,1,1.0,INFRA,2,FLOOD,AU,Chapel Hill;Fleming Road
61099,1,0.8888888888888888,PROPERTY,2,STORM,,
26858,1,0.8888888888888888,OTHER,1,ATTACK,US,Boston
44076,1,1.0,AID,1,STORM,US,Oklahoma
3965,1,1.0,SUPPORT,1,STORM,US,Oklahoma
23945,1,1.0,SUPPORT,1,ATTACK,US,Boston
28592,0,1.0,,0,,,
8665,1,1.0,ADVISORY,1,STORM,US,Moore;Oklahoma
51358,0,1.0,,0,,,
59794,0,1.0,,0,,,
22288,1,0.7777777777777778,NEEDS,2,FLOOD,AU,
32947,1,1.0,OTHER,1,ATTACK,US,Boston
60824,0,1.0,,0,,,
57438,1,1.0,OTHER,1,ATTACK,US,Boston
45263,1,1.0,HUMAN,2,BLAST,US,Texas
5544,1,1.0,OTHER,1,ATTACK,US,Boston
36207,0,1.0,,0,,,
2882,1,0.8888888888888888,PROPERTY,2,STORM,,
46286,1,1.0,SUPPORT,1,STORM,US,Oklahoma
5332,1,1.0,AID,1,CRASH,GB,Clutha;Glasgow
19073,0,1.0,,0,,,
39907,1,1.0,PROPERTY,2,FLOOD,,
9396,0,1.0,,0,,,
12584,1,1.0,ADVISORY,2,FLOOD,AU,Australia
11542,1,1.0,OTHER,1,STORM,US,
38972,1,1.0,OTHER,1,FLOOD,AU,Queensland
11448,0,1.0,,0,,,
21424,0,1.0,,0,,,
2117,0,1.0,,0,,,
51396,1,1.0,SUPPORT,1,ATTACK,US,Boston
11005,0,1.0,,0,,,
4320,0,1.0,,0,,,
1340,0,0.8888888888888888,,0,,,
38752,1,1.0,OTHER,1,ATTACK,US,Boston
31374,1,1.0,OTHER,1,ATTACK,US,Boston
53604,1,1.0,AID,3,FLOOD,PH,San Antonio;Pampanga;Bulacan;Cainta
46767,1,1.0,HUMAN,2,FLOOD,AU,Australia
40947,1,0.7777777777777778,OTHER,1,FLOOD,AU,Australia
54136,1,1.0,OTHER,1,STORM,US,
12873,0,1.0,,0,,,
14153,1,1.0,HUMAN,2,BLAST,US,Texas
15812,1,1.0,OTHER,1,ATTACK,US,Boston
53208,1,1.0,OTHER,1,ATTACK,US,Boston
39597,0,1.0,,0,,,
34409,1,1.0,SUPPORT,1,FLOOD,AU,Queensland
52798,0,1.0,,0,,,
55252,0,1.0,,0,,,
31607,0,1.0,,0,,,
3051,1,1.0,OTHER,2,STORM,US,
20468,1,1.0,AID,1,BLAST,US,West;Waco
2044,0,1.0,,0,,,
32009,1,1.0,SUPPORT,1,ATTACK,US,Boston
38868,0,1.0,,0,,,
14579,1,1.0,SUPPORT,1,ATTACK,US,Boston
6126,0,1.0,,0,,,
49520,1,1.0,SUPPORT,1,BLAST,US,Texas
39737,1,1.0,INFRA,2,STORM,US,
8348,0,1.0,,0,,,
18280,1,1.0,ADVISORY,1,FLOOD,AU,Australia
14222,1,1.0,SUPPORT,1,STORM,US,
24313,1,1.0,OTHER,1,BLAST,US,West
59245,0,1.0,,0,,,
43337,0,1.0,,0,,,
43091,1,1.0,OTHER,1,BLAST,US,Texas
10007,1,1.0,OTHER,1,BLAST,US,West;Texas
56459,0,1.0,,0,,,
49569,0,1.0,,0,,,
21720,0,1.0,,0,,,
25148,1,1.0,ADVISORY,1,FLOOD,AU,New South Wales;Queensland
20728,1,1.0,SUPPORT,1,ATTACK,US,Boston
29298,1,1.0,SUPPORT,1,STORM,US,Oklahoma
42443,1,1.0,AID,1,ATTACK,US,Boston
4406,0,1.0,,0,,,
9272,0,1.0,,0,,,
5105,1,1.0,OTHER,1,FLOOD,AU,Queensland
58033,0,1.0,,0,,,
29275,0,1.0,,0,,,
30793,0,1.0,,0,,,
12825,1,0.8888888888888888,OTHER,2,ATTACK,US,Boston
49166,1,1.0,SUPPORT,1,BLAST,US,West;Texas
56320,0,1.0,,0,,,
36692,1,1.0,SUPPORT,1,STORM,US,Oklahoma;Austin;Texas
59108,1,1.0,INFRA,2,STORM,US,Moore;Oklahoma City
15857,1,0.8888888888888888,OTHER,2,STORM,US,
10688,1,1.0,OTHER,1,BLAST,US,Texas
35149,1,1.0,OTHER,2,STORM,US,
23402,1,1.0,AID,1,STORM,PH,
34621,1,1.0,SUPPORT,1,STORM,US,Moore;Oklahoma
7123,1,1.0,INFRA,1,STORM,US,Upper East Side;Yorkville
48622,0,1.0,,0,,,
40227,0,1.0,,0,,,
27691,1,1.0,AID,1,STORM,US,East Coast
57360,0,1.0,,0,,,
50693,1,1.0,SUPPORT,1,STORM,US,Oklahoma
33886,0,1.0,,0,,,
17579,1,1.0,INFRA,1,STORM,US,
22012,0,1.0,,0,,,
12444,0,1.0,,0,,,
48397,0,1.0,,0,,,
31370,1,1.0,OTHER,1,FLOOD,AU,Queensland
31875,0,1.0,,0,,,
53622,0,1.0,,0,,,
19524,1,1.0,EVAC,1,STORM,US,Moore;Oklahoma
16091,1,1.0,INFRA,2,STORM,US,Long Island Rail Road
8178,0,1.0,,0,,,
49722,1,1.0,OTHER,1,BLAST,US,Texas
33626,1,1.0,OTHER,1,BLAST,US,West
45030,0,1.0,,0,,,
10706,0,1.0,,0,,,
24915,0,1.0,,0,,,
20355,0,1.0,,0,,,
24399,1,1.0,PROPERTY,2,STORM,US,Oklahoma
53575,0,1.0,,0,,,
19364,0,1.0,,0,,,
47713,1,1.0,HUMAN,2,ATTACK,US,Boston
411,0,1.0,,0,,,
56881,1,1.0,SUPPORT,1,ATTACK,US,Boston
17148,1,1.0,SUPPORT,1,STORM,US,Oklahoma
7996,0,1.0,,0,,,
58802,0,1.0,,0,,,
18745,0,1.0,,0,,,
45347,0,1.0,,0,,,
14991,1,1.0,OTHER,2,STORM,US,New York City;Times Square
23085,0,1.0,,0,,,
54589,0,1.0,,0,,,
29595,0,1.0,,0,,,
17949,0,1.0,,0,,,
25473,1,1.0,OTHER,1,ATTACK,US,Boston
16049,1,1.0,OTHER,1,STORM,US,
56153,1,1.0,ADVISORY,1,STORM,US,Montclair;Rutgers
30765,0,1.0,,0,,,
48677,0,1.0,,0,,,
39129,0,1.0,,0,,,
36015,1,1.0,AID,1,STORM,US,Oklahoma
29998,1,1.0,PROPERTY,2,FLOOD,US,Route 35;Lavallette
46775,0,1.0,,0,,,
46646,0,1.0,,0,,,
41644,1,1.0,SUPPORT,1,ATTACK,US,Watertown;Boston
21273,0,1.0,,0,,,
59572,0,1.0,,0,,,
12990,1,1.0,AID,1,ATTACK,US,Boston
56610,1,1.0,OTHER,1,FLOOD,AU,Australia
59515,0,1.0,,0,,,
59280,0,1.0,,0,,,
37122,1,1.0,AID,1,STORM,US,Colorado;Oklahoma
16154,0,1.0,,0,,,
48253,1,1.0,OTHER,1,STORM,US,Moore;Oklahoma
19160,1,0.8888888888888888,OTHER,1,ATTACK,US,Boston
42735,0,1.0,,0,,,
36618,0,1.0,,0,,,
51365,1,1.0,AID,1,STORM,US,Tornado Alley
53977,1,1.0,OTHER,1,BLAST,US,Texas
60303,0,1.0,,0,,,
36017,1,1.0,ADVISORY,2,STORM,US,Oklahoma City;Tulsa;Springfield;Wichita Falls;Edmond;Norman;Stillwater
38758,0,1.0,,0,,,
45870,1,1.0,OTHER,1,ATTACK,US,Boston
24848,1,1.0,PROPERTY,2,STORM,US,
24721,1,1.0,SUPPORT,1,STORM,US,Oklahoma
7219,1,1.0,HUMAN,2,BLAST,US,West;Texas
25847,0,1.0,,0,,,
58190,0,1.0,,0,,,
47615,0,1.0,,0,,,
55289,1,1.0,OTHER,1,BLAST,US,West;Texas;Waco
50628,0,1.0,,0,,,
4954,0,1.0,,0,,,
39045,1,1.0,OTHER,2,ATTACK,US,Boston
41742,1,1.0,PROPERTY,2,BLAST,US,West;Waco;Texas
391,1,1.0,OTHER,2,BLAST,US,West
45582,1,1.0,AID,1,STORM,US,
973,1,1.0,ADVISORY,2,FLOOD,AU,Brisbane
34248,1,1.0,OTHER,1,BLAST,US,West;Texas
39856,1,1.0,OTHER,1,STORM,US,Los Angeles;New York City
23254,1,1.0,HUMAN,2,ATTACK,US,Boston
57308,0,1.0,,0,,,
55854,1,1.0,NEEDS,2,STORM,US,
55873,0,1.0,,0,,,
50730,0,1.0,,0,,,
16685,1,1.0,ADVISORY,1,STORM,US,Oklahoma City
56571,0,1.0,,0,,,
30076,0,1.0,,0,,,
49444,1,1.0,SUPPORT,1,STORM,US,
12669,0,1.0,,0,,,
31133,1,1.0,ADVISORY,2,ATTACK,US,Boston
10446,1,1.0,ADVISORY,2,STORM,CA,
6533,0,1.0,,0,,,
12180,0,1.0,,0,,,
22613,1,1.0,HUMAN,1,STORM,US,
28890,0,1.0,,0,,,
42468,0,1.0,,0,,,
7677,0,1.0,,0,,,
60893,1,1.0,SUPPORT,1,BLAST,US,West Texas
15349,1,0.8888888888888888,OTHER,1,STORM,US,
53686,1,1.0,ADVISORY,2,FLOOD,AU,Queensland
39090,0,1.0,,0,,,
637,1,1.0,SUPPORT,1,ATTACK,US,
560,1,1.0,SUPPORT,1,BLAST,US,Texas
37038,1,1.0,AID,1,STORM,US,Oklahoma
42671,0,1.0,,0,,,
13184,1,1.0,OTHER,1,FLOOD,AU,Australia
38219,1,1.0,PROPERTY,1,FLOOD,AU,
46366,1,1.0,SUPPORT,1,BLAST,US,
51790,0,1.0,,0,,,
52672,1,1.0,OTHER,1,ATTACK,US,Boston
40395,1,1.0,ADVISORY,2,ATTACK,US,Boston
22865,1,1.0,OTHER,1,BLAST,US,West;Texas
18898,1,1.0,OTHER,1,ATTACK,US,Boston
19328,0,1.0,,0,,,
39319,1,1.0,HUMAN,2,FLOOD,AU,Queensland;New South Wales
35571,1,1.0,SUPPORT,1,ATTACK,US,Boston
12415,0,1.0,,0,,,
15624,0,1.0,,0,,,
36247,1,1.0,SUPPORT,1,ATTACK,US,Boston
35424,0,1.0,,0,,,
42211,0,1.0,,0,,,
16922,1,1.0,PROPERTY,2,STORM,AU,
15970,1,1.0,SUPPORT,1,STORM,US,New York
8488,1,1.0,PROPERTY,2,FLOOD,US,Oklahoma City
45879,1,1.0,OTHER,1,STORM,US,
38650,1,1.0,SUPPORT,1,BLAST,US,Texas
23918,0,1.0,,0,,,
22264,0,1.0,,0,,,
58580,1,1.0,ADVISORY,2,ATTACK,US,Boston
2700,0,1.0,,0,,,
56005,1,1.0,INFRA,2,STORM,US,
8112,1,1.0,OTHER,1,STORM,US,
47755,1,1.0,SUPPORT,1,FLOOD,AU,Queensland
49586,1,1.0,ADVISORY,2,BLAST,US,West;Texas
30778,1,1.0,AID,1,STORM,PH,
37784,0,1.0,,0,,,
179,0,1.0,,0,,,
6441,1,1.0,OTHER,1,STORM,US,New York City
7203,1,1.0,HUMAN,2,FLOOD,AU,New South Wales;Queensland
39641,1,1.0,OTHER,1,STORM,US,
53380,1,1.0,ADVISORY,1,ATTACK,US,Boston
8543,1,1.0,HUMAN,2,FLOOD,AU,Queensland
6147,0,1.0,,0,,,
12658,1,1.0,ADVISORY,2,STORM,US,
45138,1,1.0,HUMAN,1,STORM,US,Moore;Oklahoma
5210,1,1.0,OTHER,1,BLAST,US,West;Waco
28008,1,1.0,HUMAN,2,ATTACK,US,Boston
29902,0,1.0,,0,,,
24432,1,1.0,OTHER,2,BLAST,US,West;Texas
32782,0,1.0,,0,,,
28818,0,1.0,,0,,,
9559,0,1.0,,0,,,
762,1,1.0,AID,1,STORM,US,Oklahoma
10578,1,1.0,OTHER,1,STORM,US,
23304,1,1.0,SUPPORT,1,BLAST,US,West Texas
16332,1,1.0,ADVISORY,1,STORM,US,
7621,0,1.0,,0,,,
40649,0,1.0,,0,,,
4993,0,1.0,,0,,,
3792,0,1.0,,0,,,
55901,1,0.8888888888888888,OTHER,1,OTHER,US,
56502,0,1.0,,0,,,
1097,0,1.0,,0,,,
15691,0,1.0,,0,,,
42866,0,1.0,,0,,,
