group_id,split,relevant,confidence,category,urgency,locations
0,train,0.0,1.0,,0.0,
1,train,0.0,1.0,,0.0,
2,train,1.0,1.0,SUPPORT,1.0,Calgary
4,train,1.0,1.0,EVAC,1.0,western Canada
6,train,0.0,1.0,,0.0,
7,train,0.0,1.0,,0.0,
8,train,1.0,1.0,EVAC,1.0,Siska;Calgary
9,train,1.0,0.8888888888888888,NEEDS,1.0,Britannia;Calgary
10,train,1.0,1.0,AID,1.0,Calgary
11,train,0.0,1.0,,0.0,
12,train,0.0,1.0,,0.0,
13,train,0.0,1.0,,0.0,
14,train,1.0,1.0,EVAC,2.0,Calgary
15,train,1.0,1.0,AID,1.0,
16,train,1.0,0.8888888888888888,OTHER,1.0,
17,train,1.0,1.0,OTHER,1.0,Alberta;Fort McMurray
18,train,0.0,1.0,,0.0,
19,train,1.0,1.0,SUPPORT,1.0,Alberta
20,train,1.0,1.0,OTHER,1.0,Calgary
21,train,0.0,1.0,,0.0,
22,train,1.0,1.0,AID,1.0,Calgary
24,train,1.0,1.0,AID,1.0,Calgary
25,train,1.0,1.0,AID,1.0,Calgary Farmers' Market;Calgary
26,train,0.0,1.0,,0.0,
28,train,0.0,1.0,,0.0,
29,train,0.0,1.0,,0.0,
31,train,0.0,1.0,,0.0,
32,train,0.0,1.0,,0.0,
33,train,0.0,1.0,,0.0,
34,train,0.0,1.0,,0.0,
35,train,0.0,1.0,,0.0,
36,train,1.0,1.0,INFRA,2.0,Calgary
37,train,0.0,1.0,,0.0,
38,train,1.0,1.0,AID,1.0,Alberta
39,train,1.0,1.0,PROPERTY,2.0,Marda Loop;Calgary
40,train,0.0,1.0,,0.0,
42,train,1.0,1.0,SUPPORT,1.0,Alberta
43,train,0.0,0.8888888888888888,,0.0,
44,train,1.0,1.0,PROPERTY,1.0,downtown Calgary;Calgary
45,train,1.0,1.0,SUPPORT,1.0,Calgary
47,train,0.0,1.0,,0.0,
49,train,1.0,1.0,INFRA,2.0,Mission;Cliff Bungalow;Beltline;Victoria Park;Calgary
50,train,0.0,1.0,,0.0,
51,train,0.0,1.0,,0.0,
52,train,1.0,1.0,INFRA,2.0,5th Avenue flyover;Calgary
53,train,1.0,1.0,SUPPORT,1.0,Calgary;Canmore;High River;Okotoks;Lethbridge
54,train,1.0,1.0,ADVISORY,1.0,downtown Calgary;Calgary
55,train,1.0,1.0,OTHER,1.0,Calgary Stampede;Calgary
56,train,1.0,1.0,AID,1.0,Calgary
57,train,0.0,1.0,,0.0,
58,train,1.0,1.0,OTHER,2.0,Calgary
59,train,1.0,1.0,HUMAN,1.0,Nanaimo;Calgary
60,train,1.0,1.0,HUMAN,3.0,Calgary;Canada
61,train,0.0,1.0,,0.0,
62,train,1.0,1.0,INFRA,2.0,Bow River;Mainland
63,train,0.0,1.0,,0.0,
64,train,1.0,1.0,OTHER,1.0,Calgary
65,train,0.0,1.0,,0.0,
67,train,1.0,1.0,SUPPORT,1.0,Alberta
69,train,1.0,1.0,SUPPORT,1.0,Calgary Tower;Calgary
70,train,0.0,1.0,,0.0,
71,train,1.0,1.0,SUPPORT,1.0,Pincher Creek
72,train,0.0,1.0,,0.0,
73,train,1.0,1.0,AID,1.0,Alberta
74,train,1.0,1.0,OTHER,1.0,Earls 16th Ave;Calgary
75,train,0.0,1.0,,0.0,
76,train,0.0,1.0,,0.0,
77,train,0.0,1.0,,0.0,
78,train,1.0,1.0,PROPERTY,1.0,Bowness;Calgary
79,train,0.0,1.0,,0.0,
81,train,0.0,1.0,,0.0,
82,train,0.0,1.0,,0.0,
83,train,1.0,1.0,PROPERTY,2.0,Scotiabank Saddledome;Calgary
84,train,1.0,1.0,SUPPORT,1.0,Ontario;Calgary;Alberta
85,train,0.0,1.0,,0.0,
88,train,1.0,1.0,AID,1.0,Alberta
89,train,0.0,1.0,,0.0,
90,train,1.0,1.0,AID,1.0,Calgary
91,train,1.0,1.0,SUPPORT,1.0,Calgary
92,train,1.0,1.0,OTHER,1.0,Alberta
93,train,0.0,1.0,,0.0,
94,train,1.0,1.0,OTHER,1.0,Alberta;British Columbia
95,train,0.0,1.0,,0.0,
96,train,0.0,1.0,,0.0,
98,train,1.0,1.0,ADVISORY,1.0,Calgary
99,train,0.0,1.0,,0.0,
100,train,0.0,1.0,,0.0,
101,train,1.0,1.0,PROPERTY,2.0,Brava Bistro;Calgary
102,train,0.0,1.0,,0.0,
103,train,1.0,1.0,HUMAN,1.0,Alberta
104,train,1.0,1.0,PROPERTY,2.0,Starbucks 4th Street;Mission;Calgary
105,train,0.0,1.0,,0.0,
106,train,1.0,1.0,ADVISORY,1.0,
107,train,0.0,1.0,,0.0,
108,train,1.0,1.0,PROPERTY,1.0,Calgary
109,train,0.0,1.0,,0.0,
110,train,0.0,1.0,,0.0,
111,train,1.0,1.0,AID,1.0,Calgary
112,train,1.0,1.0,AID,1.0,Southeast Alberta
113,train,0.0,1.0,,0.0,
114,train,0.0,1.0,,0.0,
116,train,0.0,1.0,,0.0,
117,train,0.0,1.0,,0.0,
118,train,1.0,1.0,SUPPORT,1.0,Calgary Stampede;Calgary
119,train,0.0,1.0,,0.0,
120,train,1.0,1.0,AID,2.0,Edmonton;Calgary
121,train,1.0,1.0,SUPPORT,1.0,Calgary
122,train,0.0,1.0,,0.0,
123,train,0.0,1.0,,0.0,
124,train,1.0,0.8888888888888888,SUPPORT,1.0,Calgary;Toronto
125,train,1.0,1.0,OTHER,1.0,Calgary
126,train,1.0,1.0,AID,1.0,Calgary
127,train,1.0,1.0,ADVISORY,1.0,Calgary Stampede;Calgary
128,train,1.0,1.0,OTHER,1.0,Alberta
129,train,0.0,1.0,,0.0,
130,train,0.0,1.0,,0.0,
131,train,1.0,1.0,AID,1.0,Alberta
132,train,1.0,1.0,SUPPORT,1.0,Calgary;Edmonton;Alberta
133,train,0.0,1.0,,0.0,
134,train,0.0,1.0,,0.0,
135,train,0.0,1.0,,0.0,
136,train,1.0,1.0,ADVISORY,1.0,Alberta College of Art and Design;Calgary
137,train,1.0,1.0,INFRA,2.0,
138,train,0.0,1.0,,0.0,
139,train,0.0,1.0,,0.0,
140,train,1.0,1.0,SUPPORT,1.0,Calgary
141,train,1.0,1.0,ADVISORY,3.0,Memorial Drive;Calgary
142,train,0.0,1.0,,0.0,
143,train,1.0,1.0,PROPERTY,2.0,
144,train,1.0,1.0,ADVISORY,1.0,Deer Run;Calgary
145,train,1.0,1.0,PROPERTY,2.0,Scotiabank Saddledome;Alberta
146,train,1.0,0.8888888888888888,SUPPORT,1.0,
147,train,0.0,1.0,,0.0,
148,train,0.0,1.0,,0.0,
149,train,1.0,1.0,OTHER,1.0,Alberta
150,train,0.0,1.0,,0.0,
151,train,0.0,1.0,,0.0,
152,train,0.0,1.0,,0.0,
153,train,0.0,1.0,,0.0,
154,train,1.0,1.0,AID,1.0,Calgary;First Nations
155,train,1.0,1.0,AID,1.0,Elbow Park;Mission;Calgary
156,train,1.0,1.0,EVAC,2.0,
158,train,0.0,1.0,,0.0,
159,train,1.0,1.0,ADVISORY,1.0,Calgary
160,train,1.0,1.0,PROPERTY,1.0,Bow River;Canmore;Alberta
161,train,1.0,1.0,AID,1.0,Alberta
162,train,0.0,1.0,,0.0,
163,train,1.0,1.0,SUPPORT,1.0,Calgary
164,train,0.0,1.0,,0.0,
165,train,1.0,1.0,SUPPORT,1.0,Calgary
167,train,1.0,1.0,OTHER,1.0,High River
168,train,1.0,1.0,PROPERTY,1.0,Prince's Island Park;Calgary
169,train,1.0,1.0,ADVISORY,1.0,Calgary
170,train,1.0,1.0,AID,1.0,Calgary
171,train,0.0,1.0,,0.0,
172,train,0.0,1.0,,0.0,
173,train,0.0,1.0,,0.0,
174,train,0.0,1.0,,0.0,
175,train,0.0,1.0,,0.0,
176,train,0.0,1.0,,0.0,
177,train,0.0,1.0,,0.0,
178,train,1.0,1.0,OTHER,1.0,Calgary
179,train,0.0,1.0,,0.0,
182,train,1.0,1.0,ADVISORY,2.0,Alberta
183,train,1.0,1.0,HUMAN,1.0,Alberta;Canada
184,train,0.0,1.0,,0.0,
185,train,1.0,1.0,AID,1.0,Queen Elizabeth II Highway;Calgary
186,train,1.0,1.0,SUPPORT,1.0,Calgary
187,train,0.0,1.0,,0.0,
188,train,1.0,1.0,OTHER,1.0,Alberta
189,train,0.0,1.0,,0.0,
191,train,0.0,1.0,,0.0,
192,train,1.0,1.0,INFRA,1.0,Calgary
193,train,0.0,1.0,,0.0,
194,train,1.0,1.0,PROPERTY,2.0,Calgary
195,train,1.0,1.0,SUPPORT,1.0,Calgary
196,train,0.0,1.0,,0.0,
197,train,0.0,1.0,,0.0,
198,train,1.0,1.0,SUPPORT,1.0,Scotiabank Saddledome;Calgary
200,train,0.0,1.0,,0.0,
202,train,1.0,1.0,INFRA,1.0,Calgary
203,train,1.0,1.0,AID,1.0,Calgary
205,train,0.0,1.0,,0.0,
206,train,0.0,1.0,,0.0,
208,train,1.0,1.0,AID,1.0,Alberta
209,train,1.0,1.0,OTHER,1.0,Alberta
210,train,1.0,1.0,SUPPORT,1.0,Calgary;Edmonton
212,train,1.0,1.0,AID,1.0,Alberta
213,train,0.0,1.0,,0.0,
214,train,0.0,1.0,,0.0,
215,train,1.0,1.0,AID,1.0,Calgary
217,train,1.0,1.0,ADVISORY,1.0,Calgary
218,train,0.0,1.0,,0.0,
219,train,1.0,1.0,HUMAN,1.0,Ottawa;Calgary
221,train,0.0,1.0,,0.0,
224,train,1.0,1.0,OTHER,1.0,downtown Calgary;Calgary
225,train,1.0,1.0,AID,1.0,downtown Calgary;Calgary
226,train,1.0,1.0,AID,2.0,Calgary;Morley
227,train,0.0,1.0,,0.0,
228,train,0.0,1.0,,0.0,
229,train,1.0,1.0,OTHER,1.0,Calgary
231,train,0.0,1.0,,0.0,
232,train,1.0,1.0,OTHER,1.0,Calgary
235,train,0.0,1.0,,0.0,
236,train,0.0,1.0,,0.0,
237,train,1.0,1.0,OTHER,1.0,Calgary
238,train,1.0,1.0,AID,1.0,Siksika
239,train,1.0,1.0,PROPERTY,2.0,East Village;Calgary
240,train,1.0,1.0,SUPPORT,1.0,Crescent Heights;Canmore;Calgary
241,train,0.0,1.0,,0.0,
243,train,0.0,1.0,,0.0,
244,train,1.0,1.0,INFRA,2.0,Calgary
245,train,0.0,1.0,,0.0,
246,train,1.0,1.0,INFRA,2.0,Calgary
247,train,1.0,1.0,INFRA,2.0,Beltline;Calgary
248,train,1.0,1.0,INFRA,2.0,Heart Creek
250,train,0.0,1.0,,0.0,
251,train,1.0,1.0,AID,1.0,Calgary
252,train,1.0,0.8888888888888888,OTHER,1.0,Edmonton
253,train,1.0,0.8888888888888888,OTHER,1.0,Calgary
254,train,1.0,1.0,OTHER,2.0,Calgary
255,train,1.0,1.0,ADVISORY,2.0,Calgary
256,train,1.0,1.0,OTHER,1.0,Calgary
258,train,0.0,1.0,,0.0,
259,train,1.0,1.0,AID,1.0,Calgary
260,train,0.0,1.0,,0.0,
261,train,0.0,1.0,,0.0,
263,train,0.0,1.0,,0.0,
264,train,0.0,1.0,,0.0,
265,train,0.0,1.0,,0.0,
266,train,1.0,0.8888888888888888,AID,1.0,Calgary
267,train,0.0,0.7777777777777778,,0.0,
268,train,1.0,1.0,PROPERTY,1.0,Calgary
270,train,0.0,1.0,,0.0,
272,train,0.0,1.0,,0.0,
273,train,0.0,0.8888888888888888,,0.0,
274,train,0.0,1.0,,0.0,
275,train,0.0,1.0,,0.0,
276,train,0.0,1.0,,0.0,
278,train,0.0,1.0,,0.0,
279,train,0.0,1.0,,0.0,
280,train,0.0,1.0,,0.0,
281,train,1.0,1.0,NEEDS,3.0,Morley;Calgary
282,train,0.0,1.0,,0.0,
283,train,1.0,0.8888888888888888,OTHER,1.0,Calgary
284,train,0.0,1.0,,0.0,
285,train,1.0,1.0,EVAC,2.0,
286,train,1.0,1.0,ADVISORY,2.0,Calgary
287,train,1.0,1.0,OTHER,1.0,Calgary
288,train,0.0,1.0,,0.0,
289,train,0.0,1.0,,0.0,
290,train,1.0,1.0,INFRA,2.0,Bow Valley College;Calgary
291,train,0.0,1.0,,0.0,
292,train,0.0,1.0,,0.0,
293,train,0.0,1.0,,0.0,
294,train,0.0,1.0,,0.0,
296,train,0.0,1.0,,0.0,
297,train,0.0,1.0,,0.0,
298,train,1.0,1.0,INFRA,2.0,TD mall;Devonian Gardens;Calgary
299,train,0.0,1.0,,0.0,
300,train,1.0,1.0,AID,1.0,Alberta
301,train,0.0,1.0,,0.0,
302,train,0.0,1.0,,0.0,
303,train,1.0,1.0,PROPERTY,2.0,Rideau Park School;Calgary
304,train,0.0,1.0,,0.0,
305,train,1.0,1.0,ADVISORY,1.0,Calgary
306,train,1.0,1.0,INFRA,2.0,Trans-Canada Highway;Banff;Canmore
307,train,1.0,1.0,AID,1.0,Cowboys Nightclub;Mission;Calgary
309,train,0.0,1.0,,0.0,
310,train,0.0,1.0,,0.0,
311,train,0.0,1.0,,0.0,
312,train,1.0,1.0,ADVISORY,1.0,Calgary
313,train,0.0,1.0,,0.0,
314,train,0.0,1.0,,0.0,
315,train,0.0,1.0,,0.0,
316,train,0.0,1.0,,0.0,
317,train,1.0,1.0,AID,1.0,Calgary
318,train,0.0,1.0,,0.0,
319,train,1.0,0.8888888888888888,OTHER,1.0,
320,train,1.0,1.0,EVAC,3.0,Inn from the Cold;Calgary
321,train,0.0,1.0,,0.0,
322,train,0.0,1.0,,0.0,
324,train,1.0,1.0,AID,1.0,Glenmore Coin Laundry;Calgary
325,train,0.0,1.0,,0.0,
326,train,1.0,0.8888888888888888,OTHER,1.0,Lake Louise;Mcnair pond
327,train,1.0,1.0,SUPPORT,1.0,Calgary
328,train,0.0,1.0,,0.0,
329,train,0.0,1.0,,0.0,
330,train,0.0,1.0,,0.0,
331,train,0.0,1.0,,0.0,
332,train,0.0,1.0,,0.0,
333,train,0.0,1.0,,0.0,
334,train,0.0,1.0,,0.0,
335,train,1.0,1.0,SUPPORT,1.0,Calgary
336,train,0.0,1.0,,0.0,
337,train,1.0,1.0,ADVISORY,1.0,Calgary
338,train,1.0,0.8888888888888888,SUPPORT,1.0,Calgary
339,train,1.0,1.0,SUPPORT,1.0,Alberta
340,train,1.0,1.0,AID,1.0,Calgary
341,train,1.0,1.0,OTHER,1.0,Calgary
342,train,0.0,1.0,,0.0,
343,train,1.0,1.0,OTHER,2.0,Calgary
344,train,0.0,1.0,,0.0,
345,train,1.0,1.0,PROPERTY,2.0,Calgary
346,train,1.0,1.0,OTHER,1.0,Calgary
347,train,1.0,1.0,AID,1.0,Siksika
348,train,0.0,1.0,,0.0,
349,train,1.0,1.0,INFRA,2.0,
350,train,1.0,1.0,OTHER,1.0,Alberta
351,train,1.0,1.0,ADVISORY,1.0,Calgary
352,train,0.0,1.0,,0.0,
353,train,0.0,1.0,,0.0,
354,train,1.0,1.0,OTHER,1.0,Calgary
355,train,1.0,1.0,HUMAN,2.0,Alberta
356,train,1.0,1.0,OTHER,1.0,Calgary
357,train,1.0,1.0,NEEDS,2.0,Mission;Calgary
358,train,1.0,1.0,AID,1.0,Calgary
359,train,1.0,1.0,SUPPORT,1.0,Calgary
360,train,0.0,1.0,,0.0,
361,train,1.0,1.0,SUPPORT,1.0,Calgary
362,train,0.0,1.0,,0.0,
363,train,1.0,1.0,AID,2.0,Calgary
366,train,0.0,1.0,,0.0,
367,train,1.0,1.0,OTHER,1.0,Calgary
369,train,0.0,1.0,,0.0,
370,train,0.0,1.0,,0.0,
371,train,0.0,1.0,,0.0,
372,train,1.0,1.0,SUPPORT,1.0,Calgary
373,train,0.0,1.0,,0.0,
374,train,0.0,1.0,,0.0,
375,train,0.0,1.0,,0.0,
377,train,0.0,0.8888888888888888,,0.0,
378,train,0.0,1.0,,0.0,
380,train,1.0,1.0,AID,1.0,Alberta
381,train,0.0,1.0,,0.0,
382,train,0.0,1.0,,0.0,
383,train,1.0,0.8888888888888888,OTHER,1.0,
384,train,1.0,1.0,ADVISORY,2.0,Calgary
385,train,1.0,0.8888888888888888,OTHER,1.0,Calgary
386,train,1.0,1.0,SUPPORT,1.0,Calgary
387,train,1.0,1.0,SUPPORT,1.0,Calgary
388,train,0.0,1.0,,0.0,
389,train,0.0,1.0,,0.0,
390,train,1.0,1.0,ADVISORY,2.0,High River;Calgary
391,train,0.0,1.0,,0.0,
392,train,1.0,1.0,AID,1.0,Mission;Calgary
393,train,0.0,1.0,,0.0,
396,train,1.0,1.0,HUMAN,2.0,Calgary
397,train,1.0,1.0,AID,1.0,Alberta
398,train,1.0,1.0,OTHER,2.0,Calgary Zoo;Calgary
399,train,0.0,1.0,,0.0,
400,train,1.0,1.0,SUPPORT,1.0,Calgary
401,train,0.0,1.0,,0.0,
402,train,1.0,1.0,AID,1.0,Calgary
404,train,1.0,1.0,AID,1.0,Calgary
405,train,1.0,1.0,AID,1.0,Alberta
406,train,1.0,1.0,SUPPORT,1.0,Calgary
407,train,1.0,1.0,OTHER,1.0,Calgary
409,train,0.0,1.0,,0.0,
410,train,0.0,1.0,,0.0,
411,train,1.0,1.0,OTHER,1.0,Calgary
412,train,0.0,1.0,,0.0,
413,train,1.0,1.0,ADVISORY,1.0,Calgary
414,train,1.0,1.0,AID,1.0,Calgary
415,train,1.0,1.0,AID,1.0,Alberta
416,train,1.0,1.0,AID,1.0,London Drugs;Calgary
417,train,0.0,1.0,,0.0,
418,train,0.0,1.0,,0.0,
419,train,1.0,1.0,INFRA,2.0,Siksika
421,train,1.0,1.0,PROPERTY,1.0,Bow River;Elbow River;Inglewood;Calgary
422,train,0.0,1.0,,0.0,
423,train,1.0,1.0,OTHER,1.0,Calgary
424,train,0.0,1.0,,0.0,
425,train,1.0,1.0,OTHER,1.0,Alberta
427,train,1.0,1.0,ADVISORY,1.0,Alberta
428,train,1.0,1.0,OTHER,2.0,Calgary
430,train,0.0,1.0,,0.0,
431,train,1.0,1.0,INFRA,2.0,7th Avenue;Calgary
432,train,1.0,0.8888888888888888,OTHER,1.0,Calgary
433,train,0.0,1.0,,0.0,
434,train,1.0,1.0,SUPPORT,1.0,Calgary
437,train,1.0,1.0,SUPPORT,1.0,Calgary
438,train,0.0,1.0,,0.0,
439,train,0.0,1.0,,0.0,
440,train,0.0,1.0,,0.0,
441,train,1.0,1.0,AID,1.0,Erlton;Calgary
442,train,1.0,1.0,OTHER,2.0,Alberta
443,train,0.0,1.0,,0.0,
446,train,0.0,1.0,,0.0,
447,train,1.0,1.0,ADVISORY,1.0,Alberta
448,train,1.0,1.0,ADVISORY,2.0,Municipal District of Foothills
449,train,1.0,1.0,OTHER,2.0,Calgary
450,train,1.0,1.0,INFRA,2.0,
451,train,0.0,1.0,,0.0,
452,train,0.0,1.0,,0.0,
453,train,1.0,1.0,OTHER,1.0,
454,train,0.0,1.0,,0.0,
455,train,0.0,1.0,,0.0,
456,train,0.0,1.0,,0.0,
457,train,0.0,1.0,,0.0,
458,train,1.0,1.0,AID,1.0,Beaumont;Southern Alberta
459,train,0.0,1.0,,0.0,
460,train,0.0,1.0,,0.0,
461,train,0.0,1.0,,0.0,
462,train,1.0,1.0,AID,1.0,Southern Alberta
463,train,1.0,1.0,INFRA,2.0,Calgary
464,train,0.0,1.0,,0.0,
465,train,0.0,1.0,,0.0,
466,train,1.0,1.0,INFRA,2.0,Beltline;Calgary
467,train,1.0,1.0,AID,1.0,Calgary
468,train,0.0,1.0,,0.0,
469,train,1.0,1.0,AID,1.0,Southern Alberta;Canada
470,train,1.0,1.0,OTHER,1.0,
471,train,0.0,1.0,,0.0,
472,train,0.0,1.0,,0.0,
473,train,0.0,1.0,,0.0,
474,train,1.0,1.0,AID,1.0,Mission;Calgary
475,train,1.0,1.0,OTHER,1.0,Medicine Hat
476,train,0.0,1.0,,0.0,
477,train,1.0,1.0,OTHER,1.0,
478,train,1.0,1.0,PROPERTY,2.0,Calgary
479,train,0.0,1.0,,0.0,
480,train,1.0,1.0,OTHER,1.0,Canada
481,train,1.0,1.0,EVAC,2.0,Calgary
482,train,1.0,1.0,AID,1.0,Calgary
483,train,0.0,1.0,,0.0,
484,train,1.0,1.0,ADVISORY,1.0,Calgary
485,train,0.0,1.0,,0.0,
486,train,0.0,1.0,,0.0,
487,train,0.0,1.0,,0.0,
488,train,1.0,1.0,AID,1.0,
490,train,1.0,1.0,AID,1.0,Mission
491,train,1.0,1.0,INFRA,1.0,Calgary
492,train,0.0,1.0,,0.0,
493,train,1.0,1.0,SUPPORT,1.0,Calgary
494,train,1.0,1.0,INFRA,2.0,Calgary
495,train,0.0,1.0,,0.0,
497,train,0.0,0.8888888888888888,,0.0,
498,train,1.0,1.0,SUPPORT,1.0,Canada;Alberta
499,train,1.0,1.0,AID,1.0,Calgary
501,train,1.0,1.0,SUPPORT,1.0,Canada;Ireland;United Kingdom;Calgary
503,train,1.0,1.0,ADVISORY,1.0,Calgary
504,train,0.0,1.0,,0.0,
506,train,1.0,1.0,NEEDS,2.0,Calgary
507,train,1.0,1.0,OTHER,1.0,"Calgary;Lourdes, France"
508,train,0.0,1.0,,0.0,
509,train,0.0,0.8888888888888888,,0.0,
510,train,1.0,1.0,INFRA,2.0,Calgary;Beltline
511,train,1.0,1.0,PROPERTY,2.0,River Road;Medicine Hat;South Saskatchewan River
512,train,1.0,1.0,AID,1.0,Lakeview Community Hall;Calgary
514,train,1.0,1.0,OTHER,1.0,Calgary
516,train,0.0,1.0,,0.0,
517,train,1.0,1.0,SUPPORT,1.0,Alberta
518,train,0.0,1.0,,0.0,
519,train,1.0,1.0,OTHER,1.0,Texas
520,train,0.0,1.0,,0.0,
521,train,0.0,1.0,,0.0,
523,train,0.0,0.8888888888888888,,0.0,
524,train,0.0,1.0,,0.0,
525,train,1.0,1.0,OTHER,1.0,Calgary
526,train,1.0,1.0,AID,1.0,Calgary
527,train,1.0,1.0,OTHER,1.0,Calgary
528,train,1.0,1.0,AID,1.0,Siksika;Alberta
529,train,0.0,1.0,,0.0,
530,train,0.0,1.0,,0.0,
531,train,0.0,1.0,,0.0,
532,train,0.0,1.0,,0.0,
533,train,1.0,1.0,PROPERTY,1.0,Calgary
534,train,0.0,1.0,,0.0,
535,train,0.0,1.0,,0.0,
536,train,0.0,1.0,,0.0,
537,train,1.0,1.0,AID,1.0,Calgary
538,train,0.0,1.0,,0.0,
539,train,0.0,1.0,,0.0,
541,train,1.0,1.0,ADVISORY,2.0,Calgary
542,train,0.0,1.0,,0.0,
543,train,0.0,1.0,,0.0,
545,train,1.0,1.0,SUPPORT,1.0,Alberta
546,train,0.0,1.0,,0.0,
547,train,1.0,1.0,OTHER,1.0,Saddledome;Calgary
548,train,0.0,1.0,,0.0,
549,train,1.0,1.0,AID,1.0,Alberta
550,train,1.0,1.0,ADVISORY,1.0,Calgary
551,train,1.0,1.0,AID,1.0,Alberta
552,train,0.0,1.0,,0.0,
553,train,1.0,1.0,PROPERTY,1.0,Calgary
554,train,1.0,1.0,AID,1.0,Calgary
555,train,1.0,1.0,OTHER,1.0,Alberta
556,train,0.0,1.0,,0.0,
557,train,0.0,1.0,,0.0,
558,train,1.0,1.0,AID,1.0,Southern Alberta;Calgary
559,train,1.0,1.0,OTHER,1.0,Calgary
560,train,1.0,1.0,OTHER,1.0,Calgary
561,train,0.0,1.0,,0.0,
562,train,0.0,1.0,,0.0,
563,train,0.0,1.0,,0.0,
564,train,0.0,1.0,,0.0,
565,train,0.0,1.0,,0.0,
566,train,1.0,1.0,INFRA,2.0,Calgary
567,train,0.0,1.0,,0.0,
569,train,1.0,1.0,HUMAN,2.0,Alberta;Deer Park
570,train,1.0,1.0,INFRA,1.0,Calgary
571,train,0.0,1.0,,0.0,
572,train,0.0,1.0,,0.0,
573,train,1.0,1.0,OTHER,1.0,
574,train,0.0,1.0,,0.0,
575,train,1.0,1.0,OTHER,1.0,Calgary
576,train,0.0,1.0,,0.0,
577,train,0.0,1.0,,0.0,
579,train,0.0,1.0,,0.0,
580,train,1.0,1.0,HUMAN,2.0,Calgary
582,train,1.0,1.0,SUPPORT,1.0,Calgary
583,train,1.0,1.0,EVAC,2.0,Calgary
584,train,1.0,1.0,AID,1.0,Calgary
585,train,1.0,1.0,EVAC,2.0,High River
586,train,0.0,1.0,,0.0,
587,train,0.0,1.0,,0.0,
588,train,1.0,1.0,OTHER,1.0,Calgary
589,train,1.0,1.0,EVAC,2.0,Quarry Park;Riverbend;Douglasdale;Deer Run;Connaught;Calgary
590,train,1.0,1.0,OTHER,1.0,Calgary;Southern Alberta
591,train,0.0,1.0,,0.0,
592,train,1.0,1.0,AID,1.0,Calgary
593,train,1.0,1.0,EVAC,1.0,Sunnyside;Calgary
594,train,0.0,1.0,,0.0,
595,train,0.0,1.0,,0.0,
596,train,1.0,1.0,AID,1.0,Calgary
597,train,1.0,1.0,ADVISORY,2.0,River Road;Medicine Hat;South Saskatchewan River
598,train,0.0,1.0,,0.0,
599,train,0.0,1.0,,0.0,
600,train,1.0,1.0,AID,1.0,Alberta
601,train,0.0,1.0,,0.0,
602,train,0.0,1.0,,0.0,
603,train,1.0,1.0,AID,1.0,Calgary;SAIT;Senator Burns parking lot
604,train,0.0,1.0,,0.0,
605,train,1.0,1.0,ADVISORY,1.0,Alberta
607,train,1.0,1.0,AID,1.0,Alberta;Calgary
608,train,0.0,1.0,,0.0,
609,train,0.0,1.0,,0.0,
610,train,1.0,1.0,OTHER,1.0,Calgary;Alberta;Canmore;Bragg Creek;High River
611,train,1.0,1.0,HUMAN,2.0,High River;Calgary
612,train,0.0,1.0,,0.0,
614,train,1.0,0.8888888888888888,PROPERTY,1.0,
615,train,1.0,1.0,OTHER,1.0,Alberta;Rockies
617,train,1.0,1.0,AID,1.0,Alberta
618,train,1.0,1.0,SUPPORT,1.0,Calgary
619,train,0.0,1.0,,0.0,
620,train,0.0,1.0,,0.0,
621,train,1.0,1.0,OTHER,1.0,High River;Calgary
622,train,1.0,1.0,SUPPORT,1.0,Calgary
623,train,0.0,1.0,,0.0,
624,train,1.0,1.0,ADVISORY,1.0,Alberta
625,train,0.0,1.0,,0.0,
626,train,1.0,1.0,OTHER,1.0,Alberta
627,train,0.0,1.0,,0.0,
628,train,1.0,1.0,AID,1.0,Southern Alberta
629,train,0.0,1.0,,0.0,
630,train,0.0,1.0,,0.0,
633,train,1.0,1.0,EVAC,2.0,Inglewood;Calgary
634,train,0.0,1.0,,0.0,
635,train,1.0,1.0,AID,1.0,Alberta;Canada
636,train,0.0,1.0,,0.0,
637,train,1.0,1.0,ADVISORY,2.0,Chinook Centre;Calgary
638,train,1.0,1.0,SUPPORT,1.0,Alberta
639,train,1.0,1.0,INFRA,2.0,
641,train,1.0,1.0,SUPPORT,1.0,Alberta
642,train,1.0,1.0,HUMAN,2.0,Highwood River;Calgary
643,train,0.0,1.0,,0.0,
644,train,0.0,1.0,,0.0,
645,train,0.0,1.0,,0.0,
646,train,1.0,1.0,AID,1.0,Alberta
647,train,0.0,1.0,,0.0,
648,train,1.0,1.0,OTHER,1.0,Calgary
649,train,1.0,1.0,PROPERTY,2.0,Elbow River;Glenmore Dam;Bow River;Calgary
650,train,1.0,1.0,OTHER,1.0,Alberta
651,train,1.0,1.0,OTHER,1.0,Calgary;Canada
652,train,1.0,1.0,SUPPORT,1.0,Alberta
653,train,0.0,1.0,,0.0,
654,train,1.0,1.0,INFRA,2.0,Mission Road;Calgary
655,train,1.0,1.0,ADVISORY,2.0,Calgary
656,train,1.0,1.0,AID,1.0,Calgary
657,train,1.0,1.0,EVAC,2.0,Calgary
658,train,0.0,1.0,,0.0,
659,train,0.0,1.0,,0.0,
660,train,0.0,1.0,,0.0,
661,train,0.0,1.0,,0.0,
662,train,0.0,1.0,,0.0,
663,train,1.0,1.0,AID,1.0,Calgary
664,train,0.0,1.0,,0.0,
665,train,1.0,1.0,AID,1.0,Alberta
666,train,0.0,1.0,,0.0,
667,train,1.0,1.0,INFRA,2.0,Calgary
668,train,1.0,1.0,OTHER,1.0,Alberta;Calgary
669,train,0.0,1.0,,0.0,
670,train,1.0,1.0,AID,1.0,Calgary
671,train,1.0,1.0,SUPPORT,1.0,Alberta;Canada
672,train,1.0,1.0,OTHER,1.0,Alberta
673,train,1.0,1.0,INFRA,2.0,Calgary
674,train,1.0,1.0,OTHER,1.0,Alberta
675,train,1.0,1.0,PROPERTY,1.0,Scotsman's Hill;Calgary
676,train,0.0,1.0,,0.0,
677,train,1.0,1.0,INFRA,2.0,Downtown Calgary;Calgary
678,train,0.0,0.8888888888888888,,0.0,
679,train,0.0,1.0,,0.0,
680,train,0.0,1.0,,0.0,
681,train,1.0,1.0,SUPPORT,1.0,Alberta
682,train,1.0,1.0,AID,1.0,Alberta
685,train,0.0,1.0,,0.0,
686,train,1.0,1.0,SUPPORT,1.0,Calgary
687,train,0.0,1.0,,0.0,
688,train,1.0,1.0,HUMAN,2.0,High River
690,train,0.0,0.7777777777777778,,0.0,
691,train,1.0,1.0,INFRA,2.0,Calgary
693,train,1.0,1.0,SUPPORT,1.0,Calgary
694,train,1.0,1.0,EVAC,2.0,Siksika
695,train,0.0,1.0,,0.0,
696,train,0.0,1.0,,0.0,
697,train,0.0,0.8888888888888888,,0.0,
698,train,1.0,1.0,OTHER,1.0,Calgary
700,train,0.0,1.0,,0.0,
701,train,1.0,0.7777777777777778,OTHER,1.0,
702,train,1.0,1.0,HUMAN,2.0,Calgary;Downtown Calgary
704,train,1.0,1.0,SUPPORT,1.0,Calgary
705,train,1.0,1.0,ADVISORY,1.0,Calgary
707,train,0.0,1.0,,0.0,
708,train,0.0,1.0,,0.0,
709,train,1.0,0.8888888888888888,SUPPORT,1.0,
710,train,1.0,1.0,OTHER,1.0,Alberta;Calgary
711,train,0.0,1.0,,0.0,
712,train,1.0,0.7777777777777778,PROPERTY,1.0,
713,train,0.0,1.0,,0.0,
714,train,1.0,1.0,OTHER,1.0,Siksika Nation
715,train,1.0,1.0,AID,1.0,Calgary
716,train,0.0,1.0,,0.0,
717,train,0.0,1.0,,0.0,
718,train,1.0,1.0,AID,1.0,Sunnyside;Calgary
719,train,1.0,1.0,SUPPORT,1.0,Alberta;British Columbia
720,train,0.0,1.0,,0.0,
721,train,1.0,1.0,EVAC,2.0,High River
722,train,0.0,0.7777777777777778,,0.0,
723,train,1.0,1.0,AID,1.0,Calgary
724,train,1.0,1.0,HUMAN,2.0,Bowness;Canada Olympic Park;Calgary
725,train,0.0,1.0,,0.0,
727,train,1.0,1.0,AID,2.0,Stanley Park;Calgary
728,train,1.0,1.0,OTHER,1.0,Calgary
729,train,1.0,1.0,OTHER,1.0,Winnipeg;Calgary
730,train,1.0,1.0,AID,1.0,Alberta
731,train,1.0,1.0,AID,1.0,Siksika
733,train,1.0,1.0,NEEDS,2.0,Calgary
734,train,0.0,1.0,,0.0,
735,train,0.0,1.0,,0.0,
736,train,0.0,1.0,,0.0,
737,train,0.0,1.0,,0.0,
738,train,0.0,1.0,,0.0,
739,train,0.0,1.0,,0.0,
740,train,1.0,1.0,OTHER,1.0,Calgary
741,train,1.0,1.0,AID,1.0,Calgary
742,train,0.0,1.0,,0.0,
743,train,0.0,1.0,,0.0,
744,train,0.0,1.0,,0.0,
745,train,1.0,1.0,AID,1.0,Alberta
746,train,1.0,1.0,ADVISORY,1.0,Alberta;Calgary;Medicine Hat
747,train,0.0,0.8888888888888888,,0.0,
748,train,1.0,1.0,OTHER,1.0,Calgary Stampede;Calgary
749,train,0.0,1.0,,0.0,
750,train,1.0,1.0,ADVISORY,2.0,Saskatchewan;Manitoba;Alberta
751,train,1.0,1.0,HUMAN,2.0,Highwood River;High River
752,train,0.0,1.0,,0.0,
753,train,0.0,1.0,,0.0,
754,train,0.0,0.6666666666666666,,0.0,
755,train,1.0,1.0,PROPERTY,1.0,Calgary Zoo;Calgary
757,train,0.0,1.0,,0.0,
758,train,0.0,1.0,,0.0,
759,train,0.0,1.0,,0.0,
760,train,0.0,1.0,,0.0,
762,train,1.0,1.0,SUPPORT,1.0,Calgary
763,train,1.0,1.0,ADVISORY,1.0,Calgary
764,train,1.0,1.0,AID,1.0,Alberta
765,train,1.0,1.0,HUMAN,2.0,Alberta;Calgary
766,train,1.0,1.0,AID,2.0,East Village;The Golden Age Club;Calgary
767,train,1.0,1.0,AID,1.0,Alberta
768,train,1.0,1.0,INFRA,2.0,Macleod Trail;Calgary
769,train,0.0,1.0,,0.0,
770,train,0.0,1.0,,0.0,
771,train,1.0,1.0,AID,2.0,McKenzie Meadows Golf Club;Calgary
772,train,0.0,1.0,,0.0,
773,train,0.0,1.0,,0.0,
774,train,0.0,1.0,,0.0,
775,train,1.0,1.0,EVAC,1.0,Alberta
776,train,1.0,1.0,PROPERTY,2.0,Scotiabank Saddledome
777,train,1.0,1.0,OTHER,1.0,
778,train,1.0,1.0,OTHER,1.0,Calgary
780,train,1.0,1.0,ADVISORY,2.0,Calgary
27,train,1.0,1.0,AID,1.0,
782,train,0.0,1.0,,0.0,
783,train,0.0,1.0,,0.0,
784,train,1.0,1.0,AID,1.0,Calgary Stampede;Calgary
785,train,0.0,1.0,,0.0,
786,train,1.0,1.0,SUPPORT,1.0,Calgary
787,train,0.0,1.0,,0.0,
788,train,1.0,1.0,SUPPORT,1.0,Alberta
789,train,1.0,1.0,SUPPORT,1.0,Calgary
790,train,1.0,1.0,HUMAN,1.0,Calgary
791,train,0.0,1.0,,0.0,
792,train,1.0,1.0,AID,1.0,Alberta
793,train,0.0,1.0,,0.0,
794,train,0.0,1.0,,0.0,
795,train,0.0,1.0,,0.0,
796,train,0.0,1.0,,0.0,
797,train,1.0,1.0,ADVISORY,2.0,Calgary
798,train,1.0,1.0,EVAC,1.0,Calgary
799,train,0.0,1.0,,0.0,
800,train,0.0,1.0,,0.0,
801,train,1.0,1.0,AID,1.0,Alberta
802,train,1.0,1.0,SUPPORT,1.0,Alberta
803,train,1.0,0.8888888888888888,PROPERTY,1.0,Calgary
804,train,1.0,1.0,SUPPORT,1.0,Calgary
805,train,1.0,1.0,PROPERTY,1.0,Bow River;Montgomery;Calgary
806,train,0.0,1.0,,0.0,
808,train,0.0,1.0,,0.0,
809,train,1.0,1.0,EVAC,1.0,Calgary
810,train,0.0,1.0,,0.0,
811,train,1.0,1.0,INFRA,2.0,Alberta
812,train,0.0,1.0,,0.0,
813,train,0.0,1.0,,0.0,
814,train,0.0,1.0,,0.0,
815,train,1.0,1.0,OTHER,1.0,
816,train,0.0,1.0,,0.0,
817,train,1.0,1.0,SUPPORT,1.0,Calgary
818,train,1.0,1.0,HUMAN,2.0,Downtown Calgary
819,train,0.0,1.0,,0.0,
820,train,0.0,1.0,,0.0,
821,train,1.0,1.0,ADVISORY,1.0,Alberta
822,train,1.0,1.0,EVAC,3.0,Calgary
823,train,1.0,1.0,AID,1.0,Calgary
824,train,0.0,1.0,,0.0,
825,train,1.0,1.0,INFRA,2.0,Downtown Calgary
826,train,0.0,1.0,,0.0,
827,train,0.0,1.0,,0.0,
828,train,0.0,1.0,,0.0,
829,train,1.0,0.8888888888888888,SUPPORT,1.0,Calgary
830,train,0.0,1.0,,0.0,
831,train,1.0,1.0,EVAC,1.0,Calgary;Downtown Calgary
832,train,1.0,1.0,INFRA,2.0,Downtown Calgary
833,train,1.0,1.0,AID,1.0,Alberta
834,train,1.0,1.0,OTHER,1.0,Calgary
835,train,0.0,1.0,,0.0,
836,train,0.0,1.0,,0.0,
837,train,1.0,1.0,EVAC,1.0,Alberta
838,train,1.0,1.0,OTHER,1.0,Calgary
842,train,1.0,1.0,HUMAN,2.0,Calgary;Downtown Calgary;Alberta
843,train,1.0,1.0,OTHER,1.0,Siksika;Stoney;Treaty 7 Nations
844,train,0.0,1.0,,0.0,
845,train,1.0,1.0,AID,1.0,Morley;Siksika;Tsuu T'ina;Edmonton
846,train,1.0,1.0,OTHER,1.0,Alberta
847,train,0.0,1.0,,0.0,
848,train,0.0,1.0,,0.0,
849,train,1.0,0.8888888888888888,SUPPORT,1.0,
850,train,1.0,1.0,INFRA,2.0,Downtown Calgary
851,train,1.0,1.0,OTHER,1.0,Alberta
852,train,1.0,1.0,EVAC,2.0,Calgary
853,train,1.0,1.0,NEEDS,1.0,Calgary
854,train,1.0,1.0,SUPPORT,1.0,Alberta
855,train,0.0,1.0,,0.0,
856,train,1.0,1.0,HUMAN,2.0,Erlton;Calgary
857,train,1.0,1.0,AID,2.0,Sandy Beach;Calgary
858,train,0.0,1.0,,0.0,
859,train,1.0,1.0,OTHER,1.0,Calgary
860,train,0.0,1.0,,0.0,
861,train,0.0,1.0,,0.0,
862,train,1.0,1.0,PROPERTY,1.0,Calgary Zoo
863,train,1.0,1.0,OTHER,1.0,Calgary
864,train,1.0,1.0,OTHER,1.0,Southern Alberta
865,train,1.0,1.0,ADVISORY,1.0,Calgary
866,train,1.0,1.0,INFRA,2.0,Calgary;Holy Cross;Sheldon Chumir
867,train,0.0,1.0,,0.0,
868,train,0.0,1.0,,0.0,
870,train,1.0,1.0,PROPERTY,2.0,Scotiabank Saddledome;Calgary
872,train,1.0,1.0,OTHER,1.0,Calgary;Alberta
873,train,0.0,1.0,,0.0,
874,train,1.0,1.0,AID,1.0,Alberta
876,train,1.0,1.0,EVAC,2.0,South Fish Creek Recreation Complex;Calgary
877,train,0.0,1.0,,0.0,
878,train,0.0,1.0,,0.0,
879,train,0.0,1.0,,0.0,
880,train,1.0,1.0,AID,2.0,Calgary
881,train,1.0,1.0,AID,2.0,Saskatoon;Calgary
882,train,0.0,1.0,,0.0,
883,train,0.0,1.0,,0.0,
884,train,1.0,1.0,OTHER,1.0,Calgary
885,train,1.0,1.0,INFRA,2.0,9th Street;Kensington;Downtown Calgary;Calgary
886,train,1.0,1.0,PROPERTY,2.0,Elbow River;Calgary
887,train,1.0,1.0,PROPERTY,2.0,Scotiabank Saddledome
888,train,0.0,1.0,,0.0,
889,train,0.0,1.0,,0.0,
890,train,1.0,1.0,AID,2.0,9th Avenue Southeast;Inglewood;Calgary
891,train,1.0,1.0,OTHER,1.0,Calgary Stampede;Calgary
892,train,1.0,1.0,NEEDS,2.0,Brentview Baptist Church;Calgary
893,train,0.0,1.0,,0.0,
894,train,1.0,1.0,OTHER,1.0,Alberta
895,train,0.0,1.0,,0.0,
896,train,1.0,1.0,AID,1.0,Alberta;Calgary
897,train,0.0,1.0,,0.0,
898,train,1.0,1.0,PROPERTY,2.0,Calgary Stampede Grandstand;Calgary
899,train,0.0,1.0,,0.0,
900,train,1.0,1.0,AID,1.0,Alberta
901,train,1.0,1.0,ADVISORY,2.0,Red Deer
902,train,0.0,1.0,,0.0,
903,train,0.0,1.0,,0.0,
904,train,0.0,1.0,,0.0,
905,train,0.0,1.0,,0.0,
906,train,0.0,1.0,,0.0,
908,train,1.0,1.0,OTHER,1.0,Calgary
910,train,1.0,1.0,OTHER,1.0,Calgary
911,train,1.0,1.0,EVAC,3.0,downtown Calgary;Calgary
912,train,0.0,1.0,,0.0,
913,train,1.0,1.0,INFRA,2.0,Medicine Hat
914,train,1.0,1.0,PROPERTY,2.0,Calgary
915,train,1.0,1.0,AID,1.0,Calgary
916,train,0.0,1.0,,0.0,
917,train,1.0,1.0,OTHER,1.0,Calgary
919,train,0.0,1.0,,0.0,
920,train,0.0,1.0,,0.0,
921,train,1.0,1.0,NEEDS,1.0,Calgary
923,train,1.0,1.0,AID,1.0,Calgary
924,train,1.0,1.0,AID,1.0,Siksika Nation;Calgary
925,train,0.0,1.0,,0.0,
926,train,1.0,1.0,AID,2.0,Calgary Drop-In Centre;Calgary
928,train,1.0,1.0,INFRA,2.0,Trans-Canada Highway;Banff
929,train,0.0,1.0,,0.0,
930,train,1.0,1.0,OTHER,1.0,Alberta
931,train,0.0,1.0,,0.0,
932,train,1.0,1.0,HUMAN,2.0,Calgary
933,train,1.0,1.0,AID,1.0,Calgary
934,train,0.0,1.0,,0.0,
935,train,1.0,1.0,OTHER,1.0,Alberta
936,train,1.0,1.0,PROPERTY,2.0,High River
937,train,0.0,1.0,,0.0,
940,train,0.0,1.0,,0.0,
941,train,1.0,1.0,AID,1.0,Calgary
942,train,1.0,1.0,INFRA,2.0,
943,train,0.0,1.0,,0.0,
944,train,0.0,1.0,,0.0,
945,train,1.0,1.0,PROPERTY,1.0,
946,train,1.0,1.0,AID,1.0,Alberta
947,train,1.0,0.8888888888888888,OTHER,1.0,Calgary
948,train,0.0,1.0,,0.0,
949,train,1.0,1.0,OTHER,1.0,Calgary
950,train,1.0,1.0,OTHER,1.0,High River
951,train,1.0,1.0,OTHER,1.0,Calgary
952,train,1.0,1.0,PROPERTY,2.0,Mission;Calgary
953,train,0.0,1.0,,0.0,
954,train,0.0,1.0,,0.0,
955,train,0.0,1.0,,0.0,
956,train,0.0,1.0,,0.0,
957,train,1.0,1.0,SUPPORT,1.0,Edmonton;Alberta
958,train,1.0,1.0,AID,1.0,
959,train,1.0,1.0,OTHER,1.0,Calgary
960,train,1.0,1.0,ADVISORY,2.0,Calgary
963,train,0.0,1.0,,0.0,
964,train,0.0,1.0,,0.0,
965,train,0.0,1.0,,0.0,
967,train,0.0,1.0,,0.0,
969,train,1.0,1.0,PROPERTY,2.0,Mission;Calgary
970,train,1.0,1.0,AID,1.0,Calgary
971,train,1.0,1.0,INFRA,2.0,17th Avenue;Sarcee Trail;Canada Olympic Park
972,train,1.0,1.0,AID,1.0,Alberta;Calgary
973,train,1.0,1.0,AID,1.0,Alberta
974,train,0.0,1.0,,0.0,
975,train,0.0,1.0,,0.0,
976,train,0.0,1.0,,0.0,
977,train,1.0,1.0,SUPPORT,1.0,Medicine Hat
978,train,1.0,1.0,PROPERTY,2.0,Inglewood Golf Course;Calgary
979,train,0.0,1.0,,0.0,
980,train,1.0,1.0,AID,2.0,First Nations
981,train,0.0,1.0,,0.0,
982,train,0.0,1.0,,0.0,
983,train,1.0,1.0,OTHER,2.0,Calgary
984,train,1.0,1.0,INFRA,1.0,Elbow Drive;Calgary
985,train,1.0,1.0,PROPERTY,2.0,Glenmore Reservoir
986,train,1.0,1.0,INFRA,2.0,downtown Calgary;Calgary
987,train,0.0,1.0,,0.0,
988,train,0.0,1.0,,0.0,
989,train,1.0,1.0,INFRA,2.0,downtown Calgary;10th Street Bridge;Calgary
990,train,1.0,1.0,OTHER,1.0,Calgary
991,train,1.0,1.0,SUPPORT,1.0,Alberta
992,train,0.0,1.0,,0.0,
993,train,1.0,1.0,OTHER,1.0,Calgary
994,train,0.0,1.0,,0.0,
995,train,1.0,1.0,OTHER,1.0,Calgary
996,train,1.0,1.0,SUPPORT,1.0,Calgary
997,train,0.0,1.0,,0.0,
998,train,0.0,1.0,,0.0,
1001,train,1.0,1.0,SUPPORT,1.0,Canada
1002,train,0.0,1.0,,0.0,
1003,train,0.0,1.0,,0.0,
1004,train,1.0,1.0,PROPERTY,2.0,Siksika
1006,train,1.0,1.0,EVAC,3.0,Central Calgary;Calgary
1007,train,0.0,1.0,,0.0,
1008,train,1.0,1.0,ADVISORY,2.0,Calgary
1009,train,0.0,1.0,,0.0,
1010,train,1.0,1.0,PROPERTY,2.0,Siksika First Nation
1011,train,1.0,1.0,OTHER,1.0,Calgary Zoo;Calgary
1012,train,1.0,1.0,ADVISORY,1.0,Calgary
1013,train,1.0,1.0,OTHER,1.0,Calgary
1014,train,0.0,1.0,,0.0,
1015,train,1.0,1.0,INFRA,1.0,University of Calgary;Calgary
1016,train,1.0,1.0,HUMAN,2.0,Sunnyside;Calgary
1017,train,1.0,1.0,AID,1.0,Calgary
1018,train,1.0,1.0,ADVISORY,2.0,Calgary
1019,train,1.0,0.8888888888888888,ADVISORY,1.0,Rundlecairn Way NE;Calgary
1020,train,1.0,1.0,SUPPORT,1.0,Alberta;Calgary
1021,train,1.0,1.0,OTHER,1.0,Calgary
1022,train,1.0,1.0,OTHER,1.0,Calgary
1023,train,1.0,1.0,AID,1.0,Calgary
1024,train,0.0,1.0,,0.0,
1025,train,0.0,1.0,,0.0,
1026,train,0.0,1.0,,0.0,
1027,train,0.0,1.0,,0.0,
1029,train,1.0,1.0,OTHER,1.0,Calgary Stampede;Calgary
1030,train,1.0,1.0,OTHER,1.0,Calgary;Inglewood
1032,train,1.0,1.0,SUPPORT,1.0,Alberta
1033,train,0.0,1.0,,0.0,
1034,train,0.0,1.0,,0.0,
1035,train,1.0,1.0,SUPPORT,1.0,Calgary
1036,train,0.0,1.0,,0.0,
1037,train,0.0,1.0,,0.0,
1038,train,1.0,1.0,OTHER,1.0,
1039,train,0.0,1.0,,0.0,
1040,train,1.0,1.0,OTHER,1.0,Calgary
1041,train,0.0,1.0,,0.0,
1042,train,1.0,1.0,OTHER,1.0,Alberta
1043,train,0.0,1.0,,0.0,
1044,train,1.0,1.0,PROPERTY,2.0,Calgary Stampede Grandstand;Calgary
1046,train,1.0,1.0,AID,1.0,Calgary
1047,train,0.0,1.0,,0.0,
1048,train,0.0,1.0,,0.0,
1049,train,0.0,1.0,,0.0,
1050,train,1.0,1.0,OTHER,1.0,Alberta
1051,train,1.0,1.0,OTHER,1.0,
1052,train,0.0,1.0,,0.0,
1053,train,0.0,1.0,,0.0,
1054,train,1.0,1.0,OTHER,2.0,
1056,train,0.0,1.0,,0.0,
1057,train,0.0,1.0,,0.0,
1059,train,1.0,1.0,AID,2.0,High River
1060,train,1.0,1.0,PROPERTY,2.0,downtown Calgary;Calgary
1061,train,1.0,1.0,INFRA,2.0,Inglewood;Blackfoot Trail;Calgary
1062,train,0.0,1.0,,0.0,
1064,train,0.0,1.0,,0.0,
1065,train,0.0,1.0,,0.0,
1066,train,1.0,1.0,SUPPORT,1.0,Calgary
1067,train,1.0,1.0,PROPERTY,2.0,High River
1069,train,0.0,1.0,,0.0,
1070,train,0.0,1.0,,0.0,
1071,train,1.0,1.0,PROPERTY,2.0,17th Avenue;Macleod Trail Southeast;Calgary
1072,train,0.0,1.0,,0.0,
1073,train,0.0,1.0,,0.0,
1074,train,1.0,1.0,INFRA,2.0,Calgary
1075,train,1.0,1.0,SUPPORT,1.0,Calgary
1076,train,1.0,1.0,OTHER,1.0,Calgary
1077,train,0.0,1.0,,0.0,
1078,train,1.0,1.0,AID,1.0,
1079,train,1.0,1.0,INFRA,3.0,Calgary
1080,train,1.0,1.0,PROPERTY,1.0,Calgary
1081,train,1.0,1.0,OTHER,1.0,Calgary
1082,train,1.0,1.0,HUMAN,2.0,Calgary
1083,train,0.0,1.0,,0.0,
1084,train,1.0,1.0,INFRA,2.0,Alberta;British Columbia;Saskatchewan
1085,train,1.0,1.0,OTHER,1.0,Edmonton;Alberta
1086,train,1.0,1.0,ADVISORY,1.0,Calgary
1088,train,0.0,1.0,,0.0,
1089,train,1.0,1.0,OTHER,1.0,Red Deer
1090,train,0.0,1.0,,0.0,
1091,train,1.0,1.0,OTHER,2.0,Peace River
1093,train,0.0,1.0,,0.0,
1094,train,0.0,1.0,,0.0,
1095,train,1.0,1.0,AID,1.0,Calgary
1096,train,0.0,1.0,,0.0,
1097,train,0.0,1.0,,0.0,
1098,train,0.0,1.0,,0.0,
1099,train,0.0,1.0,,0.0,
1100,train,0.0,1.0,,0.0,
1101,train,1.0,1.0,ADVISORY,2.0,Calgary
1102,train,0.0,1.0,,0.0,
1103,train,1.0,1.0,AID,2.0,
1104,train,0.0,1.0,,0.0,
1105,train,0.0,1.0,,0.0,
1106,train,0.0,1.0,,0.0,
1107,train,0.0,1.0,,0.0,
1108,train,1.0,1.0,PROPERTY,2.0,downtown Calgary;Calgary
1109,train,1.0,1.0,SUPPORT,1.0,Bowness;Calgary
1110,train,1.0,1.0,EVAC,2.0,High River
1111,train,0.0,1.0,,0.0,
1112,train,1.0,1.0,AID,1.0,Bowness;Calgary
1113,train,0.0,1.0,,0.0,
1114,train,1.0,1.0,NEEDS,2.0,Calgary Drop-In Centre;Edmonton Trail Northeast;Calgary
1115,train,1.0,1.0,INFRA,1.0,Calgary
1116,train,1.0,1.0,AID,2.0,Vancouver;Calgary
1118,train,0.0,1.0,,0.0,
1119,train,1.0,1.0,OTHER,1.0,Medicine Hat
1120,train,0.0,1.0,,0.0,
1121,train,0.0,0.8888888888888888,,0.0,
1122,train,1.0,1.0,HUMAN,1.0,Calgary
1123,train,0.0,1.0,,0.0,
1124,train,0.0,1.0,,0.0,
1125,train,1.0,1.0,HUMAN,2.0,Calgary Zoo;Calgary
1126,train,1.0,1.0,AID,1.0,Mission;Calgary
1127,train,0.0,0.8888888888888888,,0.0,
1128,train,1.0,1.0,INFRA,2.0,Macleod Trail;Calgary
1129,train,0.0,1.0,,0.0,
1130,train,1.0,1.0,PROPERTY,1.0,Fish Lake;Hardisty;Alberta
1132,train,0.0,1.0,,0.0,
1133,train,1.0,1.0,AID,1.0,Calgary
1134,train,0.0,1.0,,0.0,
1135,train,1.0,1.0,HUMAN,2.0,Bowness;Calgary
1136,train,0.0,1.0,,0.0,
1137,train,1.0,1.0,AID,1.0,Calgary
1139,train,1.0,1.0,PROPERTY,2.0,25 Avenue;4 Street;Calgary
1140,train,1.0,1.0,AID,1.0,Calgary
1141,train,0.0,1.0,,0.0,
1142,train,1.0,1.0,SUPPORT,1.0,Calgary
1143,train,1.0,1.0,OTHER,2.0,Calgary
1144,train,0.0,1.0,,0.0,
1145,train,0.0,1.0,,0.0,
1146,train,1.0,1.0,OTHER,1.0,Alberta
1147,train,1.0,1.0,SUPPORT,1.0,Calgary
1148,train,0.0,1.0,,0.0,
1149,train,0.0,1.0,,0.0,
1150,train,1.0,1.0,AID,1.0,Calgary
1151,train,1.0,1.0,ADVISORY,2.0,Calgary
1152,train,1.0,1.0,INFRA,2.0,5 Street;12 Avenue;Calgary
1153,train,1.0,1.0,HUMAN,2.0,Alberta
1154,train,1.0,1.0,OTHER,1.0,Calgary
1155,train,0.0,1.0,,0.0,
1156,train,0.0,1.0,,0.0,
1158,train,1.0,1.0,SUPPORT,1.0,Calgary
1159,train,1.0,1.0,OTHER,1.0,Alberta Rockies;Alberta Foothills
1160,train,1.0,1.0,SUPPORT,1.0,Alberta First Nations
1162,train,1.0,1.0,EVAC,2.0,High River
1163,train,1.0,1.0,HUMAN,2.0,Calgary Zoo;Calgary
1164,train,0.0,1.0,,0.0,
1165,train,1.0,1.0,OTHER,1.0,Calgary
1166,train,1.0,1.0,AID,1.0,Alberta;British Columbia
1167,train,0.0,1.0,,0.0,
1168,train,1.0,1.0,PROPERTY,2.0,Centre Street;Calgary
1169,train,0.0,1.0,,0.0,
1171,train,1.0,1.0,AID,1.0,Mitford Park;Cochrane
1172,train,1.0,1.0,OTHER,1.0,Alberta
1173,train,0.0,1.0,,0.0,
1174,train,0.0,1.0,,0.0,
1175,train,1.0,1.0,OTHER,1.0,Red Deer
1176,train,0.0,1.0,,0.0,
1177,train,1.0,1.0,OTHER,1.0,Calgary
1178,train,0.0,1.0,,0.0,
1179,train,1.0,1.0,AID,1.0,Calgary
1180,train,1.0,1.0,INFRA,2.0,25 Avenue;Mission;Calgary
1181,train,1.0,1.0,OTHER,2.0,Queensland;Calgary
1182,train,1.0,1.0,PROPERTY,2.0,Banff Springs Golf Course;Banff
1183,train,0.0,1.0,,0.0,
1184,train,1.0,1.0,PROPERTY,1.0,Bowness;Calgary
1185,train,0.0,1.0,,0.0,
1186,train,0.0,1.0,,0.0,
1187,train,0.0,1.0,,0.0,
1188,train,0.0,1.0,,0.0,
1189,train,1.0,1.0,ADVISORY,1.0,Alberta
1190,train,1.0,0.8888888888888888,OTHER,2.0,
1191,train,1.0,1.0,AID,1.0,Alberta
1192,train,1.0,1.0,ADVISORY,2.0,Calgary
1193,train,0.0,1.0,,0.0,
1194,train,1.0,1.0,AID,1.0,Calgary;Alberta
1195,train,0.0,1.0,,0.0,
1196,train,1.0,1.0,OTHER,2.0,Calgary;Southern Alberta
1197,train,1.0,1.0,OTHER,2.0,High River
1198,train,0.0,1.0,,0.0,
1199,train,0.0,1.0,,0.0,
1200,train,0.0,1.0,,0.0,
1201,train,0.0,1.0,,0.0,
1202,train,1.0,1.0,AID,1.0,Mission;Beltline;Calgary
1203,train,1.0,1.0,SUPPORT,1.0,Calgary
1204,train,1.0,1.0,ADVISORY,1.0,Calgary
1205,train,1.0,1.0,SUPPORT,1.0,Calgary
1206,train,1.0,1.0,PROPERTY,1.0,Connaught;Calgary
1207,train,1.0,1.0,AID,1.0,Calgary;Alberta
1208,train,0.0,1.0,,0.0,
489,train,1.0,1.0,PROPERTY,2.0,Scotiabank Saddledome;Calgary
1210,train,1.0,1.0,PROPERTY,2.0,High River
1211,train,1.0,1.0,INFRA,2.0,Sifton;Sandy Beach;Calgary
1212,train,1.0,1.0,OTHER,1.0,Calgary
1213,train,1.0,1.0,ADVISORY,2.0,Canada
1214,train,1.0,1.0,NEEDS,3.0,Calgary
1215,train,1.0,1.0,AID,1.0,Calgary
1216,train,0.0,1.0,,0.0,
1217,train,1.0,1.0,PROPERTY,2.0,Inglewood;Calgary
1218,train,1.0,1.0,AID,1.0,Calgary
1219,train,1.0,1.0,AID,2.0,Medicine Hat
1221,train,0.0,1.0,,0.0,
1222,train,1.0,1.0,ADVISORY,1.0,High River;Alberta
1223,train,1.0,1.0,EVAC,3.0,West Downtown;Sunalta;Calgary
1224,train,1.0,1.0,AID,1.0,
1225,train,1.0,1.0,PROPERTY,2.0,Calgary
1226,train,1.0,1.0,PROPERTY,2.0,Montgomery;Calgary
1227,train,1.0,1.0,SUPPORT,1.0,Calgary
1228,train,0.0,1.0,,0.0,
1229,train,1.0,1.0,HUMAN,2.0,Bow River;Calgary
1230,train,0.0,1.0,,0.0,
1231,train,0.0,1.0,,0.0,
1232,train,1.0,1.0,AID,1.0,Calgary
1233,train,1.0,1.0,ADVISORY,1.0,Alberta
1235,train,1.0,1.0,AID,1.0,Calgary
1236,train,1.0,1.0,AID,1.0,Calgary Drop-In Centre;Calgary
1237,train,1.0,1.0,ADVISORY,1.0,Alberta
1238,train,0.0,1.0,,0.0,
1239,train,0.0,1.0,,0.0,
1240,train,0.0,1.0,,0.0,
1241,train,0.0,1.0,,0.0,
1242,train,0.0,1.0,,0.0,
1243,train,1.0,1.0,INFRA,2.0,25 Avenue;Calgary
1244,train,0.0,1.0,,0.0,
1245,train,0.0,1.0,,0.0,
1246,train,1.0,1.0,OTHER,1.0,Calgary
1247,train,1.0,1.0,AID,1.0,Calgary
1248,train,0.0,1.0,,0.0,
1249,train,1.0,1.0,SUPPORT,1.0,Calgary
1250,train,1.0,1.0,HUMAN,2.0,Kananaskis Country Golf Course
1251,train,1.0,1.0,PROPERTY,2.0,Scotiabank Saddledome;Calgary
1252,train,1.0,1.0,INFRA,2.0,Southern Alberta
1253,train,1.0,1.0,AID,1.0,Calgary
1254,train,0.0,1.0,,0.0,
1255,train,1.0,1.0,EVAC,3.0,Downtown Calgary;Calgary
1256,train,1.0,1.0,AID,1.0,Alberta
1257,train,1.0,1.0,AID,1.0,Alberta
1259,train,1.0,1.0,OTHER,1.0,Calgary
1260,train,0.0,1.0,,0.0,
1261,train,1.0,1.0,OTHER,1.0,Alberta
1262,train,1.0,1.0,INFRA,3.0,Bow River;Calgary
1264,train,0.0,1.0,,0.0,
1265,train,1.0,1.0,HUMAN,2.0,Siksika Nation
1266,train,0.0,1.0,,0.0,
1267,train,1.0,1.0,AID,1.0,Siksika Nation
1268,train,0.0,0.8888888888888888,,0.0,
1269,train,1.0,1.0,HUMAN,2.0,Calgary
1270,train,0.0,1.0,,0.0,
1271,train,1.0,1.0,ADVISORY,2.0,Calgary
1272,train,1.0,1.0,PROPERTY,2.0,
1273,train,1.0,1.0,PROPERTY,2.0,Alberta
1274,train,1.0,1.0,PROPERTY,1.0,Calgary
1275,train,1.0,1.0,OTHER,1.0,High River;Calgary
1276,train,1.0,1.0,SUPPORT,1.0,Calgary
1277,train,1.0,1.0,SUPPORT,1.0,Calgary
1278,train,1.0,1.0,OTHER,1.0,Calgary
1279,train,1.0,1.0,SUPPORT,1.0,Calgary
1280,train,1.0,1.0,INFRA,1.0,8th Avenue Place;Calgary
1281,train,1.0,1.0,AID,1.0,Calgary
1282,train,1.0,1.0,EVAC,3.0,High River
1283,train,1.0,1.0,HUMAN,1.0,Calgary Zoo;Calgary
1284,train,0.0,1.0,,0.0,
1285,train,1.0,1.0,SUPPORT,1.0,Calgary
1286,train,1.0,1.0,OTHER,1.0,Calgary
1220,train,1.0,1.0,PROPERTY,2.0,Sandy Beach;Calgary
1289,train,0.0,1.0,,0.0,
1290,train,0.0,1.0,,0.0,
1291,train,1.0,1.0,OTHER,1.0,High River
1292,train,1.0,1.0,AID,1.0,Calgary;Canmore
1293,train,0.0,1.0,,0.0,
1294,train,1.0,1.0,ADVISORY,2.0,Calgary;Alberta
1295,train,0.0,1.0,,0.0,
1296,train,1.0,1.0,OTHER,1.0,Calgary
1297,train,0.0,1.0,,0.0,
1298,train,1.0,1.0,SUPPORT,1.0,Alberta
1299,train,1.0,1.0,ADVISORY,2.0,Calgary
1300,train,0.0,1.0,,0.0,
1301,train,1.0,1.0,OTHER,1.0,Alberta
1302,train,1.0,1.0,SUPPORT,1.0,Calgary
1303,train,1.0,1.0,PROPERTY,2.0,
1304,train,0.0,1.0,,0.0,
1306,train,1.0,1.0,OTHER,1.0,Calgary
1307,train,1.0,1.0,ADVISORY,1.0,Calgary
1308,train,1.0,1.0,PROPERTY,1.0,Alberta
1309,train,1.0,1.0,ADVISORY,1.0,Calgary
1310,train,1.0,1.0,AID,1.0,Calgary
1311,train,0.0,1.0,,0.0,
1312,train,1.0,1.0,PROPERTY,2.0,River
1313,train,0.0,1.0,,0.0,
1314,train,0.0,1.0,,0.0,
1315,train,1.0,1.0,INFRA,2.0,Calgary
1316,train,0.0,0.8888888888888888,,0.0,
1317,train,1.0,1.0,SUPPORT,1.0,Hillhurst;Sunnyside;Calgary
1318,train,1.0,1.0,OTHER,1.0,Alberta
1319,train,0.0,1.0,,0.0,
1320,train,1.0,1.0,ADVISORY,1.0,Calgary
1321,train,1.0,1.0,INFRA,2.0,Trans-Canada Highway;Alberta
1322,train,1.0,1.0,OTHER,1.0,Calgary
1323,train,1.0,1.0,PROPERTY,2.0,
1324,train,1.0,1.0,EVAC,3.0,Calgary
1325,train,1.0,1.0,INFRA,2.0,Bow River;Elbow River;Canada
1326,train,1.0,1.0,PROPERTY,1.0,Banff;Bow Valley;Tunnel Mountain
1327,train,1.0,1.0,PROPERTY,2.0,Beltline;Calgary
1329,train,0.0,1.0,,0.0,
1330,train,1.0,1.0,NEEDS,3.0,Black Diamond
1331,train,0.0,1.0,,0.0,
1333,train,0.0,1.0,,0.0,
1334,train,1.0,1.0,INFRA,2.0,Calgary
1335,train,1.0,1.0,AID,1.0,Alberta
1336,train,1.0,1.0,OTHER,2.0,Calgary
1337,train,1.0,1.0,INFRA,2.0,Calgary
1338,train,1.0,1.0,AID,1.0,Calgary
1339,train,0.0,1.0,,0.0,
1340,train,1.0,1.0,AID,1.0,Alberta;Ontario
1341,train,0.0,1.0,,0.0,
1342,train,0.0,1.0,,0.0,
1343,train,1.0,1.0,INFRA,1.0,Calgary
1345,train,0.0,1.0,,0.0,
1346,train,1.0,1.0,SUPPORT,2.0,Calgary
1347,train,1.0,1.0,ADVISORY,1.0,Lethbridge
1348,train,1.0,0.7777777777777778,INFRA,2.0,Alberta
1349,train,0.0,1.0,,0.0,
1350,train,1.0,1.0,SUPPORT,1.0,Alberta
1352,train,0.0,1.0,,0.0,
1353,train,0.0,1.0,,0.0,
1354,train,1.0,1.0,AID,1.0,Alberta;Calgary
1355,train,1.0,1.0,INFRA,2.0,Bowness;Sunnyside;Elbow Park
1357,train,1.0,1.0,AID,1.0,Alberta
1358,train,1.0,1.0,PROPERTY,2.0,Calgary
1359,train,1.0,1.0,PROPERTY,2.0,Cochrane;Calgary
1360,train,0.0,1.0,,0.0,
1361,train,0.0,1.0,,0.0,
1362,train,1.0,1.0,AID,1.0,Alberta
1363,train,1.0,1.0,INFRA,2.0,Medicine Hat;Trans-Canada Bridge
1364,train,1.0,1.0,AID,1.0,Calgary
1366,train,0.0,1.0,,0.0,
1367,train,1.0,1.0,AID,1.0,Calgary
1368,train,0.0,1.0,,0.0,
1369,train,0.0,1.0,,0.0,
1370,train,1.0,1.0,OTHER,1.0,Calgary
1371,train,1.0,1.0,HUMAN,2.0,40th Ave NW;2nd St NW;Calgary North Veterinary Hospital;Calgary
1372,train,1.0,1.0,OTHER,1.0,Alberta
1373,train,0.0,0.7777777777777778,,0.0,
1374,train,0.0,1.0,,0.0,
1375,train,0.0,1.0,,0.0,
1376,train,0.0,1.0,,0.0,
1377,train,0.0,1.0,,0.0,
1378,train,0.0,1.0,,0.0,
1379,train,1.0,1.0,NEEDS,1.0,Calgary
1380,train,1.0,1.0,OTHER,1.0,Calgary
1381,train,1.0,1.0,ADVISORY,1.0,Calgary
1382,train,0.0,1.0,,0.0,
1383,train,1.0,0.8888888888888888,EVAC,2.0,
1384,train,0.0,1.0,,0.0,
1385,train,1.0,1.0,OTHER,1.0,Calgary Stampede;Calgary
1386,train,0.0,1.0,,0.0,
1387,train,0.0,1.0,,0.0,
1388,train,1.0,1.0,SUPPORT,1.0,Medicine Hat
1389,train,0.0,0.8888888888888888,,0.0,
1391,train,1.0,0.8888888888888888,AID,2.0,
1393,train,0.0,1.0,,0.0,
1394,train,0.0,1.0,,0.0,
1396,train,0.0,1.0,,0.0,
1397,train,0.0,1.0,,0.0,
1398,train,0.0,1.0,,0.0,
1399,train,0.0,1.0,,0.0,
1400,train,1.0,1.0,AID,1.0,Erlton
1401,train,1.0,1.0,ADVISORY,2.0,High River
1402,train,1.0,1.0,NEEDS,2.0,Southern Alberta
1403,train,1.0,1.0,AID,1.0,Alberta
1404,train,1.0,1.0,AID,1.0,Alberta
1405,train,0.0,1.0,,0.0,
1407,train,0.0,1.0,,0.0,
1408,train,0.0,1.0,,0.0,
1409,train,1.0,1.0,AID,1.0,Mission;Calgary
1410,train,1.0,1.0,SUPPORT,1.0,Alberta
1411,train,0.0,1.0,,0.0,
1412,train,1.0,1.0,OTHER,1.0,Calgary;Calgary Zoo
1414,train,1.0,1.0,SUPPORT,1.0,Calgary
1415,train,0.0,1.0,,0.0,
1417,train,1.0,1.0,PROPERTY,1.0,Calgary;Bow River
1418,train,0.0,1.0,,0.0,
1419,train,1.0,1.0,PROPERTY,1.0,Calgary Zoo;Calgary
1420,train,0.0,1.0,,0.0,
1421,train,0.0,1.0,,0.0,
1422,train,0.0,1.0,,0.0,
1424,train,1.0,1.0,INFRA,2.0,Downtown Calgary
1425,train,1.0,1.0,ADVISORY,2.0,Bow River
1426,train,1.0,1.0,ADVISORY,2.0,Calgary
1427,train,1.0,1.0,OTHER,1.0,Calgary
1428,train,1.0,1.0,SUPPORT,1.0,Calgary
1429,train,1.0,1.0,PROPERTY,2.0,Saddledome
1432,train,1.0,1.0,OTHER,1.0,Alberta
1433,train,1.0,1.0,OTHER,1.0,Alberta
1434,train,0.0,1.0,,0.0,
1435,train,1.0,1.0,OTHER,1.0,Calgary
1436,train,1.0,1.0,ADVISORY,2.0,Calgary
1437,train,1.0,1.0,AID,1.0,Alberta;Edmonton;Calgary
1438,train,1.0,1.0,AID,2.0,Calgary
1439,train,0.0,1.0,,0.0,
1440,train,0.0,1.0,,0.0,
1441,train,0.0,1.0,,0.0,
1442,train,0.0,0.7777777777777778,,0.0,
1443,train,1.0,1.0,AID,1.0,Alberta
1444,train,1.0,1.0,SUPPORT,1.0,Calgary Stampede;Calgary
1445,train,1.0,1.0,INFRA,2.0,Calgary Public Library;Calgary
1446,train,1.0,1.0,INFRA,2.0,Mount Royal University;University of Calgary;SAIT;Calgary
1448,train,1.0,1.0,INFRA,2.0,Alberta
1449,train,1.0,1.0,SUPPORT,1.0,Calgary
1450,train,1.0,1.0,OTHER,1.0,High River
1451,train,1.0,1.0,ADVISORY,1.0,Alberta
1452,train,0.0,1.0,,0.0,
1453,train,1.0,1.0,OTHER,1.0,Calgary
1454,train,1.0,1.0,AID,1.0,Calgary
1455,train,0.0,1.0,,0.0,
1456,train,1.0,1.0,AID,1.0,Calgary
1457,train,1.0,1.0,OTHER,1.0,Calgary;Alberta
1459,train,1.0,1.0,INFRA,2.0,Highway 1;Canmore;Banff National Park
1460,train,1.0,1.0,PROPERTY,2.0,Cochrane;Alberta
1463,train,0.0,1.0,,0.0,
1464,train,1.0,1.0,SUPPORT,1.0,Calgary
1465,train,1.0,1.0,ADVISORY,2.0,Medicine Hat;Trans-Canada Bridge
1468,train,1.0,1.0,PROPERTY,2.0,Calgary;Alberta
1469,train,1.0,1.0,PROPERTY,2.0,Saddledome;Calgary
1470,train,1.0,1.0,SUPPORT,1.0,Calgary
1473,train,1.0,1.0,SUPPORT,1.0,Alberta
1474,train,1.0,0.7777777777777778,OTHER,1.0,
1475,train,1.0,1.0,SUPPORT,1.0,Southern Alberta
1476,train,1.0,1.0,AID,1.0,Calgary
1479,train,1.0,1.0,SUPPORT,1.0,Alberta
1480,train,1.0,1.0,PROPERTY,1.0,Elbow River;Bow River
1481,train,0.0,1.0,,0.0,
1482,train,0.0,1.0,,0.0,
1483,train,0.0,1.0,,0.0,
1484,train,0.0,1.0,,0.0,
1485,train,0.0,1.0,,0.0,
1486,train,0.0,1.0,,0.0,
1487,train,1.0,1.0,NEEDS,3.0,Siksika;Morley
1488,train,0.0,1.0,,0.0,
1489,train,1.0,1.0,EVAC,1.0,Calgary
1491,train,0.0,1.0,,0.0,
1493,train,1.0,1.0,SUPPORT,1.0,Calgary
1494,train,0.0,1.0,,0.0,
1495,train,1.0,1.0,OTHER,1.0,Calgary
1496,train,1.0,1.0,OTHER,2.0,Medicine Hat;Calgary
1497,train,1.0,0.8888888888888888,OTHER,1.0,McMahon Stadium;Edmonton
1498,train,1.0,1.0,OTHER,1.0,Calgary
1499,train,1.0,1.0,ADVISORY,2.0,Calgary
1500,train,1.0,1.0,OTHER,1.0,Calgary
1501,train,1.0,1.0,ADVISORY,3.0,Bow River;Calgary
1502,train,1.0,1.0,OTHER,1.0,Calgary
1503,train,1.0,1.0,OTHER,1.0,Calgary
1504,train,0.0,1.0,,0.0,
1505,train,0.0,1.0,,0.0,
1506,train,1.0,1.0,INFRA,2.0,Elbow River;Macleod Trail;Erlton Station
1507,train,1.0,1.0,AID,1.0,Calgary;Bowness
1509,train,0.0,1.0,,0.0,
1510,train,0.0,1.0,,0.0,
1512,train,0.0,1.0,,0.0,
1514,train,0.0,0.8888888888888888,,0.0,
1515,train,1.0,1.0,AID,1.0,McMahon Stadium;Calgary
1516,train,0.0,1.0,,0.0,
1517,train,0.0,1.0,,0.0,
1518,train,0.0,1.0,,0.0,
1519,train,0.0,1.0,,0.0,
1520,train,0.0,1.0,,0.0,
1522,train,1.0,1.0,PROPERTY,1.0,Cranston;Calgary
1523,train,0.0,1.0,,0.0,
1524,train,1.0,1.0,OTHER,1.0,Southern Alberta;Rocky Mountains
1525,train,1.0,1.0,SUPPORT,1.0,Medicine Hat
1526,train,1.0,1.0,INFRA,1.0,Alberta
1527,train,1.0,1.0,AID,1.0,Alberta;Calgary
1528,train,1.0,1.0,INFRA,2.0,Medicine Hat;Trans-Canada Highway Bridge
1531,train,1.0,1.0,SUPPORT,1.0,Alberta
1532,train,0.0,1.0,,0.0,
1533,train,0.0,1.0,,0.0,
1534,train,1.0,0.8888888888888888,OTHER,1.0,
1535,train,1.0,1.0,AID,1.0,Calgary
1536,train,1.0,1.0,ADVISORY,3.0,Kneehill County
1537,train,1.0,1.0,INFRA,1.0,Downtown Calgary
1538,train,0.0,1.0,,0.0,
1539,train,0.0,1.0,,0.0,
1540,train,0.0,1.0,,0.0,
1541,train,1.0,1.0,OTHER,1.0,Alberta
1543,train,1.0,1.0,OTHER,1.0,Alberta
1544,train,0.0,1.0,,0.0,
1545,train,0.0,1.0,,0.0,
1546,train,0.0,1.0,,0.0,
1547,train,0.0,1.0,,0.0,
1548,train,1.0,0.8888888888888888,OTHER,1.0,Bow River
1549,train,1.0,1.0,OTHER,1.0,Ship & Anchor Pub;Calgary
1550,train,0.0,1.0,,0.0,
1551,train,0.0,1.0,,0.0,
1552,train,1.0,1.0,SUPPORT,1.0,Calgary
1553,train,0.0,1.0,,0.0,
1554,train,0.0,1.0,,0.0,
1555,train,0.0,1.0,,0.0,
1556,train,0.0,1.0,,0.0,
1558,train,1.0,1.0,HUMAN,2.0,Calgary
1559,train,1.0,1.0,NEEDS,1.0,High River
1560,train,1.0,1.0,OTHER,1.0,Alberta
1561,train,1.0,1.0,AID,1.0,Calgary
1562,train,0.0,1.0,,0.0,
1563,train,1.0,1.0,INFRA,2.0,Calgary
1564,train,1.0,1.0,EVAC,3.0,Downtown Calgary;11th Avenue;12th Avenue;14th Street W;Centre Street E
1565,train,1.0,1.0,PROPERTY,2.0,Saddledome;Calgary
1566,train,1.0,1.0,EVAC,2.0,Calgary
1567,train,1.0,1.0,AID,1.0,Calgary
1568,train,1.0,1.0,ADVISORY,2.0,Calgary
1569,train,1.0,1.0,ADVISORY,2.0,Calgary
1570,train,0.0,0.8888888888888888,,0.0,
1571,train,0.0,1.0,,0.0,
1572,train,1.0,1.0,OTHER,1.0,Calgary
1573,train,1.0,1.0,AID,1.0,McMahon Stadium;Calgary
1574,train,0.0,1.0,,0.0,
1575,train,0.0,1.0,,0.0,
1576,train,1.0,1.0,ADVISORY,1.0,Alberta
1577,train,1.0,1.0,AID,1.0,Bowness;Calgary
1578,train,1.0,1.0,HUMAN,2.0,Calgary;Downtown Calgary
1580,train,0.0,0.8888888888888888,,0.0,
1582,train,1.0,1.0,HUMAN,2.0,Calgary
1583,train,0.0,0.8888888888888888,,0.0,
1584,train,1.0,1.0,SUPPORT,1.0,Calgary
1585,train,0.0,1.0,,0.0,
1586,train,0.0,1.0,,0.0,
1587,train,0.0,1.0,,0.0,
1589,train,0.0,0.7777777777777778,,0.0,
1590,train,1.0,1.0,AID,1.0,Riverdale;Downtown Calgary;Calgary
1592,train,0.0,0.8888888888888888,,0.0,
1593,train,0.0,1.0,,0.0,
1594,train,1.0,1.0,AID,1.0,Calgary
1595,train,1.0,1.0,PROPERTY,1.0,Calgary
1596,train,0.0,1.0,,0.0,
1597,train,1.0,1.0,ADVISORY,1.0,Alberta
1598,train,0.0,1.0,,0.0,
1599,train,0.0,1.0,,0.0,
1600,train,0.0,1.0,,0.0,
1601,train,0.0,1.0,,0.0,
1602,train,1.0,1.0,AID,1.0,Calgary
1603,train,0.0,1.0,,0.0,
1604,train,0.0,0.7777777777777778,,0.0,
1605,train,0.0,0.8888888888888888,,0.0,
1606,train,0.0,1.0,,0.0,
1607,train,1.0,1.0,PROPERTY,2.0,Downtown Calgary;Calgary
1608,train,0.0,1.0,,0.0,
1610,train,1.0,1.0,OTHER,1.0,Alberta
1611,train,1.0,1.0,OTHER,1.0,Calgary
1612,train,1.0,1.0,AID,1.0,Calgary
1613,train,0.0,1.0,,0.0,
1615,train,1.0,1.0,AID,1.0,Calgary
1616,train,0.0,1.0,,0.0,
1617,train,1.0,1.0,OTHER,1.0,Alberta
1618,train,0.0,1.0,,0.0,
1619,train,1.0,1.0,AID,1.0,Alberta
1620,train,1.0,1.0,PROPERTY,2.0,Downtown Calgary;Calgary
1622,train,0.0,1.0,,0.0,
1623,train,1.0,1.0,OTHER,1.0,Alberta
1624,train,0.0,1.0,,0.0,
1625,train,0.0,1.0,,0.0,
1626,train,1.0,1.0,AID,1.0,Calgary;Alberta
1627,train,0.0,1.0,,0.0,
223,train,1.0,1.0,PROPERTY,2.0,Prince's Island Park;Calgary
1629,train,0.0,1.0,,0.0,
1630,train,1.0,1.0,AID,1.0,Calgary;Alberta
1632,train,1.0,1.0,AID,1.0,Calgary
1633,train,1.0,1.0,AID,1.0,Siksika;Calgary
1634,train,0.0,1.0,,0.0,
1635,train,1.0,1.0,OTHER,1.0,Alberta;Canada
1636,train,1.0,1.0,SUPPORT,1.0,Calgary;Alberta
1638,train,1.0,1.0,INFRA,2.0,Downtown Calgary
1639,train,0.0,1.0,,0.0,
1640,train,0.0,1.0,,0.0,
1641,train,1.0,1.0,EVAC,2.0,Calgary;High River
1642,train,1.0,1.0,OTHER,1.0,Calgary
1644,train,1.0,1.0,PROPERTY,2.0,Sunnyside;Calgary
1646,train,1.0,1.0,AID,1.0,Alberta
1647,train,1.0,1.0,AID,2.0,Bragg Creek
1648,train,0.0,1.0,,0.0,
1649,train,0.0,1.0,,0.0,
1650,train,1.0,1.0,INFRA,2.0,Highway 1;Highway 1a;Banff;Canmore
1651,train,1.0,1.0,SUPPORT,1.0,Calgary
1652,train,1.0,1.0,OTHER,1.0,Calgary
1653,train,1.0,1.0,AID,1.0,Edmonton
1654,train,0.0,1.0,,0.0,
1655,train,0.0,1.0,,0.0,
1656,train,0.0,1.0,,0.0,
1657,train,1.0,1.0,EVAC,2.0,Alberta;Calgary
1659,train,1.0,1.0,EVAC,2.0,Canada
1660,train,1.0,1.0,OTHER,1.0,Calgary
1661,train,0.0,1.0,,0.0,
1662,train,0.0,1.0,,0.0,
1663,train,1.0,1.0,PROPERTY,2.0,Saddledome;Calgary
1666,train,0.0,1.0,,0.0,
1667,train,0.0,1.0,,0.0,
1668,train,1.0,1.0,AID,1.0,Calgary
1669,train,0.0,1.0,,0.0,
1673,train,1.0,1.0,ADVISORY,1.0,Inglewood;Calgary
1674,train,1.0,1.0,AID,1.0,Alberta
1675,train,0.0,1.0,,0.0,
1676,train,0.0,0.8888888888888888,,0.0,
1677,train,1.0,1.0,AID,1.0,Alberta
1678,train,0.0,1.0,,0.0,
1680,train,0.0,1.0,,0.0,
1681,train,0.0,0.8888888888888888,,0.0,
1682,train,0.0,1.0,,0.0,
1683,train,0.0,1.0,,0.0,
1684,train,1.0,1.0,SUPPORT,1.0,Calgary
1685,train,0.0,1.0,,0.0,
1686,train,0.0,1.0,,0.0,
1687,train,0.0,1.0,,0.0,
1688,train,0.0,1.0,,0.0,
1690,train,0.0,1.0,,0.0,
1691,train,1.0,1.0,OTHER,1.0,Alberta
1692,train,0.0,0.8888888888888888,,0.0,
1693,train,1.0,1.0,SUPPORT,1.0,Canmore;Alberta
1694,train,0.0,0.7777777777777778,,0.0,
1695,train,1.0,1.0,ADVISORY,2.0,Calgary
1696,train,1.0,1.0,AID,1.0,Calgary
1698,train,0.0,1.0,,0.0,
1700,train,1.0,1.0,OTHER,1.0,Calgary;Alberta
1701,train,0.0,1.0,,0.0,
1702,train,1.0,1.0,INFRA,3.0,Bonnybrook Bridge;Calgary;Bow River
1703,train,1.0,1.0,PROPERTY,1.0,Bridgeland;Calgary
1704,train,1.0,1.0,PROPERTY,2.0,Alberta
1705,train,1.0,1.0,OTHER,1.0,Calgary
1706,train,1.0,1.0,AID,1.0,Alberta
1709,train,1.0,1.0,SUPPORT,1.0,Alberta;Calgary
1710,train,0.0,0.8888888888888888,,0.0,
1711,train,0.0,1.0,,0.0,
1712,train,1.0,1.0,AID,1.0,Alberta
1713,train,0.0,1.0,,0.0,
1714,train,1.0,1.0,OTHER,1.0,Alberta
1715,train,1.0,1.0,AID,1.0,Calgary
1716,train,0.0,1.0,,0.0,
1717,train,0.0,1.0,,0.0,
1718,train,1.0,1.0,EVAC,2.0,Canada
1719,train,1.0,1.0,AID,1.0,Alberta
1720,train,0.0,1.0,,0.0,
1058,train,1.0,1.0,OTHER,1.0,Calgary
1722,train,1.0,1.0,EVAC,2.0,Calgary
1723,train,0.0,1.0,,0.0,
1725,train,0.0,1.0,,0.0,
1726,train,1.0,1.0,INFRA,2.0,Victoria Park Station;Calgary
1727,train,0.0,1.0,,0.0,
1728,train,1.0,1.0,AID,1.0,Southern Alberta
1730,train,0.0,1.0,,0.0,
1731,train,1.0,1.0,AID,1.0,Alberta
1732,train,1.0,1.0,AID,1.0,Edmonton;Calgary
1733,train,1.0,1.0,INFRA,2.0,Chinook Regional Hospital;Lethbridge
1735,train,1.0,1.0,INFRA,2.0,14 Street Bridge;24 Avenue SW;Calgary
1736,train,1.0,1.0,HUMAN,2.0,Canada;Calgary
1737,train,0.0,1.0,,0.0,
1738,train,0.0,1.0,,0.0,
1739,train,1.0,1.0,ADVISORY,3.0,
1740,train,0.0,1.0,,0.0,
1741,train,1.0,1.0,INFRA,2.0,Downtown Calgary;Calgary
1743,train,1.0,1.0,OTHER,1.0,Calgary
1744,train,1.0,1.0,INFRA,2.0,Trans Canada Highway 1;Canmore;Alberta
1745,train,1.0,1.0,AID,1.0,Calgary
1746,train,1.0,1.0,PROPERTY,2.0,East Inglewood;Inglewood;Calgary
1748,train,1.0,1.0,SUPPORT,1.0,Calgary
1749,train,1.0,1.0,AID,1.0,Calgary
1750,train,1.0,1.0,SUPPORT,1.0,Calgary
1751,train,0.0,1.0,,0.0,
1752,train,1.0,1.0,AID,1.0,Medicine Hat;Alberta
1753,train,1.0,1.0,SUPPORT,1.0,Calgary
1754,train,0.0,1.0,,0.0,
1756,train,0.0,0.8888888888888888,,0.0,
1758,train,1.0,1.0,OTHER,1.0,Calgary
1759,train,1.0,1.0,HUMAN,2.0,Calgary
1760,train,1.0,1.0,EVAC,2.0,Calgary;Alberta
1762,train,0.0,1.0,,0.0,
1763,train,0.0,1.0,,0.0,
1764,train,1.0,1.0,OTHER,1.0,Alberta
1765,train,0.0,1.0,,0.0,
1766,train,1.0,1.0,PROPERTY,2.0,Saddledome;Stampede Ground;Calgary
1768,train,1.0,1.0,ADVISORY,2.0,Calgary
1769,train,1.0,1.0,HUMAN,2.0,High River;Alberta
1770,train,0.0,1.0,,0.0,
1771,train,1.0,1.0,AID,1.0,Calgary
1772,train,1.0,1.0,OTHER,1.0,Alberta
1773,train,0.0,1.0,,0.0,
1774,train,0.0,1.0,,0.0,
1776,train,1.0,1.0,HUMAN,1.0,Calgary
1777,train,1.0,1.0,HUMAN,2.0,Calgary
1778,train,1.0,1.0,SUPPORT,1.0,Alberta
1779,train,0.0,1.0,,0.0,
1781,train,0.0,1.0,,0.0,
1782,train,1.0,1.0,OTHER,1.0,Alberta;Calgary
1783,train,1.0,1.0,OTHER,1.0,Calgary;Medicine Hat
1784,train,1.0,1.0,OTHER,1.0,Calgary
1785,train,1.0,1.0,AID,1.0,Canada;Alberta
1786,train,0.0,1.0,,0.0,
1787,train,0.0,1.0,,0.0,
1788,train,0.0,1.0,,0.0,
1789,train,1.0,1.0,AID,1.0,Calgary
1790,train,1.0,1.0,SUPPORT,1.0,Bowness;Bow Crescent;Calgary
1791,train,1.0,1.0,AID,1.0,Calgary
1793,train,0.0,1.0,,0.0,
1794,train,0.0,1.0,,0.0,
1795,train,1.0,1.0,SUPPORT,1.0,Alberta;Calgary
1797,train,1.0,1.0,OTHER,1.0,Oldman River;Lethbridge;Alberta
1798,train,1.0,1.0,AID,1.0,Calgary
1800,train,1.0,1.0,AID,1.0,Siksika;Alberta
1801,train,0.0,1.0,,0.0,
1802,train,0.0,1.0,,0.0,
1803,train,0.0,1.0,,0.0,
1804,train,0.0,1.0,,0.0,
1805,train,1.0,1.0,SUPPORT,1.0,Calgary
1806,train,1.0,1.0,AID,1.0,Calgary
1807,train,0.0,1.0,,0.0,
1808,train,1.0,1.0,AID,1.0,Alberta
1810,train,0.0,1.0,,0.0,
1811,train,1.0,1.0,HUMAN,2.0,Calgary
1812,train,1.0,1.0,AID,1.0,Calgary
1813,train,1.0,1.0,PROPERTY,2.0,Calgary
1815,train,1.0,1.0,OTHER,1.0,Calgary
1817,train,1.0,1.0,INFRA,2.0,Canmore
1818,train,1.0,1.0,AID,1.0,Calgary
1820,train,0.0,1.0,,0.0,
1821,train,1.0,1.0,EVAC,2.0,Calgary
1822,train,1.0,1.0,INFRA,2.0,Macleod Trail;Stampede Grounds;Calgary
1824,train,0.0,1.0,,0.0,
1826,train,1.0,1.0,INFRA,2.0,High River
1827,train,0.0,1.0,,0.0,
1828,train,1.0,1.0,OTHER,2.0,Calgary
1829,train,1.0,1.0,OTHER,1.0,Alberta
1830,train,0.0,1.0,,0.0,
1831,train,1.0,1.0,AID,1.0,Calgary
1832,train,0.0,1.0,,0.0,
1833,train,0.0,1.0,,0.0,
1834,train,1.0,1.0,AID,1.0,Calgary;Saskatoon
1835,train,0.0,1.0,,0.0,
1836,train,0.0,0.8888888888888888,,0.0,
1837,train,0.0,1.0,,0.0,
1838,train,0.0,1.0,,0.0,
1839,train,1.0,1.0,OTHER,1.0,Calgary
1840,train,1.0,1.0,NEEDS,2.0,Calgary;Calgary Drop-In Centre
1841,train,0.0,1.0,,0.0,
1842,train,1.0,1.0,AID,1.0,Blackie
1843,train,1.0,1.0,AID,1.0,Calgary
1844,train,1.0,1.0,AID,1.0,Calgary
1845,train,1.0,1.0,EVAC,2.0,Alberta
1846,train,1.0,1.0,OTHER,1.0,Alberta
1847,train,1.0,1.0,AID,1.0,Alberta
1848,train,0.0,1.0,,0.0,
1849,train,1.0,1.0,PROPERTY,2.0,Siksika Nation
1850,train,0.0,1.0,,0.0,
1851,train,1.0,1.0,NEEDS,1.0,Calgary
1852,train,0.0,1.0,,0.0,
1853,train,1.0,1.0,PROPERTY,2.0,Calgary
1854,train,0.0,1.0,,0.0,
1855,train,0.0,1.0,,0.0,
1856,train,1.0,1.0,AID,1.0,Alberta
1857,train,0.0,1.0,,0.0,
1858,train,0.0,1.0,,0.0,
1859,train,1.0,1.0,OTHER,1.0,6128 33rd Avenue NW;Calgary
1860,train,0.0,1.0,,0.0,
1861,train,0.0,1.0,,0.0,
1862,train,1.0,1.0,AID,1.0,Calgary
1863,train,1.0,1.0,SUPPORT,1.0,Alberta
1864,train,0.0,1.0,,0.0,
1865,train,1.0,1.0,AID,1.0,Tsuu T'ina Nation;Calgary
1866,train,0.0,1.0,,0.0,
1867,train,1.0,1.0,OTHER,1.0,Calgary
1868,train,1.0,1.0,PROPERTY,2.0,Saddledome;Calgary
1869,train,1.0,1.0,SUPPORT,1.0,Medicine Hat
1870,train,1.0,1.0,INFRA,2.0,Baker House;Mustard Seed;Inn from the Cold;Calgary Drop-In Centre;Calgary
1871,train,0.0,1.0,,0.0,
1872,train,1.0,1.0,ADVISORY,2.0,Calgary
1873,train,1.0,1.0,SUPPORT,1.0,Calgary
1875,train,0.0,1.0,,0.0,
1876,train,1.0,1.0,INFRA,2.0,Calgary
1877,train,1.0,1.0,SUPPORT,1.0,Calgary;Southern Alberta
1878,train,0.0,1.0,,0.0,
1879,train,1.0,1.0,ADVISORY,1.0,Medicine Hat
1880,train,0.0,1.0,,0.0,
1882,train,1.0,1.0,SUPPORT,1.0,Calgary
1883,train,1.0,1.0,AID,1.0,Calgary
1884,train,0.0,1.0,,0.0,
1885,train,1.0,0.8888888888888888,ADVISORY,1.0,Calgary
1886,train,1.0,1.0,OTHER,1.0,Calgary
1887,train,1.0,1.0,OTHER,1.0,Alberta
1889,train,0.0,1.0,,0.0,
1890,train,1.0,1.0,OTHER,1.0,Calgary
1891,train,1.0,1.0,SUPPORT,1.0,Calgary;Toronto
1892,train,1.0,1.0,AID,2.0,Calgary
1893,train,0.0,1.0,,0.0,
1894,train,0.0,1.0,,0.0,
1895,train,1.0,1.0,HUMAN,2.0,Highwood River;High River
1896,train,1.0,1.0,INFRA,2.0,SAIT;Calgary
1897,train,0.0,1.0,,0.0,
1898,train,1.0,1.0,SUPPORT,1.0,Calgary
1900,train,1.0,1.0,EVAC,2.0,Alberta
1901,train,1.0,1.0,AID,1.0,Alberta
1902,train,1.0,1.0,AID,1.0,Inglewood;Calgary
1903,train,1.0,1.0,INFRA,2.0,Quarry Park;Calgary
1904,train,0.0,1.0,,0.0,
1905,train,1.0,1.0,AID,1.0,Roxboro;Rideau Park;Calgary
1906,train,0.0,1.0,,0.0,
1907,train,0.0,1.0,,0.0,
1909,train,1.0,1.0,OTHER,1.0,Calgary
1912,train,1.0,1.0,INFRA,2.0,Siksika Nation;Chicago Bridge
1913,train,1.0,1.0,INFRA,2.0,25th Avenue;3rd Street;Stampede Grounds;Calgary
1914,train,1.0,1.0,AID,1.0,Calgary
1915,train,1.0,1.0,INFRA,2.0,Calgary
1916,train,0.0,1.0,,0.0,
1917,train,0.0,1.0,,0.0,
1918,train,1.0,1.0,AID,1.0,High River
1919,train,1.0,1.0,INFRA,2.0,Calgary
1920,train,0.0,0.8888888888888888,,0.0,
1921,train,0.0,1.0,,0.0,
1922,train,0.0,1.0,,0.0,
1923,train,0.0,1.0,,0.0,
1924,train,0.0,1.0,,0.0,
1926,train,1.0,1.0,OTHER,1.0,Calgary;Alberta
1927,train,1.0,1.0,HUMAN,2.0,Calgary
1928,train,1.0,1.0,OTHER,1.0,Queensland;Calgary
1929,train,0.0,1.0,,0.0,
1930,train,0.0,1.0,,0.0,
1931,train,1.0,1.0,SUPPORT,1.0,Lethbridge;Siksika Nation
1932,train,0.0,1.0,,0.0,
1933,train,1.0,1.0,AID,1.0,Calgary
1934,train,1.0,1.0,OTHER,1.0,Alberta
1935,train,0.0,0.8888888888888888,,0.0,
1936,train,0.0,1.0,,0.0,
1937,train,0.0,1.0,,0.0,
1938,train,1.0,1.0,INFRA,2.0,Calgary
1939,train,0.0,1.0,,0.0,
1940,train,0.0,1.0,,0.0,
1941,train,1.0,1.0,PROPERTY,2.0,Canmore
1942,train,1.0,1.0,AID,1.0,Bragg Creek;Calgary
1943,train,0.0,1.0,,0.0,
1944,train,0.0,1.0,,0.0,
1945,train,0.0,1.0,,0.0,
1946,train,0.0,1.0,,0.0,
1947,train,0.0,1.0,,0.0,
1948,train,0.0,1.0,,0.0,
1950,train,1.0,1.0,PROPERTY,2.0,Bow River;Elbow River;Calgary
1951,train,0.0,1.0,,0.0,
1952,train,1.0,1.0,AID,1.0,Calgary
1953,train,0.0,1.0,,0.0,
1954,train,0.0,1.0,,0.0,
1955,train,1.0,1.0,INFRA,2.0,Cliff Bungalow;Mission;Calgary
1956,train,0.0,1.0,,0.0,
1957,train,1.0,1.0,INFRA,2.0,C-Train;Calgary
1958,train,0.0,1.0,,0.0,
1959,train,0.0,1.0,,0.0,
1960,train,1.0,1.0,OTHER,1.0,Calgary
1962,train,1.0,1.0,EVAC,1.0,Alberta
1963,train,1.0,1.0,NEEDS,2.0,High River
1964,train,1.0,1.0,AID,1.0,Alberta
1965,train,1.0,1.0,PROPERTY,1.0,
1966,train,1.0,1.0,SUPPORT,1.0,Calgary
1967,train,0.0,1.0,,0.0,
1968,train,0.0,1.0,,0.0,
1970,train,1.0,1.0,NEEDS,1.0,Inglewood;Calgary
1971,train,0.0,1.0,,0.0,
1972,train,1.0,1.0,HUMAN,1.0,Alberta;Siksika Nation;Calgary
1974,train,0.0,1.0,,0.0,
1976,train,0.0,1.0,,0.0,
1977,train,1.0,1.0,INFRA,2.0,Harvie Passage;Calgary
1978,train,0.0,1.0,,0.0,
1979,train,1.0,1.0,SUPPORT,1.0,High River
1980,train,1.0,1.0,INFRA,2.0,Saddledome;McMahon Stadium;Calgary
1982,train,1.0,1.0,AID,1.0,Calgary
1983,train,0.0,1.0,,0.0,
1984,train,1.0,1.0,NEEDS,1.0,Calgary
1985,train,1.0,1.0,AID,1.0,Southern Alberta
1986,train,1.0,1.0,SUPPORT,1.0,Calgary
1987,train,1.0,1.0,PROPERTY,2.0,Saddledome;Calgary
1989,train,0.0,1.0,,0.0,
1992,train,1.0,1.0,AID,1.0,Sunnyside;Calgary
1993,train,0.0,1.0,,0.0,
1994,train,1.0,1.0,OTHER,1.0,12th Avenue;Calgary
1995,train,0.0,1.0,,0.0,
1996,train,0.0,1.0,,0.0,
1997,train,0.0,1.0,,0.0,
1998,train,0.0,1.0,,0.0,
2000,train,1.0,1.0,OTHER,1.0,Calgary
2003,train,0.0,1.0,,0.0,
2004,train,1.0,1.0,AID,1.0,Calgary
2005,train,1.0,1.0,AID,1.0,Alberta
2007,train,1.0,1.0,EVAC,2.0,Calgary
2008,train,1.0,1.0,ADVISORY,2.0,Inglewood;Calgary
2009,train,0.0,1.0,,0.0,
2010,train,0.0,1.0,,0.0,
2011,train,1.0,1.0,SUPPORT,1.0,Alberta
2013,train,1.0,1.0,AID,1.0,Calgary
2014,train,1.0,1.0,AID,1.0,Southern Alberta
2015,train,0.0,1.0,,0.0,
2016,train,0.0,1.0,,0.0,
2017,train,0.0,1.0,,0.0,
2018,train,0.0,1.0,,0.0,
2019,train,1.0,1.0,AID,1.0,Calgary
2020,train,1.0,1.0,NEEDS,2.0,Edison Crescent SW;Calgary
2021,train,0.0,1.0,,0.0,
2022,train,1.0,1.0,OTHER,1.0,Calgary
2023,train,1.0,1.0,AID,1.0,Calgary
2024,train,1.0,1.0,ADVISORY,2.0,12th Avenue;11th Avenue;Calgary
2026,train,1.0,1.0,SUPPORT,1.0,Calgary
2027,train,1.0,1.0,ADVISORY,1.0,Calgary Courts Building;Calgary
2028,train,0.0,1.0,,0.0,
2029,train,0.0,1.0,,0.0,
2030,train,0.0,1.0,,0.0,
2031,train,0.0,1.0,,0.0,
2034,train,1.0,0.8888888888888888,OTHER,1.0,Calgary Zoo
2035,train,1.0,1.0,AID,2.0,McMahon Stadium;Calgary
2036,train,0.0,1.0,,0.0,
2037,train,1.0,1.0,OTHER,1.0,Calgary
2038,train,1.0,1.0,AID,1.0,Calgary
2039,train,1.0,1.0,AID,1.0,Alberta
2040,train,0.0,1.0,,0.0,
2041,train,0.0,1.0,,0.0,
2042,train,0.0,1.0,,0.0,
2043,train,0.0,1.0,,0.0,
2045,train,1.0,1.0,SUPPORT,1.0,Calgary
2046,train,0.0,1.0,,0.0,
2047,train,0.0,1.0,,0.0,
271,train,1.0,1.0,OTHER,1.0,Calgary
2049,train,1.0,1.0,AID,2.0,Connaught;Calgary
2050,train,1.0,0.8888888888888888,ADVISORY,1.0,Alberta
2051,train,0.0,1.0,,0.0,
2053,train,1.0,1.0,AID,1.0,Alberta;Calgary
2054,train,0.0,1.0,,0.0,
2055,train,1.0,1.0,OTHER,1.0,Calgary;Alberta
2056,train,0.0,1.0,,0.0,
2057,train,1.0,1.0,AID,1.0,Calgary
2058,train,1.0,1.0,OTHER,1.0,Edmonton;Southern Alberta
2059,train,0.0,0.7777777777777778,,0.0,
2060,train,1.0,1.0,ADVISORY,2.0,Alberta
2061,train,0.0,1.0,,0.0,
2062,train,0.0,1.0,,0.0,
2063,train,0.0,1.0,,0.0,
2064,train,0.0,1.0,,0.0,
2065,train,0.0,1.0,,0.0,
2067,train,0.0,1.0,,0.0,
2068,train,1.0,1.0,HUMAN,1.0,Alberta
2069,train,1.0,1.0,AID,2.0,Calgary
2070,train,1.0,1.0,NEEDS,2.0,Calgary;Calgary Drop-In Centre
2071,train,1.0,1.0,OTHER,1.0,Calgary
2072,train,1.0,1.0,ADVISORY,2.0,Mission;Calgary
2073,train,0.0,1.0,,0.0,
2074,train,0.0,1.0,,0.0,
2075,train,0.0,1.0,,0.0,
2076,train,0.0,0.8888888888888888,,0.0,
2077,train,0.0,1.0,,0.0,
2078,train,1.0,0.8888888888888888,OTHER,1.0,Alberta
2081,train,1.0,1.0,INFRA,2.0,Calgary
2082,train,0.0,0.7777777777777778,,0.0,
2083,train,0.0,1.0,,0.0,
2084,train,1.0,1.0,OTHER,1.0,Calgary
2086,train,0.0,1.0,,0.0,
2087,train,1.0,1.0,OTHER,1.0,Alberta
2089,train,1.0,1.0,INFRA,2.0,Redwood Meadows
2090,train,0.0,1.0,,0.0,
2091,train,0.0,0.8888888888888888,,0.0,
2092,train,1.0,1.0,OTHER,1.0,Calgary
2094,train,0.0,1.0,,0.0,
2095,train,0.0,1.0,,0.0,
2097,train,1.0,0.8888888888888888,INFRA,2.0,Southern Alberta
2098,train,0.0,1.0,,0.0,
2099,train,0.0,0.8888888888888888,,0.0,
2100,train,1.0,1.0,PROPERTY,2.0,Stampede Grounds;Saddledome;Calgary
2101,train,1.0,1.0,OTHER,1.0,Calgary
2104,train,0.0,0.7777777777777778,,0.0,
2105,train,0.0,1.0,,0.0,
2106,train,0.0,1.0,,0.0,
2107,train,1.0,1.0,SUPPORT,1.0,Calgary
2108,train,1.0,1.0,INFRA,2.0,Bow River;Bowness;Calgary
2110,train,1.0,1.0,AID,2.0,Calgary
2112,train,1.0,1.0,HUMAN,1.0,Alberta
2113,train,1.0,1.0,AID,1.0,Alberta;Calgary
2114,train,0.0,1.0,,0.0,
2115,train,1.0,1.0,OTHER,1.0,Calgary
2116,train,1.0,1.0,SUPPORT,1.0,Calgary
2117,train,1.0,1.0,INFRA,2.0,Calgary
2118,train,0.0,1.0,,0.0,
2119,train,0.0,1.0,,0.0,
2120,train,1.0,1.0,AID,1.0,Calgary;Stampede
2123,train,0.0,1.0,,0.0,
2124,train,1.0,1.0,ADVISORY,1.0,Calgary
2125,train,1.0,1.0,PROPERTY,2.0,Mission;Calgary
2126,train,0.0,1.0,,0.0,
2127,train,0.0,1.0,,0.0,
2128,train,0.0,1.0,,0.0,
2129,train,1.0,1.0,AID,1.0,Calgary
2130,train,0.0,1.0,,0.0,
2131,train,0.0,1.0,,0.0,
2133,train,1.0,1.0,AID,1.0,Calgary
2134,train,0.0,1.0,,0.0,
2136,train,1.0,0.8888888888888888,OTHER,1.0,Calgary
2137,train,1.0,1.0,SUPPORT,1.0,Calgary
2138,train,1.0,1.0,AID,1.0,Calgary
2139,train,0.0,0.8888888888888888,,0.0,
2140,train,1.0,1.0,AID,1.0,Alberta
2141,train,0.0,1.0,,0.0,
2142,train,0.0,1.0,,0.0,
2143,train,1.0,1.0,AID,1.0,Mission;Calgary
2144,train,0.0,1.0,,0.0,
2145,train,1.0,1.0,AID,1.0,Calgary
2146,train,1.0,1.0,OTHER,1.0,Calgary
2147,train,0.0,1.0,,0.0,
2148,train,0.0,1.0,,0.0,
2149,train,0.0,1.0,,0.0,
2150,train,0.0,1.0,,0.0,
2151,train,1.0,1.0,AID,1.0,Calgary
2153,train,0.0,1.0,,0.0,
2154,train,1.0,1.0,PROPERTY,2.0,Stampede Grounds;Calgary
2155,train,0.0,1.0,,0.0,
2156,train,0.0,0.7777777777777778,,0.0,
2157,train,1.0,1.0,AID,1.0,Alberta
2158,train,0.0,1.0,,0.0,
2159,train,1.0,1.0,SUPPORT,1.0,Calgary;High River
2160,train,0.0,1.0,,0.0,
2161,train,1.0,1.0,OTHER,2.0,Calgary
2162,train,1.0,1.0,INFRA,2.0,Saddledome;Calgary
2163,train,1.0,1.0,OTHER,1.0,Alberta
2164,train,0.0,1.0,,0.0,
2165,train,0.0,1.0,,0.0,
2166,train,0.0,1.0,,0.0,
2167,train,0.0,1.0,,0.0,
2169,train,0.0,1.0,,0.0,
2170,train,1.0,1.0,AID,1.0,Southern Alberta
2172,train,0.0,1.0,,0.0,
2173,train,0.0,1.0,,0.0,
2174,train,0.0,1.0,,0.0,
2175,train,1.0,1.0,SUPPORT,1.0,Calgary
2176,train,1.0,1.0,OTHER,1.0,Calgary;Alberta
2177,train,0.0,1.0,,0.0,
2180,train,1.0,1.0,AID,1.0,British Columbia;Alberta
2181,train,0.0,1.0,,0.0,
2182,train,1.0,0.8888888888888888,SUPPORT,1.0,Calgary
2183,train,1.0,1.0,AID,2.0,Calgary
2184,train,0.0,1.0,,0.0,
2185,train,0.0,0.7777777777777778,,0.0,
2186,train,0.0,1.0,,0.0,
2187,train,0.0,1.0,,0.0,
2188,train,1.0,1.0,SUPPORT,1.0,Alberta
2189,train,0.0,1.0,,0.0,
2190,train,1.0,1.0,PROPERTY,2.0,4 Street SW;Calgary
2191,train,1.0,1.0,AID,1.0,Edmonton;Alberta
2192,train,0.0,1.0,,0.0,
2193,train,0.0,1.0,,0.0,
2194,train,1.0,1.0,AID,1.0,Alberta
2195,train,1.0,1.0,OTHER,1.0,Calgary
2196,train,1.0,1.0,INFRA,2.0,Deerfoot Trail;50 Avenue;17 Avenue;Calgary
2197,train,0.0,1.0,,0.0,
2198,train,1.0,1.0,INFRA,2.0,Stoney Nakoda;Morley;Alberta
2199,train,1.0,1.0,SUPPORT,1.0,Calgary;Alberta
2200,train,0.0,1.0,,0.0,
2201,train,1.0,1.0,SUPPORT,1.0,Calgary
2202,train,1.0,1.0,AID,1.0,Calgary
2203,train,1.0,1.0,AID,1.0,Calgary Food Bank;Calgary
2204,train,1.0,1.0,AID,2.0,Sunnyside;Calgary
2205,train,1.0,1.0,INFRA,2.0,Kensington;Calgary
968,train,0.0,1.0,,0.0,
2207,train,0.0,1.0,,0.0,
2208,train,1.0,1.0,OTHER,1.0,Alberta
308,train,1.0,1.0,AID,1.0,Calgary
2210,train,1.0,1.0,OTHER,1.0,Calgary
2211,train,0.0,1.0,,0.0,
2212,train,1.0,1.0,PROPERTY,2.0,Calgary
2213,train,0.0,1.0,,0.0,
2215,train,0.0,1.0,,0.0,
2216,train,0.0,1.0,,0.0,
2217,train,1.0,1.0,SUPPORT,1.0,Calgary;Monroe County
2218,train,0.0,0.7777777777777778,,0.0,
2219,train,1.0,1.0,EVAC,2.0,Riverwalk;Calgary
2220,train,1.0,1.0,EVAC,1.0,Canada;Alberta
2222,train,0.0,1.0,,0.0,
2223,train,0.0,1.0,,0.0,
2224,train,1.0,1.0,SUPPORT,1.0,Canada;Louisiana
2225,train,1.0,1.0,EVAC,1.0,Calgary;Alberta
2228,train,1.0,1.0,INFRA,2.0,Downtown Calgary;Calgary
2229,train,0.0,1.0,,0.0,
2230,train,0.0,1.0,,0.0,
2231,train,0.0,1.0,,0.0,
2233,train,0.0,1.0,,0.0,
2234,train,1.0,1.0,AID,2.0,Calgary;Alberta
2235,train,1.0,1.0,ADVISORY,1.0,Calgary
2236,train,1.0,1.0,SUPPORT,1.0,Calgary
2237,train,0.0,1.0,,0.0,
2238,train,1.0,1.0,OTHER,1.0,Medicine Hat
2239,train,0.0,1.0,,0.0,
2240,train,0.0,1.0,,0.0,
2241,train,1.0,1.0,AID,1.0,Alberta;Calgary
2242,train,1.0,1.0,ADVISORY,1.0,Calgary
2243,train,1.0,1.0,NEEDS,3.0,Mission;Calgary
2244,train,1.0,1.0,OTHER,1.0,Calgary
2245,train,1.0,1.0,OTHER,1.0,Alberta;Calgary
2246,train,1.0,1.0,HUMAN,2.0,Bow River;Siksika First Nation;Alberta
2247,train,1.0,1.0,SUPPORT,1.0,Calgary
2248,train,1.0,1.0,AID,2.0,Alberta;Calgary
2249,train,0.0,1.0,,0.0,
2250,train,1.0,1.0,SUPPORT,1.0,Mission;Calgary
2251,train,0.0,0.8888888888888888,,0.0,
2252,train,0.0,1.0,,0.0,
2255,train,0.0,1.0,,0.0,
2256,train,1.0,1.0,OTHER,1.0,Calgary
2257,train,1.0,1.0,AID,1.0,Cambodia;Alberta;Calgary
2258,train,1.0,1.0,ADVISORY,1.0,Alberta
2259,train,1.0,1.0,INFRA,2.0,Calgary
2260,train,0.0,1.0,,0.0,
2261,train,1.0,1.0,AID,1.0,Alberta;Calgary
2262,train,0.0,1.0,,0.0,
2263,train,0.0,1.0,,0.0,
2264,train,1.0,1.0,OTHER,1.0,Calgary
2265,train,1.0,1.0,OTHER,1.0,Alberta
2266,train,0.0,1.0,,0.0,
2267,train,1.0,1.0,INFRA,1.0,Calgary
2268,train,1.0,1.0,AID,1.0,Erlton;Calgary
2269,train,0.0,1.0,,0.0,
2271,train,0.0,1.0,,0.0,
2272,train,1.0,1.0,EVAC,1.0,Calgary
2273,train,1.0,1.0,EVAC,2.0,Calgary
2274,train,1.0,1.0,INFRA,2.0,Alberta
2275,train,1.0,1.0,OTHER,1.0,Calgary
2276,train,0.0,1.0,,0.0,
2277,train,1.0,0.8888888888888888,OTHER,1.0,
2278,train,1.0,1.0,AID,1.0,Calgary;Mount Royal University
2279,train,1.0,1.0,OTHER,1.0,Calgary
2280,train,0.0,0.8888888888888888,,0.0,
2281,train,1.0,1.0,ADVISORY,1.0,Calgary
2282,train,1.0,1.0,OTHER,1.0,Alberta;Calgary
2283,train,1.0,1.0,PROPERTY,2.0,Calgary;Downtown Calgary
2284,train,0.0,0.8888888888888888,,0.0,
568,train,1.0,1.0,ADVISORY,2.0,Calgary
2287,train,1.0,1.0,AID,1.0,Alberta;Calgary
2288,train,1.0,1.0,PROPERTY,2.0,Bow River;Calgary
2289,train,1.0,1.0,PROPERTY,1.0,Calgary;Downtown Calgary
2291,train,1.0,0.8888888888888888,INFRA,1.0,Louise Bridge
2292,train,0.0,1.0,,0.0,
2293,train,0.0,1.0,,0.0,
2294,train,1.0,1.0,AID,1.0,Calgary
2295,train,0.0,1.0,,0.0,
2296,train,1.0,1.0,OTHER,1.0,Calgary
2297,train,0.0,1.0,,0.0,
2298,train,1.0,1.0,AID,1.0,Calgary
2299,train,0.0,1.0,,0.0,
2300,train,1.0,1.0,AID,1.0,Calgary
2301,train,0.0,1.0,,0.0,
2303,train,0.0,0.8888888888888888,,0.0,
2304,train,0.0,1.0,,0.0,
2305,train,0.0,0.7777777777777778,,0.0,
2306,train,0.0,0.7777777777777778,,0.0,
2307,train,0.0,1.0,,0.0,
2308,train,0.0,1.0,,0.0,
2310,train,0.0,1.0,,0.0,
2312,train,1.0,1.0,OTHER,1.0,Calgary
2313,train,0.0,1.0,,0.0,
2314,train,1.0,1.0,AID,1.0,Dalhousie;Alberta
2315,train,1.0,1.0,ADVISORY,1.0,Alberta;Qu'Appelle River
2317,train,0.0,1.0,,0.0,
2318,train,1.0,1.0,AID,2.0,Siksika
2319,train,0.0,0.8888888888888888,,0.0,
2320,train,0.0,1.0,,0.0,
2321,train,0.0,1.0,,0.0,
2322,train,0.0,1.0,,0.0,
2323,train,1.0,1.0,AID,1.0,Calgary;McMahon Stadium
2324,train,1.0,1.0,OTHER,1.0,Calgary
2325,train,1.0,1.0,INFRA,2.0,Calgary
2328,train,0.0,1.0,,0.0,
2329,train,0.0,1.0,,0.0,
2330,train,0.0,1.0,,0.0,
2331,train,0.0,1.0,,0.0,
2332,train,1.0,1.0,PROPERTY,1.0,Calgary;Morley;Siksika
2333,train,1.0,1.0,ADVISORY,2.0,Calgary
2334,train,1.0,1.0,OTHER,2.0,Calgary
2335,train,1.0,1.0,SUPPORT,1.0,Alberta
2337,train,0.0,1.0,,0.0,
2338,train,1.0,1.0,OTHER,1.0,Alberta
2340,train,0.0,1.0,,0.0,
2341,train,0.0,1.0,,0.0,
2342,train,1.0,1.0,AID,1.0,Calgary
2343,train,1.0,1.0,OTHER,1.0,Alberta
2344,train,0.0,1.0,,0.0,
2345,train,1.0,1.0,EVAC,2.0,Calgary
2346,train,0.0,1.0,,0.0,
2347,train,1.0,1.0,ADVISORY,2.0,Medicine Hat
2348,train,0.0,1.0,,0.0,
2349,train,0.0,1.0,,0.0,
2350,train,1.0,1.0,INFRA,2.0,Downtown Calgary;Stephen Avenue
2351,train,0.0,1.0,,0.0,
2352,train,1.0,1.0,AID,1.0,Calgary
2354,train,0.0,1.0,,0.0,
2355,train,0.0,1.0,,0.0,
2356,train,0.0,1.0,,0.0,
2357,train,0.0,1.0,,0.0,
2359,train,1.0,1.0,PROPERTY,1.0,River Cafe;Prince's Island;Calgary
2360,train,1.0,1.0,OTHER,1.0,Alberta
2361,train,0.0,1.0,,0.0,
2362,train,0.0,1.0,,0.0,
2363,train,1.0,1.0,SUPPORT,1.0,Calgary;Alberta
2364,train,1.0,1.0,OTHER,1.0,Calgary;Alberta
2365,train,1.0,1.0,OTHER,1.0,Downtown Calgary;Calgary
2366,train,1.0,1.0,OTHER,1.0,Calgary
2367,train,0.0,1.0,,0.0,
2368,train,1.0,1.0,HUMAN,1.0,Calgary
2369,train,1.0,1.0,AID,1.0,Alberta;Calgary
2370,train,0.0,0.8888888888888888,,0.0,
2371,train,0.0,1.0,,0.0,
2372,train,1.0,1.0,AID,1.0,Alberta
2373,train,1.0,1.0,INFRA,2.0,Banff
2374,train,1.0,1.0,PROPERTY,1.0,Calgary
2376,train,0.0,0.7777777777777778,,0.0,
2377,train,1.0,1.0,AID,1.0,Alberta
2378,train,0.0,0.8888888888888888,,0.0,
2379,train,1.0,1.0,AID,1.0,Bowness;Calgary
2380,train,0.0,0.6666666666666666,,0.0,
1742,train,1.0,1.0,EVAC,2.0,Downtown Calgary;Calgary
2382,train,1.0,1.0,SUPPORT,1.0,Calgary
2384,train,1.0,1.0,AID,2.0,
2385,train,1.0,1.0,AID,1.0,Alberta
2386,train,1.0,1.0,PROPERTY,1.0,Calgary Zoo;Calgary
2388,train,1.0,1.0,OTHER,1.0,Alberta
2389,train,1.0,1.0,EVAC,1.0,Calgary
2390,train,0.0,1.0,,0.0,
2391,train,1.0,1.0,SUPPORT,1.0,Calgary;Alberta
2392,train,0.0,1.0,,0.0,
2393,train,1.0,1.0,OTHER,1.0,Calgary
2394,train,1.0,1.0,AID,1.0,Alberta
2395,train,1.0,1.0,INFRA,2.0,Trans Canada bridge;Medicine Hat
2396,train,1.0,1.0,SUPPORT,1.0,Alberta
2397,train,1.0,1.0,SUPPORT,1.0,Alberta
2398,train,1.0,1.0,OTHER,1.0,Alberta;Rockies
2399,train,1.0,1.0,AID,1.0,Calgary
2400,train,1.0,1.0,PROPERTY,1.0,Calgary
2401,train,0.0,1.0,,0.0,
2402,train,1.0,1.0,OTHER,1.0,Calgary
2403,train,1.0,1.0,ADVISORY,2.0,Alberta
2404,train,1.0,1.0,OTHER,1.0,Inglewood;Downtown Calgary;Calgary
2405,train,1.0,1.0,ADVISORY,1.0,Calgary
2407,train,1.0,1.0,ADVISORY,2.0,Calgary
2408,train,0.0,1.0,,0.0,
1699,train,1.0,1.0,AID,1.0,Alberta
2411,train,0.0,1.0,,0.0,
2412,train,1.0,1.0,AID,1.0,Calgary
2413,train,0.0,1.0,,0.0,
2414,train,1.0,1.0,AID,1.0,Calgary
2415,train,1.0,1.0,PROPERTY,2.0,Cougar Creek;Canmore
2417,train,0.0,1.0,,0.0,
2418,train,1.0,1.0,INFRA,2.0,Calgary
2419,train,0.0,1.0,,0.0,
2420,train,1.0,1.0,SUPPORT,1.0,Calgary
2421,train,1.0,1.0,PROPERTY,1.0,Canada
2422,train,1.0,1.0,SUPPORT,1.0,Calgary
2423,train,1.0,1.0,OTHER,1.0,Alberta
2424,train,1.0,1.0,AID,1.0,Calgary
2425,train,1.0,1.0,EVAC,2.0,Calgary
2426,train,0.0,1.0,,0.0,
2427,train,0.0,1.0,,0.0,
2428,train,1.0,1.0,ADVISORY,2.0,Calgary
2429,train,0.0,1.0,,0.0,
2430,train,0.0,0.7777777777777778,,0.0,
2431,train,1.0,1.0,AID,1.0,Calgary
97,train,1.0,1.0,INFRA,1.0,Calgary
2433,train,1.0,1.0,AID,1.0,Calgary
2434,train,0.0,1.0,,0.0,
2435,train,0.0,1.0,,0.0,
2436,train,0.0,1.0,,0.0,
2437,train,1.0,1.0,EVAC,2.0,Inglewood;8th Avenue;Calgary
2438,train,0.0,1.0,,0.0,
2439,train,0.0,1.0,,0.0,
2440,train,0.0,1.0,,0.0,
2441,train,1.0,1.0,OTHER,1.0,Siksika;Stoney Nakoda
2442,train,1.0,1.0,AID,1.0,Calgary;Alberta
2443,train,1.0,1.0,ADVISORY,2.0,North Saskatchewan River;Edmonton
2444,train,1.0,1.0,AID,1.0,High River
2445,train,1.0,1.0,AID,1.0,Alberta
2446,train,0.0,1.0,,0.0,
2447,train,0.0,1.0,,0.0,
2448,train,1.0,1.0,OTHER,1.0,Calgary;Downtown Calgary
2449,train,0.0,1.0,,0.0,
2450,train,1.0,1.0,OTHER,1.0,Calgary
1157,train,1.0,1.0,INFRA,2.0,Calgary
2452,train,1.0,1.0,HUMAN,2.0,Canada
2453,train,1.0,1.0,AID,1.0,Alberta
2454,train,1.0,1.0,AID,1.0,Calgary
2456,train,1.0,1.0,SUPPORT,1.0,Alberta
2457,train,1.0,1.0,PROPERTY,2.0,Calgary
2458,train,1.0,1.0,OTHER,1.0,Alberta
2460,train,1.0,1.0,OTHER,1.0,Calgary
2461,train,0.0,1.0,,0.0,
2462,train,1.0,1.0,NEEDS,2.0,Calgary;Calgary Drop-In Centre
2463,train,1.0,1.0,PROPERTY,2.0,Elbow Park;Calgary
2464,train,0.0,1.0,,0.0,
2465,train,0.0,1.0,,0.0,
2466,train,1.0,1.0,ADVISORY,2.0,Calgary;Alberta
2467,train,1.0,1.0,PROPERTY,1.0,Alberta
2468,train,1.0,1.0,PROPERTY,2.0,Medicine Hat
2469,train,1.0,1.0,ADVISORY,1.0,Calgary
2470,train,1.0,1.0,OTHER,1.0,Medicine Hat;Alberta
2471,train,0.0,1.0,,0.0,
2473,train,1.0,1.0,AID,1.0,Calgary
2474,train,1.0,1.0,AID,1.0,Alberta
2475,train,0.0,1.0,,0.0,
2476,train,0.0,1.0,,0.0,
2477,train,1.0,1.0,OTHER,1.0,
2478,train,1.0,1.0,AID,1.0,Airdrie;Calgary
2479,train,1.0,1.0,SUPPORT,1.0,Calgary;Alberta
2480,train,0.0,1.0,,0.0,
2481,train,0.0,1.0,,0.0,
2482,train,0.0,1.0,,0.0,
2483,train,1.0,1.0,NEEDS,1.0,Ribtor building;11th Ave SE;Macleod Trail;Calgary
2484,train,1.0,1.0,AID,1.0,Alberta
2486,train,0.0,1.0,,0.0,
2487,train,1.0,1.0,ADVISORY,2.0,Calgary;Alberta
2488,train,1.0,1.0,INFRA,2.0,Calgary;Deerfoot Trail;Southland Drive SE
2490,train,0.0,1.0,,0.0,
2491,train,0.0,0.8888888888888888,,0.0,
2492,train,1.0,1.0,INFRA,2.0,Calgary;Calgary downtown
2493,train,0.0,1.0,,0.0,
2494,train,1.0,1.0,ADVISORY,2.0,Banff
2495,train,0.0,0.8888888888888888,,0.0,
2496,train,1.0,1.0,INFRA,1.0,Medicine Hat;Finlay bridge;Maple Ave bridge
2497,train,0.0,0.8888888888888888,,0.0,
2498,train,1.0,1.0,OTHER,1.0,
2500,train,0.0,1.0,,0.0,
2501,train,0.0,1.0,,0.0,
2502,train,1.0,1.0,ADVISORY,1.0,Calgary
2503,train,0.0,1.0,,0.0,
2504,train,1.0,1.0,SUPPORT,1.0,Alberta
2505,train,1.0,1.0,AID,1.0,Wedgewoods;Vegreville;Calgary
2506,train,1.0,0.8888888888888888,OTHER,1.0,Calgary
2507,train,1.0,0.8888888888888888,SUPPORT,1.0,Calgary
2508,train,1.0,1.0,INFRA,1.0,Calgary
2509,train,1.0,0.8888888888888888,EVAC,1.0,Calgary
2510,train,0.0,1.0,,0.0,
2511,train,0.0,0.8888888888888888,,0.0,
2512,train,0.0,1.0,,0.0,
2513,train,1.0,1.0,AID,1.0,Calgary
2514,train,1.0,1.0,EVAC,2.0,Calgary;Elbow River
2515,train,0.0,1.0,,0.0,
2516,train,1.0,0.8888888888888888,NEEDS,1.0,
2517,train,0.0,0.8888888888888888,,0.0,
2518,train,1.0,1.0,PROPERTY,1.0,Alberta;Calgary
1406,train,1.0,1.0,SUPPORT,1.0,Alberta
2521,train,1.0,1.0,AID,1.0,High River
2522,train,1.0,1.0,SUPPORT,1.0,Calgary
2523,train,0.0,1.0,,0.0,
2524,train,1.0,1.0,ADVISORY,1.0,Calgary
2525,train,1.0,1.0,OTHER,2.0,Calgary
2526,train,1.0,1.0,PROPERTY,2.0,Elbow River;River Park
2527,train,1.0,1.0,OTHER,1.0,Alberta;Canmore
2528,train,1.0,1.0,INFRA,2.0,Calgary downtown
1825,train,1.0,1.0,HUMAN,1.0,Canada
2530,train,0.0,1.0,,0.0,
2531,train,0.0,1.0,,0.0,
2532,train,1.0,1.0,INFRA,1.0,Calgary
2533,train,1.0,1.0,SUPPORT,1.0,Calgary
2534,train,0.0,1.0,,0.0,
2535,train,1.0,1.0,SUPPORT,1.0,Calgary
2006,train,1.0,1.0,AID,1.0,Alberta
199,train,1.0,1.0,AID,1.0,Calgary
2538,train,1.0,0.8888888888888888,AID,1.0,Calgary
2539,train,1.0,1.0,PROPERTY,2.0,Saddledome
2540,train,0.0,0.8888888888888888,,0.0,
2541,train,0.0,1.0,,0.0,
2543,train,1.0,1.0,PROPERTY,2.0,5a;Memorial Drive;Sunnyside;Calgary
2544,train,1.0,1.0,OTHER,2.0,Calgary
2545,train,1.0,1.0,AID,2.0,Buffalo Run Golf Course;Calgary
2546,train,1.0,1.0,AID,1.0,Calgary
2547,train,0.0,1.0,,0.0,
2548,train,1.0,1.0,OTHER,1.0,Alberta
2549,train,1.0,1.0,OTHER,1.0,Alberta
2550,train,1.0,1.0,AID,1.0,Alberta
2551,train,0.0,1.0,,0.0,
2552,train,1.0,1.0,OTHER,1.0,Calgary
2553,train,0.0,0.8888888888888888,,0.0,
2554,train,0.0,1.0,,0.0,
2555,train,1.0,1.0,OTHER,1.0,Alberta
2556,train,0.0,0.8888888888888888,,0.0,
2557,train,0.0,0.8888888888888888,,0.0,
2558,train,1.0,1.0,SUPPORT,1.0,Calgary
2559,train,1.0,1.0,OTHER,1.0,Alberta;Slave Lake
2560,train,1.0,1.0,PROPERTY,1.0,Calgary
2561,train,1.0,1.0,OTHER,1.0,Alberta
2562,train,0.0,1.0,,0.0,
2563,train,0.0,1.0,,0.0,
2565,train,0.0,1.0,,0.0,
2566,train,1.0,1.0,INFRA,1.0,Calgary
2567,train,0.0,1.0,,0.0,
2568,train,0.0,1.0,,0.0,
2569,train,0.0,1.0,,0.0,
2571,train,1.0,1.0,HUMAN,1.0,Alberta
2572,train,1.0,1.0,ADVISORY,2.0,Calgary
2573,train,0.0,1.0,,0.0,
2574,train,0.0,1.0,,0.0,
2575,train,0.0,1.0,,0.0,
2576,train,1.0,1.0,EVAC,1.0,Banff
2577,train,0.0,1.0,,0.0,
2578,train,0.0,1.0,,0.0,
2579,train,0.0,1.0,,0.0,
2580,train,1.0,1.0,OTHER,1.0,Calgary
1557,train,1.0,1.0,NEEDS,1.0,Calgary
2583,train,0.0,0.8888888888888888,,0.0,
2585,train,0.0,1.0,,0.0,
2586,train,1.0,0.8888888888888888,OTHER,1.0,Calgary
2587,train,1.0,1.0,PROPERTY,2.0,Saddledome;Calgary
2588,train,1.0,1.0,ADVISORY,1.0,Alberta
2589,train,1.0,1.0,AID,1.0,Calgary;Alberta
2590,train,0.0,1.0,,0.0,
2591,train,0.0,1.0,,0.0,
2592,train,0.0,1.0,,0.0,
2593,train,1.0,1.0,OTHER,1.0,Calgary
2594,train,1.0,1.0,NEEDS,2.0,Memorial pathway;Centre Street;Calgary
2595,train,0.0,1.0,,0.0,
2596,train,0.0,1.0,,0.0,
2597,train,0.0,1.0,,0.0,
2599,train,0.0,1.0,,0.0,
2601,train,1.0,0.8888888888888888,OTHER,0.0,Alberta
2602,train,1.0,1.0,AID,1.0,Calgary
2604,train,0.0,1.0,,0.0,
2605,train,1.0,1.0,INFRA,1.0,Center Street;Calgary
2606,train,1.0,1.0,AID,1.0,Calgary
2607,train,1.0,1.0,OTHER,1.0,Calgary;Alberta
2608,train,1.0,1.0,AID,1.0,Alberta
2609,train,1.0,1.0,SUPPORT,1.0,Calgary
2610,train,1.0,1.0,INFRA,1.0,Elbow River;Lindsay Park Foot Bridge;Calgary
2613,train,0.0,1.0,,0.0,
2614,train,0.0,1.0,,0.0,
2615,train,1.0,1.0,PROPERTY,2.0,MacLeod Trail;17th Ave;Calgary
2616,train,0.0,1.0,,0.0,
2617,train,0.0,0.8888888888888888,,0.0,
2618,train,0.0,1.0,,0.0,
2619,train,0.0,1.0,,0.0,
2620,train,1.0,1.0,SUPPORT,1.0,Calgary
2621,train,0.0,1.0,,0.0,
2622,train,1.0,1.0,INFRA,1.0,Glenbow Museum;Calgary
2623,train,1.0,1.0,OTHER,1.0,Calgary
2624,train,1.0,1.0,PROPERTY,1.0,Saddledome;Edmonton;Calgary
2625,train,0.0,1.0,,0.0,
2626,train,0.0,1.0,,0.0,
2627,train,1.0,1.0,OTHER,1.0,Alberta
2628,train,1.0,1.0,PROPERTY,1.0,Saddledome
2629,train,1.0,1.0,ADVISORY,2.0,Calgary;Alberta
2630,train,0.0,1.0,,0.0,
2631,train,1.0,1.0,SUPPORT,1.0,Calgary
2632,train,1.0,1.0,AID,1.0,Alberta;Calgary
2635,train,1.0,1.0,SUPPORT,1.0,Siksika;Alberta
2636,train,1.0,1.0,AID,1.0,Calgary
2637,train,1.0,1.0,NEEDS,1.0,Calgary
2638,train,0.0,1.0,,0.0,
2639,train,1.0,1.0,SUPPORT,1.0,Calgary;Alberta
2640,train,0.0,1.0,,0.0,
2641,train,1.0,1.0,SUPPORT,1.0,Alberta
2642,train,1.0,1.0,AID,1.0,Calgary
2643,train,1.0,1.0,AID,1.0,Blackie;Brant;Mossleigh;Carseland
2644,train,1.0,1.0,SUPPORT,1.0,Calgary
2645,train,1.0,1.0,SUPPORT,1.0,Calgary;Alberta
2646,train,1.0,1.0,INFRA,2.0,Calgary
2647,train,1.0,1.0,NEEDS,2.0,4A Street;Calgary
2648,train,0.0,1.0,,0.0,
2649,train,0.0,1.0,,0.0,
2650,train,0.0,0.8888888888888888,,0.0,
2651,train,0.0,1.0,,0.0,
368,train,1.0,1.0,ADVISORY,1.0,Alberta;Calgary
2653,train,1.0,1.0,OTHER,1.0,Alberta
2654,train,1.0,1.0,INFRA,1.0,Deerfoot Trail;Calgary
2655,train,0.0,1.0,,0.0,
2656,train,0.0,1.0,,0.0,
2657,train,1.0,1.0,AID,1.0,Bowness
2658,train,1.0,1.0,OTHER,1.0,Calgary downtown
2659,train,1.0,1.0,OTHER,1.0,Calgary
2660,train,0.0,1.0,,0.0,
2661,train,1.0,1.0,OTHER,1.0,Calgary;Banff
2662,train,0.0,1.0,,0.0,
2664,train,1.0,1.0,AID,1.0,Alberta
2665,train,0.0,1.0,,0.0,
2666,train,0.0,0.8888888888888888,,0.0,
2667,train,0.0,0.8888888888888888,,0.0,
2668,train,0.0,1.0,,0.0,
2669,train,0.0,1.0,,0.0,
2670,train,0.0,1.0,,0.0,
2671,train,0.0,1.0,,0.0,
2672,train,1.0,1.0,OTHER,1.0,Southern Alberta
2673,train,1.0,1.0,PROPERTY,2.0,
2674,train,0.0,1.0,,0.0,
2675,train,1.0,1.0,AID,1.0,Alberta
2677,train,1.0,1.0,AID,1.0,Calgary
756,train,1.0,0.8888888888888888,OTHER,1.0,Calgary
2679,train,1.0,1.0,OTHER,1.0,Canada
2680,train,0.0,1.0,,0.0,
2681,train,0.0,1.0,,0.0,
2682,train,0.0,0.8888888888888888,,0.0,
2683,train,0.0,1.0,,0.0,
2684,train,0.0,1.0,,0.0,
2685,train,0.0,0.8888888888888888,,0.0,
2686,train,1.0,1.0,AID,1.0,Canada;Alberta;Calgary
2687,train,1.0,1.0,PROPERTY,2.0,Calgary
2688,train,1.0,1.0,ADVISORY,2.0,Medicine Hat
2689,train,1.0,1.0,OTHER,2.0,Calgary;Little Buffalo
2690,train,1.0,1.0,OTHER,1.0,Southern Alberta
2691,train,1.0,1.0,OTHER,1.0,Alberta;Calgary;High River
2692,train,0.0,1.0,,0.0,
2693,train,1.0,1.0,AID,1.0,Alberta
2694,train,0.0,1.0,,0.0,
2695,train,0.0,1.0,,0.0,
2697,train,1.0,1.0,AID,1.0,Alberta
2699,train,1.0,1.0,SUPPORT,1.0,Calgary
606,train,1.0,1.0,PROPERTY,2.0,Siksika
2701,train,1.0,1.0,PROPERTY,2.0,Calgary
2702,train,1.0,1.0,OTHER,1.0,Calgary
2705,train,1.0,1.0,ADVISORY,1.0,Siksika
2706,train,0.0,1.0,,0.0,
2707,train,1.0,1.0,AID,1.0,Calgary
2708,train,0.0,1.0,,0.0,
2709,train,1.0,1.0,INFRA,1.0,Calgary
2710,train,0.0,1.0,,0.0,
2711,train,1.0,1.0,PROPERTY,2.0,Elbow River;Bow River
2713,train,1.0,1.0,SUPPORT,1.0,Alberta
2714,train,1.0,1.0,OTHER,1.0,Alberta
2715,train,1.0,1.0,PROPERTY,2.0,Calgary
2716,train,0.0,1.0,,0.0,
2718,train,0.0,1.0,,0.0,
23,train,1.0,1.0,AID,1.0,Alberta
999,train,1.0,1.0,OTHER,1.0,Alberta
2721,train,1.0,1.0,AID,1.0,Treaty 7
2722,train,0.0,1.0,,0.0,
2723,train,0.0,1.0,,0.0,
2724,train,0.0,1.0,,0.0,
2725,train,1.0,1.0,ADVISORY,1.0,Alberta
2726,train,0.0,1.0,,0.0,
2728,train,1.0,1.0,OTHER,1.0,Calgary
2729,train,0.0,1.0,,0.0,
2730,train,1.0,1.0,SUPPORT,1.0,Calgary
2731,train,0.0,1.0,,0.0,
2732,train,1.0,0.8888888888888888,OTHER,1.0,Alberta
2733,train,0.0,1.0,,0.0,
2734,train,0.0,0.8888888888888888,,0.0,
2735,train,0.0,1.0,,0.0,
2736,train,1.0,1.0,ADVISORY,2.0,Calgary
2737,train,1.0,0.8888888888888888,OTHER,1.0,Canada
2738,train,1.0,1.0,SUPPORT,1.0,Calgary
2739,train,1.0,1.0,INFRA,2.0,Calgary
2740,train,1.0,1.0,OTHER,1.0,Calgary
1490,train,1.0,1.0,EVAC,2.0,Medicine Hat
2742,train,1.0,1.0,EVAC,1.0,
2743,train,0.0,1.0,,0.0,
2744,train,1.0,1.0,OTHER,1.0,Calgary
2745,train,0.0,1.0,,0.0,
2746,train,0.0,1.0,,0.0,
2748,train,1.0,1.0,OTHER,1.0,Calgary;Alberta
2749,train,1.0,1.0,EVAC,3.0,Medicine Hat;South Saskatchewan River
2750,train,1.0,1.0,PROPERTY,2.0,Crescent Heights
2751,train,0.0,1.0,,0.0,
2752,train,0.0,1.0,,0.0,
2753,train,0.0,1.0,,0.0,
2754,train,1.0,1.0,AID,1.0,Alberta
2756,train,0.0,1.0,,0.0,
2757,train,1.0,1.0,OTHER,1.0,Alberta
2758,train,1.0,1.0,OTHER,1.0,Calgary
2759,train,1.0,1.0,AID,1.0,Calgary
2760,train,1.0,1.0,OTHER,1.0,Alberta
2761,train,0.0,1.0,,0.0,
2762,train,0.0,1.0,,0.0,
2763,train,1.0,1.0,OTHER,1.0,Alberta
2764,train,0.0,1.0,,0.0,
2765,train,1.0,1.0,AID,2.0,Bowness Community Centre;Calgary
2766,train,1.0,1.0,OTHER,1.0,Alberta
2767,train,0.0,1.0,,0.0,
2768,train,1.0,1.0,ADVISORY,2.0,Calgary
2769,train,0.0,0.8888888888888888,,0.0,
2770,train,1.0,1.0,OTHER,1.0,Rocky Mountains;Alberta
2772,train,1.0,1.0,AID,2.0,Calgary
2773,train,1.0,1.0,OTHER,1.0,Calgary
2774,train,1.0,1.0,NEEDS,1.0,High River
2775,train,0.0,1.0,,0.0,
2776,train,1.0,1.0,SUPPORT,1.0,Alberta
2777,train,1.0,1.0,OTHER,1.0,Calgary Zoo;Calgary
2778,train,1.0,1.0,OTHER,2.0,Calgary
2779,train,1.0,1.0,ADVISORY,2.0,Devon
2781,train,0.0,1.0,,0.0,
2782,train,1.0,1.0,OTHER,1.0,Alberta
2783,train,0.0,1.0,,0.0,
2784,train,1.0,1.0,INFRA,2.0,Calgary
2785,train,0.0,1.0,,0.0,
2787,train,1.0,1.0,INFRA,2.0,Calgary
2788,train,1.0,1.0,INFRA,2.0,Inglewood;Calgary
2791,train,0.0,1.0,,0.0,
2793,train,1.0,1.0,PROPERTY,2.0,Calgary;Alberta
2794,train,0.0,1.0,,0.0,
2795,train,0.0,1.0,,0.0,
2796,train,1.0,1.0,OTHER,1.0,Siksika Nation
2797,train,0.0,1.0,,0.0,
2798,train,0.0,1.0,,0.0,
2799,train,0.0,1.0,,0.0,
2800,train,1.0,1.0,AID,2.0,Calgary
2801,train,1.0,1.0,OTHER,1.0,Calgary
2802,train,1.0,1.0,NEEDS,2.0,Mission;Calgary
2803,train,1.0,1.0,AID,1.0,Alberta
2804,train,0.0,1.0,,0.0,
2805,train,0.0,1.0,,0.0,
2806,train,1.0,1.0,OTHER,1.0,Alberta
2807,train,0.0,1.0,,0.0,
2810,train,1.0,1.0,OTHER,1.0,Calgary
2811,train,0.0,1.0,,0.0,
2812,train,1.0,1.0,AID,1.0,Siksika
2813,train,0.0,0.8888888888888888,,0.0,
2814,train,0.0,1.0,,0.0,
2815,train,1.0,1.0,INFRA,2.0,Calgary;21 Street;CBC
2816,train,0.0,1.0,,0.0,
2817,train,1.0,1.0,PROPERTY,1.0,Canmore;Alberta
2818,train,1.0,1.0,OTHER,1.0,High River
2819,train,1.0,1.0,SUPPORT,1.0,Siksika;Morley
1045,train,1.0,1.0,AID,1.0,Calgary Stampede;Calgary
2821,train,1.0,1.0,OTHER,1.0,Sunnyside;Calgary
2822,train,1.0,1.0,SUPPORT,1.0,Calgary
2823,train,0.0,1.0,,0.0,
2824,train,0.0,1.0,,0.0,
2825,train,0.0,1.0,,0.0,
2826,train,1.0,1.0,AID,1.0,Alberta
2827,train,1.0,1.0,AID,1.0,Alberta
2828,train,0.0,1.0,,0.0,
2829,train,1.0,1.0,OTHER,1.0,Olympic Plaza;Calgary
2831,train,1.0,1.0,SUPPORT,1.0,Calgary
938,train,1.0,1.0,HUMAN,3.0,High River
2833,train,1.0,1.0,HUMAN,1.0,Calgary
2834,train,0.0,1.0,,0.0,
2835,train,0.0,1.0,,0.0,
2836,train,1.0,1.0,AID,1.0,Alberta;Calgary
2837,train,1.0,0.8888888888888888,INFRA,2.0,52 Street
2838,train,1.0,1.0,OTHER,1.0,Calgary
2839,train,1.0,1.0,OTHER,1.0,Alberta
2840,train,0.0,1.0,,0.0,
2841,train,1.0,1.0,AID,1.0,Calgary Stampede;McMahon Stadium;Calgary
2842,train,1.0,1.0,PROPERTY,1.0,Kananaskis Country
2843,train,0.0,1.0,,0.0,
2844,train,0.0,1.0,,0.0,
2845,train,1.0,1.0,INFRA,1.0,Highway 1;Medicine Hat
2846,train,1.0,1.0,OTHER,1.0,Calgary
2847,train,1.0,1.0,EVAC,2.0,
2848,train,1.0,1.0,SUPPORT,1.0,Calgary
2849,train,0.0,1.0,,0.0,
2850,train,1.0,1.0,ADVISORY,1.0,Alberta
2852,train,0.0,1.0,,0.0,
2853,train,0.0,1.0,,0.0,
2854,train,0.0,1.0,,0.0,
2855,train,1.0,1.0,SUPPORT,1.0,
2856,train,0.0,1.0,,0.0,
2858,train,1.0,1.0,SUPPORT,1.0,Calgary
2859,train,0.0,1.0,,0.0,
2860,train,0.0,1.0,,0.0,
2861,train,0.0,1.0,,0.0,
2862,train,1.0,1.0,SUPPORT,1.0,Calgary;Alberta
2863,train,0.0,1.0,,0.0,
2864,train,1.0,1.0,AID,1.0,Alberta
2865,train,0.0,1.0,,0.0,
2866,train,1.0,1.0,OTHER,1.0,Alberta
2867,train,0.0,1.0,,0.0,
2869,train,0.0,1.0,,0.0,
2870,train,1.0,1.0,OTHER,1.0,Alberta
2871,train,0.0,1.0,,0.0,
2873,train,1.0,1.0,AID,1.0,Alberta
2874,train,1.0,1.0,AID,1.0,Calgary
2875,train,1.0,1.0,SUPPORT,1.0,High River
2877,train,0.0,1.0,,0.0,
2878,train,0.0,1.0,,0.0,
2879,train,1.0,1.0,ADVISORY,2.0,North Saskatchewan River;Edmonton
2880,train,1.0,1.0,OTHER,1.0,Alberta
2881,train,1.0,1.0,AID,1.0,Alberta
2882,train,1.0,1.0,HUMAN,2.0,Alberta
2883,train,0.0,1.0,,0.0,
2884,train,0.0,0.8888888888888888,,0.0,
2885,train,1.0,1.0,EVAC,2.0,Calgary
2886,train,1.0,1.0,PROPERTY,1.0,Bowness
2887,train,0.0,1.0,,0.0,
2888,train,0.0,1.0,,0.0,
2889,train,1.0,1.0,OTHER,1.0,Calgary Stampede;Calgary
2890,train,1.0,1.0,OTHER,1.0,Calgary
2891,train,1.0,1.0,OTHER,1.0,Calgary;Alberta
2892,train,1.0,1.0,AID,1.0,Alberta
2893,train,0.0,1.0,,0.0,
2894,train,0.0,1.0,,0.0,
2895,train,0.0,1.0,,0.0,
2896,train,0.0,1.0,,0.0,
1755,train,1.0,1.0,AID,1.0,Calgary;Canmore;High River
2898,train,1.0,1.0,AID,2.0,Alberta;Calgary
2899,train,1.0,1.0,AID,1.0,Alberta
2900,train,1.0,1.0,NEEDS,3.0,Calgary
2901,train,1.0,1.0,INFRA,1.0,Canada
2902,train,0.0,1.0,,0.0,
2903,train,0.0,1.0,,0.0,
2904,train,1.0,1.0,OTHER,1.0,Alberta
2905,train,1.0,1.0,AID,1.0,Inglewood;Calgary
2906,train,1.0,1.0,SUPPORT,1.0,Calgary;Alberta
2907,train,0.0,1.0,,0.0,
2908,train,0.0,1.0,,0.0,
2909,train,1.0,1.0,ADVISORY,1.0,Cecil Hotel;3rd Street;5th Avenue;4th Avenue;Calgary
2910,train,1.0,1.0,NEEDS,3.0,Turner Valley
2911,train,0.0,1.0,,0.0,
2912,train,0.0,1.0,,0.0,
2913,train,0.0,1.0,,0.0,
2914,train,1.0,1.0,INFRA,2.0,Deer Run;Calgary
2915,train,1.0,1.0,PROPERTY,2.0,Prince's Island Park;Bow River;Calgary
2916,train,0.0,1.0,,0.0,
2917,train,0.0,1.0,,0.0,
2918,train,1.0,1.0,INFRA,2.0,Turner Valley
2919,train,1.0,1.0,AID,1.0,
2920,train,0.0,1.0,,0.0,
2921,train,1.0,1.0,ADVISORY,2.0,Calgary
1328,train,1.0,1.0,PROPERTY,1.0,Scotiabank Saddledome;Calgary
2923,train,0.0,1.0,,0.0,
2924,train,0.0,0.8888888888888888,,0.0,
2925,train,0.0,1.0,,0.0,
2926,train,1.0,1.0,AID,1.0,Calgary
2928,train,1.0,1.0,AID,1.0,Calgary
2929,train,1.0,1.0,OTHER,1.0,
2930,train,0.0,1.0,,0.0,
2931,train,1.0,1.0,EVAC,2.0,High River
2932,train,0.0,1.0,,0.0,
2934,train,1.0,1.0,PROPERTY,2.0,
2936,train,1.0,1.0,ADVISORY,1.0,Medicine Hat
2937,train,0.0,1.0,,0.0,
2938,train,1.0,1.0,OTHER,1.0,Alberta
2939,train,0.0,0.8888888888888888,,0.0,
2940,train,0.0,1.0,,0.0,
2941,train,1.0,1.0,INFRA,2.0,Alberta
2942,train,0.0,0.8888888888888888,,0.0,
2943,train,0.0,1.0,,0.0,
2944,train,0.0,1.0,,0.0,
2945,train,1.0,1.0,SUPPORT,1.0,Calgary
2946,train,0.0,1.0,,0.0,
2947,train,1.0,1.0,INFRA,2.0,Turner Valley
2948,train,0.0,0.7777777777777778,,0.0,
2949,train,0.0,0.8888888888888888,,0.0,
2950,train,1.0,1.0,INFRA,2.0,Kahanoff Building;Calgary
2951,train,0.0,0.7777777777777778,,0.0,
2953,train,1.0,1.0,AID,1.0,Southern Alberta
2955,train,1.0,1.0,PROPERTY,2.0,9A Street;Memorial Drive;Calgary
2956,train,1.0,1.0,SUPPORT,1.0,
2958,train,1.0,1.0,AID,1.0,Calgary
2959,train,0.0,1.0,,0.0,
2960,train,0.0,0.7777777777777778,,0.0,
2961,train,0.0,1.0,,0.0,
2963,train,0.0,0.8888888888888888,,0.0,
2964,train,0.0,1.0,,0.0,
2966,train,1.0,1.0,OTHER,1.0,Alberta;Quebec
2967,train,1.0,1.0,AID,1.0,
2969,train,0.0,1.0,,0.0,
2971,train,1.0,0.8888888888888888,OTHER,1.0,
2972,train,1.0,1.0,AID,1.0,
2973,train,0.0,0.7777777777777778,,0.0,
2974,train,0.0,0.8888888888888888,,0.0,
2975,train,1.0,1.0,ADVISORY,1.0,High River
2976,train,1.0,1.0,PROPERTY,2.0,Calgary
2977,train,0.0,0.7777777777777778,,0.0,
2978,train,1.0,1.0,SUPPORT,1.0,Calgary
2286,train,1.0,1.0,OTHER,1.0,Calgary;Bow River
2981,train,1.0,1.0,AID,1.0,Calgary
2982,train,1.0,1.0,AID,1.0,Calgary
2983,train,1.0,1.0,OTHER,2.0,Calgary
2984,train,0.0,1.0,,0.0,
2985,train,1.0,1.0,ADVISORY,1.0,Foothills School Division
2986,train,1.0,1.0,PROPERTY,1.0,Fair's Fair;Calgary
2987,train,1.0,1.0,EVAC,2.0,Downtown Calgary
2988,train,1.0,1.0,AID,1.0,Calgary
2989,train,1.0,1.0,AID,1.0,
2990,train,1.0,0.7777777777777778,OTHER,1.0,
2991,train,1.0,1.0,OTHER,2.0,High River
2992,train,1.0,1.0,SUPPORT,1.0,Calgary
2993,train,1.0,1.0,PROPERTY,2.0,Bridgeland;Calgary
2995,train,0.0,1.0,,0.0,
2996,train,0.0,1.0,,0.0,
2997,train,1.0,1.0,OTHER,1.0,Calgary
2998,train,1.0,1.0,OTHER,1.0,Calgary
2999,train,1.0,1.0,HUMAN,2.0,Siksika First Nation
3000,train,1.0,1.0,AID,2.0,High River
3001,train,0.0,0.6666666666666666,,0.0,
3002,train,0.0,1.0,,0.0,
3003,train,0.0,1.0,,0.0,
3004,train,1.0,1.0,HUMAN,2.0,Calgary
3005,train,1.0,1.0,OTHER,1.0,Downtown Calgary
3006,train,0.0,1.0,,0.0,
3008,train,0.0,1.0,,0.0,
3009,train,1.0,1.0,OTHER,1.0,
3010,train,0.0,1.0,,0.0,
3011,train,1.0,1.0,INFRA,2.0,Centre Street Bridge;Calgary
3012,train,0.0,1.0,,0.0,
3013,train,1.0,1.0,EVAC,2.0,Calgary
3014,train,0.0,1.0,,0.0,
3016,train,0.0,1.0,,0.0,
3017,train,1.0,1.0,PROPERTY,2.0,Saddledome;Calgary
3018,train,1.0,1.0,AID,1.0,Calgary
3019,train,1.0,1.0,ADVISORY,2.0,Calgary
3020,train,0.0,1.0,,0.0,
3021,train,0.0,1.0,,0.0,
3022,train,1.0,1.0,OTHER,1.0,
3023,train,0.0,1.0,,0.0,
3024,train,1.0,1.0,AID,1.0,Alberta
3025,train,1.0,1.0,SUPPORT,1.0,Calgary
3026,train,1.0,1.0,AID,2.0,Calgary
3027,train,1.0,1.0,INFRA,2.0,Olympic Oval;WinSport;Calgary
3028,train,0.0,1.0,,0.0,
3029,train,1.0,1.0,ADVISORY,1.0,Calgary
46,train,1.0,1.0,HUMAN,1.0,Mission;Calgary
3031,train,0.0,1.0,,0.0,
3032,train,1.0,1.0,INFRA,2.0,Calgary
3033,train,0.0,1.0,,0.0,
3034,train,0.0,0.8888888888888888,,0.0,
3035,train,0.0,1.0,,0.0,
3036,train,1.0,1.0,AID,1.0,Alberta
3037,train,1.0,1.0,SUPPORT,1.0,Calgary
3038,train,0.0,1.0,,0.0,
3039,train,1.0,1.0,INFRA,2.0,Downtown Calgary
3040,train,1.0,1.0,OTHER,1.0,Calgary
3041,train,0.0,1.0,,0.0,
3042,train,0.0,1.0,,0.0,
3043,train,0.0,1.0,,0.0,
3044,train,0.0,1.0,,0.0,
3045,train,1.0,1.0,INFRA,2.0,Calgary
3046,train,1.0,1.0,NEEDS,3.0,Edmonton Trail;Calgary
3047,train,0.0,1.0,,0.0,
3048,train,1.0,1.0,AID,1.0,Edmonton;Calgary
3050,train,0.0,1.0,,0.0,
3051,train,1.0,1.0,AID,1.0,Calgary
3052,train,1.0,1.0,ADVISORY,1.0,Calgary
3053,train,1.0,1.0,SUPPORT,1.0,Mission;Calgary
2994,train,1.0,1.0,SUPPORT,1.0,Alberta
3055,train,0.0,1.0,,0.0,
3056,train,1.0,1.0,PROPERTY,2.0,Cloverdale;Edmonton
3057,train,0.0,1.0,,0.0,
3058,train,0.0,1.0,,0.0,
3059,train,0.0,1.0,,0.0,
3060,train,0.0,1.0,,0.0,
3061,train,1.0,1.0,OTHER,1.0,Calgary
3062,train,0.0,1.0,,0.0,
2109,train,1.0,1.0,EVAC,2.0,Western Canada
3065,train,0.0,1.0,,0.0,
3066,train,0.0,1.0,,0.0,
3067,train,1.0,1.0,EVAC,2.0,High River
3069,train,0.0,1.0,,0.0,
3070,train,0.0,1.0,,0.0,
3071,train,1.0,1.0,AID,1.0,Calgary
3072,train,1.0,1.0,OTHER,1.0,Alberta
3073,train,0.0,1.0,,0.0,
3074,train,1.0,1.0,ADVISORY,1.0,Calgary
3075,train,0.0,1.0,,0.0,
3077,train,0.0,1.0,,0.0,
2168,train,0.0,1.0,,0.0,
3079,train,0.0,0.7777777777777778,,0.0,
3080,train,1.0,1.0,AID,1.0,Calgary
3081,train,1.0,1.0,SUPPORT,1.0,Calgary
3082,train,1.0,1.0,INFRA,2.0,Southern Alberta
3083,train,0.0,1.0,,0.0,
3084,train,0.0,1.0,,0.0,
3085,train,0.0,1.0,,0.0,
3086,train,1.0,1.0,EVAC,2.0,Discovery Ridge;Calgary
3088,train,0.0,1.0,,0.0,
3089,train,1.0,1.0,PROPERTY,2.0,Saddledome;Calgary
3090,train,1.0,1.0,OTHER,1.0,Alberta
3091,train,1.0,1.0,SUPPORT,1.0,Calgary
3092,train,1.0,1.0,ADVISORY,1.0,Calgary
3093,train,0.0,1.0,,0.0,
3094,train,0.0,1.0,,0.0,
3095,train,1.0,1.0,AID,1.0,Highway 2
3096,train,0.0,1.0,,0.0,
3097,train,0.0,1.0,,0.0,
3098,train,1.0,1.0,OTHER,1.0,Calgary
3099,train,1.0,1.0,PROPERTY,2.0,Cougar Creek;Canmore
3100,train,1.0,0.7777777777777778,ADVISORY,1.0,
3102,train,0.0,1.0,,0.0,
3103,train,0.0,1.0,,0.0,
3105,train,0.0,1.0,,0.0,
3106,train,0.0,1.0,,0.0,
3107,train,0.0,1.0,,0.0,
3108,train,0.0,1.0,,0.0,
3109,train,1.0,0.8888888888888888,OTHER,1.0,
3110,train,1.0,1.0,ADVISORY,2.0,Alberta
3111,train,0.0,1.0,,0.0,
3112,train,1.0,1.0,AID,1.0,Calgary
3113,train,0.0,1.0,,0.0,
3114,train,0.0,1.0,,0.0,
3115,train,0.0,1.0,,0.0,
3116,train,1.0,1.0,OTHER,1.0,Calgary
3117,train,0.0,1.0,,0.0,
3118,train,0.0,1.0,,0.0,
3119,train,1.0,1.0,OTHER,1.0,Mission Diner;Calgary
3121,train,1.0,1.0,SUPPORT,1.0,
3122,train,0.0,1.0,,0.0,
3124,train,1.0,1.0,INFRA,2.0,Calgary
3125,train,0.0,1.0,,0.0,
3126,train,0.0,1.0,,0.0,
3128,train,1.0,1.0,AID,1.0,Alberta
3129,train,0.0,1.0,,0.0,
3130,train,1.0,1.0,AID,1.0,Alberta
3132,train,1.0,1.0,AID,1.0,Medicine Hat
3133,train,1.0,1.0,OTHER,1.0,Calgary
3134,train,0.0,1.0,,0.0,
3135,train,0.0,1.0,,0.0,
3136,train,0.0,1.0,,0.0,
3137,train,1.0,1.0,SUPPORT,1.0,
3138,train,0.0,0.8888888888888888,,0.0,
3139,train,0.0,1.0,,0.0,
3140,train,1.0,1.0,SUPPORT,1.0,Calgary
3141,train,1.0,1.0,SUPPORT,1.0,Calgary
3142,train,1.0,1.0,SUPPORT,1.0,Alberta
3143,train,1.0,1.0,ADVISORY,1.0,Siksika Nation
3144,train,0.0,1.0,,0.0,
3145,train,1.0,1.0,PROPERTY,2.0,Inglewood;Calgary
3146,train,1.0,1.0,OTHER,1.0,Southern Alberta
3147,train,1.0,1.0,INFRA,2.0,Calgary
3148,train,1.0,1.0,AID,1.0,Mount Royal University;Calgary
3149,train,0.0,1.0,,0.0,
3150,train,1.0,1.0,ADVISORY,2.0,Canmore
3151,train,0.0,1.0,,0.0,
3152,train,0.0,1.0,,0.0,
3154,train,1.0,1.0,AID,1.0,Crestmont;Valley Ridge
3155,train,1.0,1.0,INFRA,2.0,10 Street;Sunnyside;Calgary
3156,train,1.0,1.0,PROPERTY,2.0,Bow River
3157,train,0.0,1.0,,0.0,
3158,train,1.0,1.0,AID,1.0,McMahon Stadium;Calgary
3159,train,1.0,1.0,AID,1.0,Rutland Park;Calgary
3160,train,1.0,1.0,PROPERTY,2.0,Calgary
3162,train,1.0,1.0,PROPERTY,2.0,Calgary
3163,train,1.0,1.0,OTHER,1.0,Calgary
3164,train,0.0,1.0,,0.0,
3165,train,0.0,1.0,,0.0,
3166,train,0.0,1.0,,0.0,
3167,train,0.0,1.0,,0.0,
3168,train,1.0,1.0,AID,1.0,Alberta
3170,train,0.0,1.0,,0.0,
3171,train,0.0,1.0,,0.0,
3172,train,1.0,0.8888888888888888,OTHER,1.0,Calgary
3174,train,0.0,1.0,,0.0,
3175,train,1.0,1.0,EVAC,2.0,Calgary;Downtown Calgary
3176,train,0.0,1.0,,0.0,
3177,train,1.0,1.0,EVAC,2.0,Canada
3178,train,0.0,1.0,,0.0,
3179,train,1.0,1.0,INFRA,2.0,4 Street;Mission;2nd Street;23rd Avenue;Calgary
3180,train,1.0,1.0,PROPERTY,2.0,Calgary;Centre Street Bridge;Bow River
3181,train,1.0,1.0,AID,1.0,Calgary
3182,train,0.0,1.0,,0.0,
3183,train,0.0,1.0,,0.0,
3184,train,1.0,1.0,EVAC,2.0,Discover Ridge;Calgary
3185,train,0.0,1.0,,0.0,
3186,train,1.0,1.0,OTHER,1.0,Alberta;Calgary
3187,train,0.0,1.0,,0.0,
3188,train,1.0,1.0,HUMAN,1.0,Calgary
3189,train,1.0,1.0,AID,2.0,Siksika;Calgary
3190,train,1.0,1.0,OTHER,1.0,Alberta;Calgary
3191,train,0.0,1.0,,0.0,
3192,train,1.0,1.0,AID,1.0,Alberta;Calgary
3193,train,1.0,1.0,INFRA,1.0,Calgary;Downtown Calgary
3194,train,1.0,1.0,AID,1.0,Alberta
3195,train,0.0,1.0,,0.0,
3196,train,1.0,1.0,AID,1.0,Canada
3197,train,1.0,0.8888888888888888,AID,1.0,Alberta
3198,train,0.0,1.0,,0.0,
3199,train,1.0,0.8888888888888888,OTHER,1.0,Alberta
3200,train,0.0,1.0,,0.0,
3201,train,0.0,1.0,,0.0,
3202,train,1.0,1.0,PROPERTY,2.0,Bow River;Memorial Drive
3203,train,1.0,1.0,HUMAN,3.0,Calgary
3205,train,0.0,1.0,,0.0,
3206,train,1.0,1.0,OTHER,1.0,Calgary
3207,train,1.0,0.8888888888888888,OTHER,1.0,Edmonton
3209,train,1.0,0.8888888888888888,SUPPORT,1.0,Calgary;Alberta
3210,train,1.0,0.7777777777777778,OTHER,1.0,Calgary
3211,train,1.0,1.0,AID,1.0,Calgary
3212,train,0.0,1.0,,0.0,
3213,train,0.0,1.0,,0.0,
3214,train,0.0,1.0,,0.0,
3215,train,0.0,1.0,,0.0,
3216,train,0.0,1.0,,0.0,
3217,train,0.0,1.0,,0.0,
3218,train,0.0,0.8888888888888888,,0.0,
3219,train,0.0,1.0,,0.0,
3220,train,0.0,1.0,,0.0,
3221,train,1.0,1.0,PROPERTY,2.0,Saddledome;Calgary
3223,train,0.0,1.0,,0.0,
3224,train,1.0,1.0,SUPPORT,1.0,Calgary
3225,train,0.0,1.0,,0.0,
3226,train,1.0,1.0,INFRA,2.0,Calgary
3227,train,1.0,1.0,AID,1.0,Morley;Siksika
3228,train,0.0,1.0,,0.0,
3229,train,0.0,1.0,,0.0,
3230,train,0.0,1.0,,0.0,
3231,train,1.0,1.0,PROPERTY,2.0,High River
3232,train,0.0,1.0,,0.0,
3233,train,1.0,1.0,OTHER,1.0,Southern Alberta
3234,train,0.0,1.0,,0.0,
3235,train,1.0,1.0,PROPERTY,2.0,Wayne;Alberta
3237,train,0.0,1.0,,0.0,
3238,train,1.0,1.0,PROPERTY,2.0,Saddledome
3239,train,1.0,1.0,SUPPORT,1.0,Alberta;Calgary
3241,train,1.0,0.8888888888888888,ADVISORY,2.0,Alberta;Calgary
3242,train,1.0,1.0,AID,1.0,Calgary
3243,train,0.0,1.0,,0.0,
3244,train,0.0,1.0,,0.0,
3245,train,1.0,1.0,NEEDS,1.0,High River;Calgary
3246,train,0.0,1.0,,0.0,
3247,train,0.0,1.0,,0.0,
3248,train,0.0,1.0,,0.0,
3249,train,1.0,1.0,PROPERTY,2.0,Saddledome;Calgary Stampede
3251,train,0.0,1.0,,0.0,
3252,train,1.0,1.0,AID,1.0,Alberta
3253,train,1.0,1.0,OTHER,1.0,Canada;Alberta
3254,train,1.0,1.0,ADVISORY,2.0,Calgary;Downtown Calgary
3255,train,1.0,1.0,ADVISORY,1.0,Alberta
3256,train,1.0,0.8888888888888888,PROPERTY,3.0,
3258,train,0.0,1.0,,0.0,
3259,train,1.0,1.0,ADVISORY,1.0,Calgary
3260,train,1.0,1.0,HUMAN,3.0,Lake McKenzie;Calgary
3261,train,0.0,1.0,,0.0,
3263,train,1.0,1.0,EVAC,2.0,Canada;Downtown Calgary
3264,train,1.0,1.0,OTHER,1.0,Alberta
3265,train,1.0,1.0,SUPPORT,1.0,Calgary
3266,train,0.0,1.0,,0.0,
3268,train,1.0,1.0,OTHER,1.0,Calgary
3269,train,1.0,1.0,SUPPORT,1.0,Calgary
3270,train,0.0,1.0,,0.0,
3271,train,0.0,1.0,,0.0,
3272,train,1.0,0.8888888888888888,OTHER,1.0,Calgary
3273,train,0.0,1.0,,0.0,
3274,train,0.0,1.0,,0.0,
3275,train,0.0,1.0,,0.0,
3276,train,0.0,1.0,,0.0,
3277,train,0.0,1.0,,0.0,
3278,train,1.0,0.8888888888888888,OTHER,1.0,Calgary
3279,train,1.0,1.0,OTHER,1.0,Downtown Calgary;Calgary
3280,train,0.0,1.0,,0.0,
3281,train,1.0,1.0,PROPERTY,2.0,Alberta;Canada
3283,train,0.0,1.0,,0.0,
3284,train,1.0,1.0,EVAC,2.0,Yamnuska Hall;Calgary
3285,train,1.0,1.0,AID,1.0,Calgary
3286,train,1.0,1.0,AID,1.0,Calgary;Alberta
3287,train,1.0,1.0,OTHER,1.0,Alberta
3288,train,0.0,1.0,,0.0,
3289,train,0.0,1.0,,0.0,
3290,train,1.0,1.0,OTHER,1.0,Calgary
3291,train,1.0,1.0,SUPPORT,1.0,Calgary
3292,train,1.0,1.0,SUPPORT,1.0,Calgary
3293,train,1.0,0.8888888888888888,AID,1.0,Alberta
3294,train,0.0,1.0,,0.0,
3295,train,0.0,1.0,,0.0,
3296,train,0.0,1.0,,0.0,
3297,train,1.0,1.0,SUPPORT,1.0,Calgary
3298,train,1.0,1.0,OTHER,1.0,Calgary
3299,train,0.0,1.0,,0.0,
3300,train,1.0,1.0,AID,1.0,McMahon Stadium;Calgary
3301,train,0.0,1.0,,0.0,
3302,train,0.0,1.0,,0.0,
3303,train,0.0,1.0,,0.0,
3305,train,1.0,1.0,INFRA,2.0,Calgary;Downtown Calgary
3306,train,1.0,1.0,AID,1.0,Calgary Stampede;Alberta
3307,train,1.0,1.0,OTHER,1.0,Calgary
3308,train,1.0,1.0,ADVISORY,2.0,Calgary
3309,train,0.0,1.0,,0.0,
3310,train,0.0,1.0,,0.0,
3311,train,0.0,1.0,,0.0,
3312,train,1.0,1.0,SUPPORT,1.0,Calgary Flames;Alberta;Calgary
3313,train,1.0,1.0,SUPPORT,1.0,Calgary
3314,train,1.0,1.0,SUPPORT,1.0,Calgary
3315,train,1.0,0.8888888888888888,OTHER,1.0,
3316,train,1.0,1.0,AID,1.0,Blackfoot;Calgary
3317,train,1.0,1.0,EVAC,2.0,Central Calgary
3318,train,1.0,1.0,AID,2.0,Calgary
3320,train,0.0,1.0,,0.0,
3321,train,1.0,1.0,OTHER,1.0,Alberta
3322,train,0.0,1.0,,0.0,
3323,train,0.0,1.0,,0.0,
3324,train,1.0,1.0,INFRA,2.0,University of Calgary;Calgary
3326,train,0.0,1.0,,0.0,
3327,train,0.0,1.0,,0.0,
3329,train,1.0,1.0,OTHER,1.0,Alberta
3330,train,0.0,1.0,,0.0,
3332,train,1.0,1.0,AID,1.0,Mission
3333,train,0.0,1.0,,0.0,
3334,train,1.0,1.0,AID,1.0,Southern Alberta
3335,train,1.0,1.0,ADVISORY,2.0,Calgary
2214,train,1.0,1.0,AID,1.0,Calgary
3337,train,1.0,1.0,EVAC,2.0,Alberta;Canada
3338,train,1.0,1.0,OTHER,1.0,Calgary
3339,train,1.0,1.0,INFRA,2.0,Vancouver;Ottawa;Banff;Calgary
3340,train,0.0,1.0,,0.0,
3342,train,0.0,1.0,,0.0,
3344,train,0.0,1.0,,0.0,
3345,train,1.0,1.0,ADVISORY,2.0,Calgary
3346,train,0.0,1.0,,0.0,
3347,train,1.0,1.0,AID,1.0,Siksika;Alberta
3348,train,0.0,1.0,,0.0,
3349,train,1.0,1.0,INFRA,2.0,Calgary;Calgary Transit
3350,train,1.0,1.0,OTHER,1.0,Calgary
3351,train,0.0,1.0,,0.0,
3352,train,0.0,1.0,,0.0,
3353,train,0.0,1.0,,0.0,
3354,train,1.0,1.0,PROPERTY,1.0,Calgary
3355,train,0.0,1.0,,0.0,
3356,train,1.0,1.0,OTHER,1.0,Alberta
3357,train,1.0,1.0,INFRA,1.0,Calgary;Calgary Transit
3358,train,1.0,1.0,AID,1.0,Calgary
3359,train,1.0,1.0,OTHER,1.0,Calgary;Stonegate Pub
3360,train,1.0,0.8888888888888888,OTHER,1.0,Calgary
3361,train,1.0,1.0,AID,1.0,Manchester Yard;25th Avenue SE;Calgary
3363,train,1.0,1.0,EVAC,2.0,High River;Alberta
3364,train,1.0,1.0,INFRA,2.0,Calgary;Bonnybrook Trail
3365,train,1.0,1.0,SUPPORT,1.0,Canada
3366,train,0.0,1.0,,0.0,
3367,train,1.0,1.0,SUPPORT,1.0,Calgary
3368,train,1.0,1.0,ADVISORY,2.0,Downtown Calgary;Calgary
3369,train,1.0,1.0,SUPPORT,1.0,Calgary
3371,train,1.0,1.0,SUPPORT,1.0,Alberta
3372,train,1.0,1.0,EVAC,2.0,Calgary;Old Quality Inn;Calgary Drop-In Centre
3373,train,0.0,1.0,,0.0,
3374,train,0.0,1.0,,0.0,
3375,train,0.0,1.0,,0.0,
3376,train,1.0,1.0,SUPPORT,1.0,Calgary;Montreal
3377,train,1.0,1.0,PROPERTY,1.0,Calgary
3378,train,0.0,1.0,,0.0,
3379,train,1.0,1.0,HUMAN,2.0,
3380,train,0.0,0.8888888888888888,,0.0,
3381,train,0.0,1.0,,0.0,
3382,train,0.0,1.0,,0.0,
3383,train,1.0,1.0,SUPPORT,1.0,
3384,train,1.0,1.0,SUPPORT,1.0,Siksika Nation
3386,train,0.0,1.0,,0.0,
3387,train,1.0,1.0,AID,1.0,Calgary
3388,train,1.0,1.0,AID,2.0,High River
3389,train,0.0,1.0,,0.0,
3390,train,1.0,0.8888888888888888,OTHER,1.0,Calgary
3391,train,1.0,1.0,OTHER,2.0,Calgary;Queensland Liquor Store
3392,train,0.0,1.0,,0.0,
3393,train,0.0,1.0,,0.0,
3394,train,1.0,1.0,ADVISORY,2.0,Calgary
3395,train,1.0,1.0,PROPERTY,1.0,Saskatoon;Lake Diefenbaker
3396,train,1.0,0.7777777777777778,PROPERTY,1.0,
3397,train,0.0,1.0,,0.0,
3398,train,1.0,1.0,SUPPORT,1.0,Calgary
3399,train,1.0,1.0,ADVISORY,2.0,Alberta
3400,train,0.0,1.0,,0.0,
3401,train,0.0,1.0,,0.0,
3402,train,1.0,1.0,AID,1.0,Alberta
3403,train,0.0,0.8888888888888888,,0.0,
3404,train,1.0,1.0,SUPPORT,1.0,Calgary
3406,train,0.0,1.0,,0.0,
3407,train,1.0,1.0,NEEDS,3.0,5822 Bow Water Crescent;Calgary
3408,train,1.0,1.0,AID,1.0,Alberta
3409,train,0.0,1.0,,0.0,
3410,train,0.0,1.0,,0.0,
3411,train,1.0,1.0,INFRA,2.0,Banff
3412,train,0.0,1.0,,0.0,
3413,train,1.0,1.0,OTHER,1.0,High River
3414,train,0.0,1.0,,0.0,
3415,train,1.0,1.0,ADVISORY,2.0,Calgary;Downtown Calgary
3416,train,1.0,1.0,HUMAN,2.0,Western Canada
408,train,1.0,1.0,OTHER,1.0,Calgary
3418,train,1.0,1.0,AID,1.0,Kelowna;Calgary
3419,train,0.0,1.0,,0.0,
3420,train,0.0,1.0,,0.0,
3421,train,1.0,1.0,OTHER,2.0,Calgary
3422,train,1.0,1.0,AID,1.0,Alberta
3423,train,0.0,1.0,,0.0,
3424,train,1.0,1.0,ADVISORY,2.0,Calgary
3425,train,1.0,1.0,AID,1.0,Calgary
3427,train,0.0,1.0,,0.0,
3428,train,1.0,1.0,SUPPORT,1.0,Calgary
3429,train,1.0,1.0,AID,1.0,Calgary
3430,train,1.0,0.8888888888888888,PROPERTY,1.0,Rajdoot Restaurant
3431,train,0.0,1.0,,0.0,
3432,train,1.0,1.0,PROPERTY,2.0,Calgary
3433,train,1.0,1.0,INFRA,2.0,Calgary
3434,train,0.0,1.0,,0.0,
3435,train,1.0,1.0,INFRA,2.0,Mission;Calgary
3437,train,0.0,1.0,,0.0,
3438,train,0.0,1.0,,0.0,
3441,train,0.0,1.0,,0.0,
3442,train,1.0,1.0,NEEDS,3.0,33 New street;9 Avenue SE;13 Street SE;Calgary
3443,train,1.0,1.0,INFRA,3.0,Bow River;Calgary
3444,train,0.0,1.0,,0.0,
3445,train,1.0,1.0,ADVISORY,2.0,Bow River Bridge;Three Sisters Parkway
3446,train,1.0,1.0,OTHER,1.0,Calgary
3447,train,0.0,1.0,,0.0,
3448,train,1.0,1.0,OTHER,1.0,Alberta
3449,train,1.0,1.0,OTHER,2.0,Calgary
3450,train,1.0,1.0,EVAC,1.0,Ernest Manning centre
3451,train,1.0,1.0,SUPPORT,1.0,High River;Medicine Hat
3452,train,0.0,1.0,,0.0,
3453,train,1.0,1.0,EVAC,1.0,Calgary
3454,train,1.0,1.0,INFRA,1.0,University of Lethbridge Calgary Campus;Lethbridge
3455,train,1.0,1.0,AID,2.0,Calgary;Bowness
3456,train,0.0,1.0,,0.0,
3457,train,1.0,1.0,AID,1.0,Calgary;Alberta
3458,train,0.0,1.0,,0.0,
3459,train,0.0,1.0,,0.0,
3460,train,1.0,1.0,INFRA,1.0,Calgary
3461,train,1.0,1.0,SUPPORT,1.0,Calgary;High River
3462,train,0.0,1.0,,0.0,
3464,train,0.0,1.0,,0.0,
3465,train,0.0,0.6666666666666666,,0.0,
3466,train,0.0,1.0,,0.0,
3468,train,1.0,1.0,ADVISORY,2.0,Calgary;Downtown Calgary;17 Avenue S
3469,train,0.0,1.0,,0.0,
3471,train,1.0,1.0,OTHER,1.0,Calgary
3472,train,1.0,1.0,OTHER,2.0,Alberta
3473,train,0.0,1.0,,0.0,
3475,train,1.0,1.0,OTHER,1.0,Calgary
3476,train,1.0,1.0,OTHER,1.0,Calgary;Calgary Stampede
3477,train,1.0,1.0,HUMAN,2.0,Calgary
3478,train,0.0,1.0,,0.0,
3479,train,0.0,1.0,,0.0,
3480,train,1.0,1.0,AID,1.0,Alberta
3481,train,1.0,1.0,PROPERTY,1.0,Macleod Trail;Calgary Stampede
3483,train,1.0,1.0,SUPPORT,1.0,Calgary
3484,train,1.0,1.0,OTHER,1.0,Calgary;Eau Claire
3486,train,0.0,0.8888888888888888,,0.0,
1466,train,1.0,1.0,OTHER,1.0,Calgary;Alberta
3488,train,1.0,1.0,INFRA,1.0,Calgary;Downtown Calgary
3489,train,0.0,1.0,,0.0,
3490,train,1.0,1.0,AID,1.0,
3491,train,0.0,1.0,,0.0,
3492,train,0.0,1.0,,0.0,
3493,train,0.0,1.0,,0.0,
3495,train,0.0,1.0,,0.0,
3496,train,1.0,0.6666666666666666,OTHER,2.0,Northwest Calgary
3497,train,1.0,1.0,INFRA,1.0,High River Hospital
3498,train,0.0,1.0,,0.0,
3499,train,0.0,0.7777777777777778,,0.0,
3501,train,0.0,1.0,,0.0,
3503,train,0.0,1.0,,0.0,
3504,train,1.0,1.0,SUPPORT,1.0,Calgary;Alberta
3505,train,1.0,1.0,INFRA,3.0,Calgary
3508,train,1.0,1.0,EVAC,1.0,High River
3509,train,0.0,1.0,,0.0,
3510,train,1.0,1.0,AID,2.0,Calgary
3511,train,0.0,1.0,,0.0,
3512,train,1.0,1.0,PROPERTY,1.0,
3513,train,1.0,1.0,OTHER,1.0,Calgary
3514,train,0.0,1.0,,0.0,
3516,train,0.0,1.0,,0.0,
3517,train,0.0,1.0,,0.0,
3518,train,1.0,1.0,ADVISORY,1.0,Calgary
3521,train,0.0,0.8888888888888888,,0.0,
3522,train,0.0,1.0,,0.0,
3523,train,1.0,1.0,ADVISORY,2.0,Calgary
3524,train,1.0,1.0,OTHER,1.0,Calgary;Public Safety Communications centre
3525,train,0.0,1.0,,0.0,
3526,train,1.0,1.0,OTHER,1.0,Calgary
3527,train,0.0,1.0,,0.0,
435,train,0.0,1.0,,0.0,
3529,train,1.0,1.0,INFRA,2.0,Calgary;Downtown Calgary
3530,train,1.0,1.0,AID,1.0,Alberta
3531,train,1.0,1.0,AID,1.0,Calgary
3533,train,0.0,1.0,,0.0,
3534,train,0.0,1.0,,0.0,
3536,train,1.0,1.0,AID,1.0,Calgary;McMahon Stadium
1258,train,1.0,1.0,AID,1.0,Alberta
3538,train,0.0,1.0,,0.0,
3539,train,0.0,1.0,,0.0,
3541,train,1.0,1.0,OTHER,1.0,Alberta
3542,train,1.0,1.0,AID,2.0,Alberta;High River;Canmore;Kananaskis
3544,train,1.0,0.7777777777777778,AID,1.0,Morley
3545,train,0.0,1.0,,0.0,
3547,train,1.0,1.0,SUPPORT,1.0,Calgary
3548,train,0.0,1.0,,0.0,
3549,train,0.0,1.0,,0.0,
3550,train,1.0,1.0,AID,1.0,Calgary;Blackberry Broadcast Studio
1263,train,1.0,1.0,HUMAN,2.0,40 Street NW;2 Street;Calgary
3552,train,1.0,1.0,PROPERTY,2.0,Redwood Meadows;Calgary
3553,train,1.0,1.0,OTHER,1.0,Alberta;Calgary
3554,train,1.0,1.0,AID,1.0,Alberta
3555,train,0.0,1.0,,0.0,
3556,train,1.0,1.0,SUPPORT,1.0,Alberta
3558,train,1.0,1.0,OTHER,1.0,Calgary
3560,train,0.0,1.0,,0.0,
3561,train,1.0,1.0,HUMAN,2.0,Calgary;Downtown Calgary;Western Canada
3562,train,0.0,0.8888888888888888,,0.0,
3563,train,1.0,1.0,SUPPORT,1.0,Calgary
3564,train,0.0,1.0,,0.0,
3565,train,1.0,1.0,SUPPORT,1.0,Alberta
3566,train,1.0,1.0,SUPPORT,1.0,Calgary
3567,train,1.0,1.0,SUPPORT,1.0,Toronto;Calgary
3568,train,1.0,0.8888888888888888,OTHER,1.0,Calgary
3569,train,0.0,1.0,,0.0,
3570,train,1.0,1.0,OTHER,1.0,Calgary
365,train,1.0,1.0,AID,1.0,Alberta
3572,train,0.0,1.0,,0.0,
3573,train,1.0,0.8888888888888888,OTHER,1.0,Calgary
3574,train,1.0,1.0,AID,1.0,Alberta
3575,train,0.0,1.0,,0.0,
3576,train,0.0,1.0,,0.0,
3577,train,0.0,1.0,,0.0,
3578,train,0.0,1.0,,0.0,
3579,train,0.0,1.0,,0.0,
3580,train,1.0,0.5555555555555556,SUPPORT,1.0,
3581,train,0.0,1.0,,0.0,
3582,train,1.0,0.7777777777777778,SUPPORT,1.0,
3583,train,0.0,1.0,,0.0,
3584,train,1.0,1.0,AID,1.0,Alberta
3585,train,0.0,1.0,,0.0,
3586,train,1.0,1.0,EVAC,3.0,
3587,train,0.0,1.0,,0.0,
3588,train,1.0,1.0,HUMAN,2.0,Calgary;Alberta
3589,train,0.0,1.0,,0.0,
3590,train,1.0,1.0,INFRA,2.0,Banff;Yoho National Park;Kootenay National Park
3591,train,1.0,1.0,PROPERTY,2.0,Calgary;Scotiabank Saddledome
3592,train,1.0,1.0,AID,1.0,Calgary
3594,train,1.0,1.0,INFRA,2.0,Calgary
3595,train,0.0,1.0,,0.0,
3596,train,0.0,1.0,,0.0,
3597,train,0.0,0.8888888888888888,,0.0,
3598,train,0.0,1.0,,0.0,
3599,train,0.0,1.0,,0.0,
3600,train,1.0,1.0,AID,1.0,Lakeview;Calgary
3601,train,0.0,1.0,,0.0,
3602,train,1.0,1.0,SUPPORT,1.0,Calgary
3603,train,0.0,1.0,,0.0,
3604,train,1.0,1.0,OTHER,1.0,Calgary;Alberta
3605,train,1.0,0.8888888888888888,OTHER,1.0,Calgary;Alberta
3606,train,1.0,1.0,AID,1.0,Alberta
3607,train,0.0,1.0,,0.0,
3608,train,0.0,0.7777777777777778,,0.0,
3609,train,1.0,1.0,AID,1.0,Calgary
3610,train,0.0,1.0,,0.0,
3611,train,1.0,1.0,OTHER,1.0,Calgary
3612,train,1.0,1.0,SUPPORT,1.0,Alberta
3613,train,1.0,1.0,SUPPORT,1.0,Alberta
3614,train,0.0,1.0,,0.0,
3615,train,0.0,1.0,,0.0,
3616,train,0.0,1.0,,0.0,
3617,train,0.0,1.0,,0.0,
3618,train,0.0,1.0,,0.0,
3619,train,0.0,1.0,,0.0,
3620,train,0.0,0.6666666666666666,,0.0,
3621,train,0.0,1.0,,0.0,
3622,train,0.0,1.0,,0.0,
3623,train,1.0,1.0,OTHER,1.0,Calgary;Alberta
3624,train,1.0,1.0,AID,1.0,Canmore
3625,train,1.0,1.0,OTHER,1.0,Alberta
3626,train,1.0,1.0,INFRA,2.0,Calgary
3627,train,0.0,1.0,,0.0,
779,train,1.0,1.0,AID,1.0,Okotoks
3629,train,0.0,1.0,,0.0,
3630,train,0.0,1.0,,0.0,
3631,train,1.0,1.0,ADVISORY,2.0,Red Deer;Red Deer River
3633,train,1.0,1.0,ADVISORY,1.0,Calgary
3634,train,0.0,1.0,,0.0,
3635,train,1.0,1.0,SUPPORT,1.0,Alberta;Medicine Hat
3636,train,0.0,1.0,,0.0,
3637,train,0.0,1.0,,0.0,
3638,train,1.0,1.0,OTHER,1.0,Alberta
3640,train,0.0,1.0,,0.0,
3641,train,0.0,1.0,,0.0,
3642,train,1.0,1.0,OTHER,2.0,Calgary
3643,train,0.0,1.0,,0.0,
3644,train,1.0,1.0,OTHER,1.0,Alberta
3645,train,0.0,1.0,,0.0,
3646,train,0.0,1.0,,0.0,
3647,train,0.0,1.0,,0.0,
3648,train,0.0,1.0,,0.0,
3649,train,0.0,1.0,,0.0,
3650,train,1.0,1.0,INFRA,1.0,Calgary
3651,train,0.0,1.0,,0.0,
3654,train,0.0,1.0,,0.0,
3655,train,1.0,1.0,AID,1.0,Calgary;Manitoba
3656,train,0.0,1.0,,0.0,
3657,train,1.0,1.0,INFRA,2.0,Highway 1;Trans-Canada Highway;Alberta
3658,train,1.0,1.0,INFRA,2.0,Inglewood;Calgary
3659,train,1.0,1.0,OTHER,2.0,Calgary
3660,train,0.0,1.0,,0.0,
3661,train,0.0,1.0,,0.0,
3662,train,0.0,1.0,,0.0,
3663,train,1.0,0.8888888888888888,PROPERTY,1.0,Lethbridge
3664,train,0.0,1.0,,0.0,
3665,train,0.0,1.0,,0.0,
3666,train,1.0,1.0,PROPERTY,2.0,Saddledome;Calgary
3667,train,1.0,1.0,AID,1.0,Calgary
3668,train,1.0,1.0,INFRA,2.0,Calgary
3669,train,1.0,0.8888888888888888,OTHER,1.0,Alberta
3670,train,1.0,1.0,OTHER,1.0,Calgary
3671,train,1.0,1.0,HUMAN,2.0,Bowness;Bow River
3672,train,0.0,1.0,,0.0,
3673,train,1.0,1.0,PROPERTY,1.0,Cranston;Bow River
3674,train,0.0,1.0,,0.0,
3675,train,0.0,0.5555555555555556,,0.0,
3676,train,1.0,1.0,OTHER,1.0,
242,train,1.0,1.0,AID,1.0,Alberta
3506,train,1.0,1.0,INFRA,2.0,Downtown Calgary
3680,train,1.0,1.0,INFRA,2.0,Calgary
3681,train,0.0,1.0,,0.0,
3682,train,0.0,1.0,,0.0,
3683,train,1.0,1.0,AID,1.0,Alberta
3684,train,1.0,1.0,OTHER,1.0,Canmore
3685,train,1.0,1.0,INFRA,2.0,Calgary;Prince's Island Park;Millennium Park
3686,train,0.0,1.0,,0.0,
3687,train,0.0,1.0,,0.0,
3688,train,1.0,1.0,EVAC,2.0,Calgary;Alberta
3689,train,0.0,1.0,,0.0,
3690,train,1.0,1.0,ADVISORY,1.0,
3691,train,0.0,1.0,,0.0,
3692,train,1.0,1.0,SUPPORT,1.0,Alberta
3693,train,1.0,1.0,SUPPORT,1.0,Calgary
3694,train,1.0,1.0,EVAC,2.0,High River
3695,train,0.0,1.0,,0.0,
3696,train,0.0,0.7777777777777778,,0.0,
3697,train,1.0,1.0,OTHER,1.0,Alberta
3698,train,1.0,1.0,EVAC,2.0,Mission;Calgary
3699,train,1.0,1.0,INFRA,2.0,Macleod Trail;9th Avenue SE;Calgary
3700,train,1.0,1.0,OTHER,1.0,Alberta
3702,train,1.0,1.0,INFRA,2.0,Downtown Calgary
3703,train,1.0,0.8888888888888888,OTHER,1.0,
3704,train,1.0,1.0,PROPERTY,2.0,Elbow River;East Elbow Park;Calgary
3705,train,0.0,1.0,,0.0,
3706,train,0.0,1.0,,0.0,
3707,train,0.0,1.0,,0.0,
3708,train,1.0,1.0,PROPERTY,2.0,Calgary Zoo;Calgary Zoo bridge;Inglewood;Calgary
3709,train,0.0,1.0,,0.0,
3710,train,0.0,1.0,,0.0,
3711,train,1.0,1.0,OTHER,1.0,Medicine Hat
3712,train,0.0,1.0,,0.0,
3713,train,1.0,1.0,AID,1.0,Calgary
3714,train,1.0,1.0,AID,1.0,Calgary
3715,train,0.0,1.0,,0.0,
3717,train,1.0,1.0,SUPPORT,1.0,Banff
871,train,0.0,1.0,,0.0,
3719,train,0.0,1.0,,0.0,
3720,train,1.0,1.0,OTHER,1.0,Calgary Zoo;Calgary
3721,train,0.0,1.0,,0.0,
3722,train,1.0,1.0,OTHER,1.0,Alberta
3723,train,1.0,1.0,AID,1.0,Calgary
3724,train,1.0,0.8888888888888888,OTHER,1.0,Calgary
3725,train,0.0,0.6666666666666666,,0.0,
3727,train,0.0,1.0,,0.0,
3728,train,1.0,1.0,OTHER,1.0,Alberta
3729,train,0.0,1.0,,0.0,
3730,train,0.0,1.0,,0.0,
513,train,1.0,1.0,AID,2.0,Calgary
3732,train,1.0,1.0,PROPERTY,2.0,Saddledome;Calgary
3733,train,1.0,1.0,PROPERTY,1.0,
3734,train,1.0,1.0,PROPERTY,1.0,
3735,train,1.0,1.0,AID,1.0,Alberta
3737,train,0.0,1.0,,0.0,
3738,train,1.0,1.0,SUPPORT,1.0,Calgary
3739,train,1.0,1.0,SUPPORT,1.0,Alberta
3740,train,1.0,1.0,OTHER,1.0,Calgary
3741,train,1.0,1.0,INFRA,2.0,Calgary
3742,train,1.0,1.0,AID,1.0,Calgary
3743,train,0.0,1.0,,0.0,
234,train,1.0,1.0,PROPERTY,2.0,High River
3745,train,1.0,1.0,INFRA,2.0,Macleod Trail;Calgary
3746,train,1.0,1.0,PROPERTY,2.0,Sandy Beach;Britannia Dog Park;Calgary
3747,train,1.0,1.0,AID,1.0,Alberta
3749,train,0.0,1.0,,0.0,
3750,train,0.0,1.0,,0.0,
3752,train,0.0,1.0,,0.0,
3754,train,1.0,1.0,ADVISORY,2.0,Calgary
3755,train,0.0,1.0,,0.0,
3756,train,1.0,1.0,EVAC,2.0,Calgary
3757,train,0.0,1.0,,0.0,
3758,train,1.0,1.0,AID,2.0,Calgary
3759,train,1.0,1.0,SUPPORT,1.0,Calgary;Alberta
3760,train,1.0,1.0,AID,1.0,Alberta;Calgary;British Columbia
3761,train,1.0,0.8888888888888888,OTHER,1.0,Alberta
3474,train,1.0,1.0,SUPPORT,1.0,Alberta
3763,train,1.0,1.0,SUPPORT,1.0,Calgary
3764,train,1.0,1.0,AID,1.0,Calgary
3765,train,0.0,1.0,,0.0,
3766,train,0.0,1.0,,0.0,
3767,train,0.0,1.0,,0.0,
3768,train,0.0,1.0,,0.0,
3770,train,1.0,1.0,EVAC,2.0,Calgary
3771,train,0.0,1.0,,0.0,
3773,train,0.0,1.0,,0.0,
3774,train,1.0,1.0,ADVISORY,2.0,Calgary
3775,train,0.0,1.0,,0.0,
3777,train,1.0,1.0,INFRA,2.0,3rd Street;Calgary
3779,train,0.0,1.0,,0.0,
3780,train,1.0,1.0,PROPERTY,2.0,Saddledome;Calgary
3781,train,0.0,1.0,,0.0,
3782,train,0.0,1.0,,0.0,
3784,train,0.0,1.0,,0.0,
3785,train,1.0,1.0,OTHER,1.0,Calgary
3786,train,1.0,1.0,AID,2.0,Mission;Safeway;Calgary
3787,train,1.0,1.0,OTHER,1.0,Alberta
3788,train,1.0,1.0,OTHER,1.0,Red Deer
3789,train,1.0,1.0,ADVISORY,1.0,Cochrane
3790,train,0.0,1.0,,0.0,
3791,train,0.0,1.0,,0.0,
3792,train,0.0,1.0,,0.0,
3793,train,1.0,1.0,EVAC,2.0,Elbow River;Calgary
3794,train,1.0,1.0,ADVISORY,2.0,Alberta
3795,train,1.0,1.0,EVAC,2.0,Canada
3796,train,1.0,1.0,INFRA,2.0,
3797,train,0.0,1.0,,0.0,
3798,train,0.0,1.0,,0.0,
3799,train,1.0,1.0,ADVISORY,1.0,Lethbridge
3800,train,1.0,1.0,OTHER,2.0,Calgary
3801,train,1.0,1.0,PROPERTY,2.0,Chinatown;Calgary
3802,train,0.0,1.0,,0.0,
3803,train,1.0,1.0,AID,1.0,Calgary
3804,train,1.0,1.0,OTHER,2.0,Alberta
3805,train,1.0,1.0,OTHER,2.0,Sunterra Market;Calgary
3806,train,0.0,1.0,,0.0,
3807,train,0.0,1.0,,0.0,
3808,train,1.0,1.0,AID,1.0,Calgary
3809,train,0.0,1.0,,0.0,
3810,train,0.0,1.0,,0.0,
3811,train,1.0,1.0,OTHER,1.0,Calgary
3812,train,1.0,1.0,SUPPORT,1.0,Calgary;Alberta
3813,train,0.0,1.0,,0.0,
3814,train,0.0,1.0,,0.0,
3815,train,0.0,1.0,,0.0,
3816,train,0.0,1.0,,0.0,
3817,train,1.0,1.0,OTHER,1.0,Alberta
3818,train,0.0,0.8888888888888888,,0.0,
3819,train,0.0,1.0,,0.0,
3820,train,0.0,1.0,,0.0,
3821,train,0.0,0.8888888888888888,,0.0,
3822,train,1.0,1.0,AID,1.0,
3823,train,0.0,0.8888888888888888,,0.0,
3825,train,0.0,1.0,,0.0,
3826,train,1.0,1.0,SUPPORT,1.0,Alberta
3827,train,1.0,1.0,OTHER,2.0,Calgary
3828,train,1.0,1.0,OTHER,1.0,Alberta;Canada
3829,train,1.0,1.0,EVAC,2.0,Calgary
3830,train,0.0,1.0,,0.0,
3831,train,1.0,1.0,AID,1.0,Calgary
3832,train,0.0,0.7777777777777778,,0.0,
3833,train,1.0,1.0,AID,1.0,Calgary
3834,train,1.0,1.0,ADVISORY,2.0,Calgary
3835,train,0.0,1.0,,0.0,
3836,train,0.0,1.0,,0.0,
3837,train,0.0,1.0,,0.0,
3838,train,0.0,1.0,,0.0,
3840,train,1.0,1.0,OTHER,1.0,Okotoks
3841,train,0.0,1.0,,0.0,
3842,train,1.0,1.0,INFRA,1.0,Saddledome;Calgary
3844,train,1.0,1.0,AID,1.0,Alberta
3845,train,1.0,1.0,OTHER,1.0,High River
3847,train,1.0,1.0,ADVISORY,2.0,Calgary
3848,train,1.0,1.0,AID,2.0,Elbow Park;Calgary
3849,train,1.0,1.0,ADVISORY,2.0,Calgary
3850,train,0.0,1.0,,0.0,
3851,train,0.0,1.0,,0.0,
3852,train,0.0,1.0,,0.0,
3853,train,0.0,1.0,,0.0,
3854,train,1.0,1.0,AID,1.0,Calgary Drop-In Centre;Calgary
3855,train,0.0,1.0,,0.0,
3856,train,1.0,1.0,AID,1.0,Calgary
3858,train,1.0,1.0,OTHER,1.0,Alberta
3859,train,0.0,1.0,,0.0,
3860,train,0.0,1.0,,0.0,
3861,train,1.0,1.0,OTHER,1.0,Calgary
3862,train,1.0,1.0,OTHER,1.0,Alberta
3863,train,1.0,1.0,ADVISORY,1.0,
3864,train,0.0,1.0,,0.0,
3865,train,0.0,0.8888888888888888,,0.0,
3867,train,0.0,1.0,,0.0,
3868,train,0.0,1.0,,0.0,
3869,train,1.0,0.7777777777777778,PROPERTY,1.0,
3870,train,1.0,1.0,PROPERTY,1.0,Saddledome;Calgary
3871,train,0.0,1.0,,0.0,
3872,train,0.0,1.0,,0.0,
3873,train,1.0,1.0,SUPPORT,1.0,Alberta
3874,train,0.0,1.0,,0.0,
3875,train,0.0,1.0,,0.0,
3876,train,1.0,1.0,AID,1.0,Bridgeland;Calgary
3877,train,0.0,0.8888888888888888,,0.0,
3878,train,0.0,1.0,,0.0,
3879,train,1.0,1.0,OTHER,1.0,
3880,train,0.0,1.0,,0.0,
3882,train,0.0,1.0,,0.0,
3883,train,1.0,0.8888888888888888,NEEDS,2.0,Wedgewoods
3884,train,0.0,1.0,,0.0,
3885,train,1.0,1.0,SUPPORT,1.0,
3886,train,0.0,1.0,,0.0,
3889,train,0.0,1.0,,0.0,
3890,train,0.0,1.0,,0.0,
3891,train,0.0,0.8888888888888888,,0.0,
3892,train,0.0,1.0,,0.0,
3894,train,1.0,1.0,AID,1.0,Alberta
3895,train,0.0,1.0,,0.0,
3896,train,1.0,1.0,SUPPORT,1.0,Calgary
3897,train,1.0,1.0,OTHER,1.0,Alberta;Calgary
3898,train,1.0,1.0,OTHER,1.0,Calgary
3899,train,0.0,1.0,,0.0,
3900,train,0.0,0.7777777777777778,,0.0,
3901,train,0.0,1.0,,0.0,
3902,train,1.0,1.0,OTHER,1.0,Alberta
3904,train,0.0,1.0,,0.0,
3905,train,1.0,1.0,SUPPORT,1.0,
3906,train,0.0,1.0,,0.0,
3907,train,1.0,1.0,PROPERTY,2.0,Calgary Zoo;Calgary
3908,train,1.0,1.0,PROPERTY,2.0,Saddledome;Calgary
3909,train,0.0,1.0,,0.0,
3911,train,1.0,0.8888888888888888,OTHER,1.0,Calgary
3912,train,1.0,1.0,AID,1.0,Alberta
3913,train,0.0,1.0,,0.0,
3914,train,1.0,1.0,OTHER,1.0,Alberta;Calgary
3915,train,1.0,1.0,OTHER,1.0,Canada;Alberta
3916,train,1.0,1.0,PROPERTY,1.0,Calgary
3918,train,1.0,1.0,SUPPORT,1.0,Calgary
3919,train,1.0,0.8888888888888888,OTHER,1.0,Alberta
3920,train,1.0,1.0,OTHER,1.0,Calgary;Canada
3921,train,0.0,1.0,,0.0,
3922,train,1.0,1.0,PROPERTY,1.0,Calgary Downtown;Calgary
3924,train,0.0,1.0,,0.0,
3925,train,1.0,1.0,ADVISORY,1.0,Alberta
1724,train,1.0,1.0,SUPPORT,1.0,Calgary
3928,train,1.0,1.0,ADVISORY,3.0,Medicine Hat;Drumheller
3929,train,1.0,0.8888888888888888,SUPPORT,1.0,Canada
3930,train,1.0,1.0,AID,1.0,Alberta;Canada
3931,train,0.0,1.0,,0.0,
3932,train,1.0,1.0,AID,1.0,Alberta;Calgary
3933,train,0.0,1.0,,0.0,
3934,train,1.0,1.0,OTHER,1.0,Lethbridge;Alberta
3935,train,1.0,1.0,OTHER,1.0,Alberta
3936,train,0.0,1.0,,0.0,
3937,train,0.0,1.0,,0.0,
3938,train,0.0,1.0,,0.0,
3939,train,1.0,1.0,ADVISORY,3.0,Okotoks
3940,train,1.0,1.0,PROPERTY,1.0,Calgary
3941,train,0.0,1.0,,0.0,
68,train,1.0,1.0,AID,1.0,Calgary;Edmonton
3943,train,1.0,1.0,INFRA,2.0,Calgary Downtown;Calgary
3944,train,1.0,1.0,HUMAN,3.0,Calgary
3945,train,1.0,1.0,SUPPORT,1.0,Calgary;Canada
3946,train,1.0,1.0,AID,1.0,Alberta
3947,train,0.0,1.0,,0.0,
3948,train,1.0,1.0,PROPERTY,2.0,Erlton;Mission;Calgary
3949,train,1.0,1.0,OTHER,1.0,Calgary
3950,train,1.0,1.0,SUPPORT,1.0,Alberta
3951,train,0.0,1.0,,0.0,
3952,train,0.0,1.0,,0.0,
3953,train,1.0,1.0,PROPERTY,1.0,Livingston Place;3rd Avenue SW;2nd Street SW;Calgary
3954,train,0.0,0.7777777777777778,,0.0,
3955,train,1.0,1.0,PROPERTY,1.0,Calgary;Canada
3956,train,1.0,1.0,OTHER,1.0,Crescent Heights;Calgary
3957,train,1.0,1.0,OTHER,1.0,Alberta;Calgary
3958,train,1.0,1.0,AID,1.0,Elbow Park;Elbow;Riverdale;Calgary
3959,train,1.0,1.0,AID,1.0,Calgary
3961,train,1.0,1.0,OTHER,1.0,Calgary
3962,train,1.0,1.0,AID,1.0,Alberta
3963,train,1.0,1.0,AID,1.0,Calgary
3964,train,0.0,1.0,,0.0,
1874,train,1.0,1.0,AID,1.0,Calgary
3966,train,0.0,1.0,,0.0,
3967,train,1.0,1.0,AID,1.0,Fish Creek Provincial Park;Calgary
3969,train,1.0,1.0,AID,1.0,McMahon Stadium;Calgary
3970,train,0.0,1.0,,0.0,
3971,train,0.0,1.0,,0.0,
3972,train,0.0,1.0,,0.0,
3973,train,1.0,1.0,AID,1.0,Alberta;Calgary
3974,train,1.0,1.0,AID,1.0,Mission;Calgary
3976,train,1.0,1.0,OTHER,1.0,Alberta
3977,train,1.0,1.0,AID,1.0,Calgary
3978,train,1.0,1.0,PROPERTY,1.0,Calgary
3979,train,1.0,1.0,AID,1.0,Calgary
3980,train,0.0,1.0,,0.0,
3982,train,1.0,1.0,ADVISORY,2.0,Calgary;Medicine Hat
3983,train,1.0,1.0,AID,1.0,Alberta
3984,train,1.0,1.0,SUPPORT,1.0,Canada
3985,train,0.0,1.0,,0.0,
3986,train,1.0,1.0,SUPPORT,1.0,Calgary
3987,train,0.0,1.0,,0.0,
3988,train,1.0,1.0,SUPPORT,1.0,Calgary
3989,train,0.0,1.0,,0.0,
3990,train,1.0,1.0,OTHER,1.0,Alberta
3991,train,1.0,1.0,INFRA,2.0,5th Street;Elbow Drive;Mission;Cliff Bungalow;Calgary
3993,train,0.0,1.0,,0.0,
3994,train,1.0,1.0,OTHER,1.0,
3995,train,0.0,1.0,,0.0,
3996,train,0.0,1.0,,0.0,
3997,train,1.0,1.0,INFRA,2.0,Alberta
3998,train,1.0,1.0,AID,1.0,Alberta;Medicine Hat
4000,train,1.0,1.0,SUPPORT,1.0,Calgary;Alberta;Canada
4001,train,0.0,1.0,,0.0,
4003,train,1.0,1.0,AID,1.0,Alberta
4004,train,1.0,1.0,AID,1.0,Calgary;Alberta
4005,train,1.0,1.0,SUPPORT,1.0,Calgary
4006,train,1.0,1.0,AID,1.0,Alberta
4007,train,0.0,1.0,,0.0,
4008,train,1.0,1.0,OTHER,1.0,Calgary
4009,train,1.0,1.0,INFRA,2.0,Calgary Downtown;Calgary
4011,train,1.0,1.0,EVAC,1.0,Calgary;Alberta;High River
4012,train,1.0,1.0,NEEDS,2.0,Calgary;Alberta
4013,train,1.0,0.8888888888888888,INFRA,1.0,Alberta
4015,train,1.0,1.0,PROPERTY,2.0,Centre Street;High River
4016,train,1.0,1.0,INFRA,3.0,2nd Avenue SW;Calgary
4017,train,0.0,1.0,,0.0,
4018,train,0.0,1.0,,0.0,
4019,train,1.0,1.0,OTHER,1.0,Queen Elizabeth II Highway;Calgary
4020,train,1.0,1.0,AID,1.0,Calgary
4022,train,1.0,1.0,OTHER,1.0,Calgary
4023,train,1.0,1.0,AID,1.0,Calgary
4024,train,1.0,1.0,PROPERTY,2.0,Siksika Nation;Hidden Valley Resort;Alberta
4025,train,0.0,1.0,,0.0,
4026,train,1.0,1.0,OTHER,1.0,Calgary
4027,train,0.0,1.0,,0.0,
4028,train,1.0,1.0,SUPPORT,1.0,Alberta
4029,train,0.0,1.0,,0.0,
4031,train,1.0,1.0,AID,1.0,Calgary;Ship & Anchor Pub
4032,train,1.0,1.0,INFRA,2.0,17th Avenue;Calgary
4033,train,1.0,1.0,AID,1.0,Alberta
4034,train,0.0,1.0,,0.0,
4035,train,1.0,1.0,AID,1.0,Calgary
4036,train,0.0,0.7777777777777778,,0.0,
4037,train,1.0,1.0,HUMAN,2.0,Calgary
4038,train,1.0,1.0,INFRA,1.0,Calgary Drop-In Centre;Calgary
4039,train,1.0,1.0,EVAC,2.0,Siksika Nation
4040,train,1.0,1.0,EVAC,2.0,Bowness;Calgary
4041,train,0.0,1.0,,0.0,
4042,train,0.0,1.0,,0.0,
4044,train,0.0,1.0,,0.0,
4045,train,1.0,1.0,PROPERTY,1.0,Calgary
4046,train,0.0,0.8888888888888888,,0.0,
4047,train,0.0,0.8888888888888888,,0.0,
4048,train,0.0,1.0,,0.0,
4049,train,0.0,0.8888888888888888,,0.0,
4051,train,1.0,1.0,AID,1.0,Southern Alberta
4052,train,0.0,1.0,,0.0,
4053,train,1.0,1.0,OTHER,1.0,Calgary
4054,train,1.0,1.0,AID,1.0,Calgary
4055,train,0.0,0.8888888888888888,,0.0,
4056,train,0.0,0.8888888888888888,,0.0,
4057,train,0.0,1.0,,0.0,
4059,train,0.0,1.0,,0.0,
4060,train,1.0,1.0,AID,1.0,Calgary
4061,train,0.0,1.0,,0.0,
4062,train,1.0,1.0,AID,1.0,Siksika;Southern Alberta
4063,train,0.0,0.8888888888888888,,0.0,
4064,train,1.0,1.0,ADVISORY,2.0,Calgary
4065,train,0.0,0.8888888888888888,,0.0,
4066,train,1.0,1.0,INFRA,2.0,"East Village, Calgary;Orange Lofts"
4067,train,0.0,0.8888888888888888,,0.0,
4068,train,0.0,0.8888888888888888,,0.0,
4069,train,0.0,1.0,,0.0,
4070,train,0.0,1.0,,0.0,
4071,train,1.0,1.0,AID,1.0,Calgary
4072,train,0.0,1.0,,0.0,
4073,train,1.0,1.0,AID,1.0,"Roxboro, Calgary;Calgary"
4075,train,1.0,1.0,SUPPORT,1.0,Alberta
395,train,1.0,1.0,OTHER,1.0,Calgary
4077,train,1.0,1.0,SUPPORT,1.0,Calgary
1458,train,1.0,1.0,INFRA,2.0,Downtown Calgary
4079,train,1.0,1.0,OTHER,1.0,Calgary;Alberta
4080,train,0.0,1.0,,0.0,
4081,train,0.0,0.8888888888888888,,0.0,
4082,train,1.0,1.0,OTHER,1.0,Calgary;Alberta
4083,train,0.0,1.0,,0.0,
4084,train,0.0,1.0,,0.0,
4085,train,1.0,1.0,PROPERTY,1.0,"27 Ave, Calgary;Erlton, Calgary"
4086,train,0.0,1.0,,0.0,
4087,train,0.0,1.0,,0.0,
4088,train,1.0,1.0,OTHER,1.0,Calgary
4089,train,1.0,1.0,PROPERTY,1.0,"Elbow Drive, Calgary"
4090,train,1.0,1.0,AID,1.0,Calgary
4091,train,1.0,1.0,AID,1.0,Alberta;Calgary;Edmonton;Medicine Hat
4092,train,1.0,1.0,INFRA,2.0,"Downtown West End, Calgary;Eau Claire, Calgary"
4093,train,0.0,0.7777777777777778,,0.0,
4094,train,1.0,1.0,OTHER,1.0,Calgary;Siksika;Alberta
4095,train,0.0,0.8888888888888888,,0.0,
4096,train,0.0,0.8888888888888888,,0.0,
4097,train,0.0,1.0,,0.0,
4099,train,0.0,1.0,,0.0,
4100,train,0.0,0.8888888888888888,,0.0,
4101,train,1.0,1.0,AID,1.0,Alberta
4102,train,1.0,1.0,AID,1.0,Calgary
4103,train,0.0,1.0,,0.0,
4104,train,1.0,1.0,OTHER,1.0,"Sandy Beach Park, Calgary;Discovery Ridge, Calgary;Chinatown, Calgary;Downtown Calgary"
4105,train,1.0,1.0,PROPERTY,1.0,"Saddledome, Calgary"
4107,train,1.0,1.0,AID,1.0,Alberta
4108,train,0.0,1.0,,0.0,
4109,train,1.0,1.0,SUPPORT,1.0,Calgary
4110,train,1.0,0.8888888888888888,OTHER,1.0,Calgary
4111,train,0.0,0.8888888888888888,,0.0,
4112,train,1.0,1.0,AID,1.0,Alberta
4114,train,1.0,1.0,AID,1.0,Alberta
4115,train,1.0,1.0,PROPERTY,1.0,Calgary
4116,train,0.0,0.8888888888888888,,0.0,
4117,train,0.0,0.8888888888888888,,0.0,
4118,train,1.0,1.0,AID,1.0,"Lake Bonavista, Calgary"
4119,train,0.0,0.8888888888888888,,0.0,
4120,train,1.0,1.0,ADVISORY,1.0,Calgary
4122,train,1.0,1.0,SUPPORT,1.0,Calgary
4123,train,1.0,1.0,OTHER,1.0,Alberta
4124,train,1.0,1.0,INFRA,2.0,Lake Minnewanka;Calgary
4125,train,1.0,1.0,OTHER,1.0,Alberta
4126,train,1.0,1.0,AID,1.0,"Chaparral, Calgary;Calgary"
4128,train,0.0,0.8888888888888888,,0.0,
3783,train,1.0,1.0,OTHER,1.0,Alberta
4130,train,1.0,1.0,ADVISORY,1.0,Calgary
4131,train,0.0,0.8888888888888888,,0.0,
4132,train,1.0,1.0,AID,1.0,Alberta
4133,train,1.0,0.7777777777777778,OTHER,1.0,Calgary
4134,train,1.0,1.0,AID,1.0,Calgary
4135,train,0.0,0.8888888888888888,,0.0,
4136,train,1.0,1.0,SUPPORT,1.0,Calgary
4137,train,1.0,1.0,PROPERTY,2.0,"Elbow River, Calgary;4th street bridge, Calgary;Mission, Calgary"
4138,train,1.0,1.0,SUPPORT,1.0,
4139,train,0.0,1.0,,0.0,
4141,train,1.0,1.0,AID,1.0,"Calgary;Wild Rose Brewery;Bowness, Calgary"
4142,train,0.0,0.8888888888888888,,0.0,
4143,train,0.0,0.8888888888888888,,0.0,
4144,train,1.0,1.0,EVAC,2.0,"East Village, Calgary"
4145,train,0.0,0.8888888888888888,,0.0,
4146,train,0.0,0.8888888888888888,,0.0,
4147,train,0.0,1.0,,0.0,
4148,train,0.0,1.0,,0.0,
4149,train,0.0,0.8888888888888888,,0.0,
4150,train,0.0,0.8888888888888888,,0.0,
4151,train,1.0,1.0,OTHER,1.0,Calgary
4152,train,0.0,0.8888888888888888,,0.0,
4154,train,1.0,1.0,AID,1.0,Calgary
4155,train,1.0,1.0,AID,1.0,Calgary
4156,train,1.0,1.0,INFRA,2.0,Calgary
4157,train,0.0,1.0,,0.0,
4158,train,1.0,1.0,SUPPORT,1.0,Calgary
4159,train,1.0,1.0,HUMAN,1.0,Alberta
4160,train,1.0,1.0,OTHER,1.0,Calgary
4161,train,0.0,1.0,,0.0,
4162,train,0.0,1.0,,0.0,
4163,train,0.0,0.8888888888888888,,0.0,
4164,train,0.0,0.8888888888888888,,0.0,
4165,train,0.0,1.0,,0.0,
4166,train,0.0,1.0,,0.0,
4167,train,0.0,1.0,,0.0,
4168,train,1.0,1.0,OTHER,1.0,Calgary
4169,train,0.0,0.8888888888888888,,0.0,
4170,train,1.0,1.0,INFRA,1.0,"Prince’s Island Park, Calgary;Calgary"
4171,train,0.0,1.0,,0.0,
4172,train,0.0,1.0,,0.0,
4173,train,0.0,1.0,,0.0,
4174,train,1.0,1.0,PROPERTY,1.0,Medicine Hat
4175,train,0.0,0.8888888888888888,,0.0,
4176,train,1.0,1.0,SUPPORT,1.0,Calgary
4177,train,1.0,0.7777777777777778,OTHER,1.0,
4178,train,0.0,1.0,,0.0,
4179,train,0.0,1.0,,0.0,
4183,train,0.0,1.0,,0.0,
4185,train,1.0,1.0,OTHER,1.0,Alberta
4187,train,1.0,1.0,SUPPORT,1.0,Calgary
4188,train,1.0,1.0,SUPPORT,1.0,Calgary
4189,train,0.0,1.0,,0.0,
4190,train,0.0,0.8888888888888888,,0.0,
4191,train,0.0,0.8888888888888888,,0.0,
4192,train,0.0,0.8888888888888888,,0.0,
4193,train,1.0,1.0,INFRA,2.0,Calgary
4194,train,1.0,1.0,OTHER,1.0,"Calgary;Scotsman Hill, Calgary"
4195,train,1.0,1.0,EVAC,1.0,"Inglewood, Calgary"
4196,train,1.0,1.0,SUPPORT,1.0,Southern Alberta
4197,train,0.0,0.8888888888888888,,0.0,
4198,train,1.0,1.0,AID,1.0,"Mission, Calgary"
4199,train,0.0,1.0,,0.0,
4200,train,1.0,1.0,ADVISORY,1.0,Calgary
4201,train,1.0,1.0,PROPERTY,2.0,"Railway Ave, Canmore;Elevation Place, Canmore"
4202,train,1.0,1.0,INFRA,1.0,Calgary
4204,train,0.0,1.0,,0.0,
4205,train,0.0,1.0,,0.0,
4206,train,1.0,1.0,OTHER,1.0,Alberta;Calgary;Medicine Hat
4207,train,0.0,1.0,,0.0,
4208,train,0.0,1.0,,0.0,
4209,train,0.0,1.0,,0.0,
4210,train,1.0,1.0,PROPERTY,2.0,Calgary
4211,train,1.0,1.0,EVAC,2.0,
4213,train,0.0,0.8888888888888888,,0.0,
4214,train,0.0,0.8888888888888888,,0.0,
4215,train,0.0,0.8888888888888888,,0.0,
4216,train,1.0,1.0,NEEDS,3.0,Calgary
4217,train,0.0,0.8888888888888888,,0.0,
4218,train,0.0,0.8888888888888888,,0.0,
4219,train,0.0,0.8888888888888888,,0.0,
4220,train,1.0,1.0,INFRA,1.0,Calgary
4221,train,1.0,1.0,EVAC,2.0,High River
4222,train,1.0,1.0,AID,1.0,Alberta
4223,train,1.0,1.0,AID,1.0,Alberta;Calgary
4224,train,0.0,1.0,,0.0,
4225,train,0.0,0.8888888888888888,,0.0,
4226,train,0.0,1.0,,0.0,
4227,train,1.0,1.0,AID,1.0,Calgary
4228,train,0.0,0.8888888888888888,,0.0,
4229,train,1.0,1.0,OTHER,1.0,Calgary
4230,train,1.0,1.0,SUPPORT,1.0,
4231,train,1.0,1.0,HUMAN,3.0,Alberta;Calgary
87,train,0.0,1.0,,0.0,
4233,train,0.0,0.8888888888888888,,0.0,
4234,train,1.0,1.0,AID,1.0,
4235,train,0.0,0.8888888888888888,,0.0,
4236,train,0.0,1.0,,0.0,
4237,train,1.0,0.8888888888888888,PROPERTY,1.0,
4238,train,0.0,0.8888888888888888,,0.0,
4239,train,0.0,0.8888888888888888,,0.0,
4240,train,1.0,1.0,ADVISORY,1.0,Alberta
4241,train,0.0,1.0,,0.0,
4243,train,1.0,1.0,AID,1.0,Alberta
4244,train,0.0,0.8888888888888888,,0.0,
4245,train,0.0,0.7777777777777778,,0.0,
4246,train,1.0,1.0,AID,1.0,Alberta
4248,train,0.0,1.0,,0.0,
4249,train,1.0,1.0,PROPERTY,2.0,"Chinatown, Calgary"
4250,train,0.0,1.0,,0.0,
4251,train,0.0,1.0,,0.0,
4252,train,1.0,1.0,SUPPORT,1.0,Alberta
4253,train,1.0,1.0,NEEDS,3.0,"3906 Edison Cres SW, Calgary;Calgary"
4255,train,0.0,1.0,,0.0,
4256,train,0.0,0.7777777777777778,,0.0,
4257,train,1.0,1.0,OTHER,1.0,Calgary;Edmonton
4258,train,0.0,1.0,,0.0,
4260,train,0.0,0.8888888888888888,,0.0,
4262,train,0.0,0.8888888888888888,,0.0,
4263,train,1.0,1.0,ADVISORY,1.0,Alberta
4264,train,1.0,1.0,OTHER,1.0,Calgary
4265,train,1.0,1.0,INFRA,1.0,Trans-Canada;Canmore;Banff
4266,train,0.0,1.0,,0.0,
4267,train,1.0,1.0,PROPERTY,2.0,Weaselhead Park;Calgary
4268,train,1.0,1.0,SUPPORT,1.0,Calgary
4269,train,0.0,1.0,,0.0,
4270,train,1.0,1.0,AID,1.0,Calgary
2485,train,1.0,1.0,HUMAN,2.0,Calgary
4272,train,0.0,1.0,,0.0,
4273,train,1.0,1.0,ADVISORY,1.0,High River;Alberta
4274,train,0.0,1.0,,0.0,
4276,train,1.0,1.0,AID,1.0,Alberta
4277,train,1.0,1.0,HUMAN,2.0,Mission;Calgary;25 Avenue SW
3839,train,1.0,1.0,AID,2.0,Mission Safeway;Calgary
4279,train,0.0,1.0,,0.0,
4280,train,0.0,1.0,,0.0,
4281,train,0.0,1.0,,0.0,
4282,train,0.0,1.0,,0.0,
4283,train,1.0,1.0,PROPERTY,2.0,Vin Room;Mission;4th Street SW;24th Avenue SW;Calgary
4284,train,0.0,1.0,,0.0,
4285,train,1.0,1.0,ADVISORY,1.0,NE Calgary;Rose Kohn Arena;Calgary
4286,train,1.0,1.0,SUPPORT,1.0,Alberta
4287,train,1.0,1.0,AID,1.0,Alberta
4288,train,1.0,0.8888888888888888,OTHER,1.0,Calgary
4289,train,0.0,1.0,,0.0,
4290,train,0.0,1.0,,0.0,
4291,train,0.0,1.0,,0.0,
4293,train,0.0,1.0,,0.0,
4294,train,1.0,1.0,SUPPORT,1.0,Alberta
4295,train,1.0,0.8888888888888888,OTHER,1.0,Calgary
4296,train,1.0,0.8888888888888888,OTHER,1.0,Alberta
4297,train,0.0,1.0,,0.0,
4298,train,0.0,1.0,,0.0,
4299,train,0.0,1.0,,0.0,
4300,train,1.0,1.0,PROPERTY,2.0,Quarry Park;Calgary
4301,train,1.0,1.0,AID,2.0,McMahon Stadium;Calgary
4302,train,0.0,1.0,,0.0,
4303,train,0.0,1.0,,0.0,
4304,train,1.0,1.0,PROPERTY,2.0,Sunnyside;Calgary
4305,train,0.0,1.0,,0.0,
4306,train,1.0,1.0,NEEDS,2.0,Calgary
4308,train,0.0,1.0,,0.0,
4309,train,0.0,1.0,,0.0,
4310,train,0.0,1.0,,0.0,
4311,train,1.0,1.0,NEEDS,3.0,Calgary
4313,train,0.0,1.0,,0.0,
4314,train,1.0,1.0,AID,1.0,Alberta
4315,train,1.0,1.0,OTHER,1.0,Alberta
4316,train,1.0,1.0,AID,1.0,Alberta
4317,train,1.0,1.0,AID,1.0,Calgary;Alberta
4318,train,0.0,1.0,,0.0,
4319,train,0.0,1.0,,0.0,
4320,train,1.0,1.0,OTHER,1.0,Alberta;Red Deer
4321,train,1.0,1.0,NEEDS,2.0,Downtown Calgary;Calgary
4322,train,1.0,1.0,INFRA,2.0,Peace Bridge;Calgary
4323,train,1.0,1.0,INFRA,2.0,Medicine Hat;Trans-Canada bridge
4324,train,0.0,1.0,,0.0,
4325,train,1.0,1.0,PROPERTY,2.0,8th Avenue Inglewood;Inglewood;Calgary
4326,train,0.0,1.0,,0.0,
4327,train,1.0,1.0,AID,2.0,4318 4A Street SW;Calgary
4328,train,1.0,1.0,AID,2.0,Bragg Creek;Calgary
4329,train,0.0,1.0,,0.0,
4330,train,0.0,1.0,,0.0,
4331,train,1.0,1.0,AID,2.0,Calgary
4332,train,1.0,1.0,AID,2.0,High River;Alberta
4333,train,0.0,1.0,,0.0,
4335,train,1.0,1.0,ADVISORY,1.0,Calgary
4336,train,0.0,1.0,,0.0,
4337,train,0.0,1.0,,0.0,
4338,train,1.0,1.0,SUPPORT,1.0,Alberta
4339,train,0.0,1.0,,0.0,
4340,train,1.0,0.8888888888888888,OTHER,1.0,Alberta
4341,train,0.0,1.0,,0.0,
4342,train,1.0,0.8888888888888888,OTHER,1.0,Calgary
4343,train,0.0,1.0,,0.0,
4344,train,0.0,1.0,,0.0,
4345,train,0.0,1.0,,0.0,
4346,train,1.0,1.0,INFRA,2.0,Downtown Calgary;City Hall;Calgary
4347,train,0.0,1.0,,0.0,
4349,train,0.0,1.0,,0.0,
4351,train,0.0,1.0,,0.0,
4352,train,0.0,1.0,,0.0,
4353,train,0.0,1.0,,0.0,
4354,train,0.0,1.0,,0.0,
4355,train,1.0,1.0,OTHER,1.0,Alberta
4356,train,1.0,1.0,ADVISORY,2.0,Bragg Creek;Kananaskis Country;Calgary
4357,train,1.0,1.0,PROPERTY,2.0,NW Calgary;Calgary
4358,train,0.0,0.6666666666666666,,0.0,
4360,train,1.0,1.0,AID,2.0,Inglewood;45 New Street SE;Calgary
4361,train,0.0,1.0,,0.0,
4362,train,0.0,1.0,,0.0,
4364,train,1.0,1.0,AID,1.0,Alberta;Calgary
4365,train,0.0,1.0,,0.0,
4366,train,1.0,1.0,AID,1.0,Calgary
4367,train,0.0,1.0,,0.0,
4368,train,1.0,1.0,AID,1.0,Peters Drive-In;Bowness;Alberta;Calgary
4370,train,1.0,0.8888888888888888,OTHER,1.0,
4371,train,0.0,1.0,,0.0,
4373,train,0.0,1.0,,0.0,
4374,train,1.0,1.0,EVAC,2.0,
4375,train,0.0,1.0,,0.0,
4376,train,0.0,1.0,,0.0,
4377,train,1.0,1.0,AID,1.0,Calgary
4378,train,1.0,1.0,INFRA,2.0,Deerfoot Trail;Calgary
4379,train,1.0,1.0,AID,1.0,Alberta
4380,train,0.0,1.0,,0.0,
4381,train,1.0,1.0,PROPERTY,2.0,Saddledome;Calgary
4384,train,1.0,1.0,OTHER,1.0,Queensland;Calgary
4386,train,1.0,1.0,NEEDS,2.0,Edmonton Trail;Calgary
4387,train,1.0,1.0,OTHER,1.0,Deep South Calgary;Calgary
4388,train,0.0,1.0,,0.0,
4389,train,1.0,1.0,SUPPORT,1.0,Calgary;Southern Alberta
4390,train,1.0,1.0,EVAC,2.0,Alberta
4391,train,1.0,1.0,OTHER,1.0,Calgary
4392,train,0.0,1.0,,0.0,
4393,train,1.0,1.0,ADVISORY,1.0,Calgary
4394,train,1.0,1.0,HUMAN,2.0,Alberta;Calgary
4396,train,0.0,1.0,,0.0,
4397,train,0.0,1.0,,0.0,
4398,train,0.0,1.0,,0.0,
4400,train,1.0,1.0,PROPERTY,2.0,Calgary;Bow River
4401,train,0.0,1.0,,0.0,
4402,train,1.0,1.0,PROPERTY,2.0,Saddledome
4403,train,1.0,1.0,OTHER,1.0,Alberta
4404,train,1.0,1.0,ADVISORY,1.0,Calgary
4405,train,1.0,1.0,AID,1.0,Kensington;Calgary
4406,train,1.0,1.0,OTHER,1.0,Calgary
4407,train,0.0,1.0,,0.0,
4408,train,1.0,1.0,EVAC,1.0,Calgary
4410,train,1.0,1.0,OTHER,1.0,Queensland;Calgary
4411,train,1.0,1.0,AID,1.0,Alberta
4412,train,0.0,1.0,,0.0,
4413,train,1.0,1.0,PROPERTY,2.0,Calgary
4414,train,1.0,1.0,SUPPORT,1.0,Calgary;Alberta
4416,train,1.0,1.0,ADVISORY,1.0,Victoria Park;Calgary
4417,train,0.0,1.0,,0.0,
4419,train,0.0,1.0,,0.0,
4420,train,1.0,1.0,ADVISORY,2.0,Calgary
4421,train,0.0,1.0,,0.0,
4422,train,0.0,1.0,,0.0,
4423,train,0.0,1.0,,0.0,
4424,train,0.0,1.0,,0.0,
4425,train,0.0,1.0,,0.0,
4426,train,1.0,1.0,OTHER,1.0,Calgary
4428,train,1.0,1.0,OTHER,1.0,Calgary
4429,train,0.0,1.0,,0.0,
4431,train,1.0,1.0,AID,2.0,Edmonton;Calgary
4432,train,0.0,1.0,,0.0,
4433,train,1.0,1.0,SUPPORT,1.0,Alberta
4434,train,1.0,1.0,SUPPORT,1.0,Alberta;Calgary
4435,train,1.0,1.0,PROPERTY,2.0,Calgary
4436,train,1.0,1.0,INFRA,2.0,Bow river;17 Ave;Calgary
4437,train,0.0,1.0,,0.0,
4438,train,0.0,1.0,,0.0,
4439,train,0.0,1.0,,0.0,
4441,train,0.0,1.0,,0.0,
4442,train,1.0,1.0,INFRA,2.0,Downtown Calgary;Calgary Tower;Calgary
4443,train,0.0,1.0,,0.0,
4444,train,1.0,1.0,SUPPORT,1.0,Calgary
4445,train,1.0,1.0,AID,1.0,Chetwynd;Alberta
4446,train,1.0,1.0,SUPPORT,1.0,Calgary
4447,train,1.0,1.0,SUPPORT,1.0,Calgary;Alberta
4448,train,1.0,1.0,AID,1.0,Alberta;Calgary
4449,train,0.0,1.0,,0.0,
4450,train,1.0,1.0,SUPPORT,1.0,Alberta
4451,train,0.0,1.0,,0.0,
4452,train,1.0,1.0,EVAC,2.0,Downtown Calgary;Calgary;Alberta
4453,train,1.0,1.0,NEEDS,2.0,Canmore;Alberta
4454,train,1.0,1.0,PROPERTY,2.0,Elbow River;Calgary
4455,train,0.0,1.0,,0.0,
4456,train,0.0,1.0,,0.0,
4457,train,0.0,1.0,,0.0,
4458,train,1.0,1.0,HUMAN,2.0,Canada
4459,train,0.0,1.0,,0.0,
4460,train,0.0,1.0,,0.0,
4461,train,0.0,1.0,,0.0,
4462,train,1.0,1.0,AID,1.0,Calgary
4463,train,1.0,0.7777777777777778,OTHER,1.0,Alberta
4464,train,0.0,1.0,,0.0,
4465,train,1.0,1.0,INFRA,2.0,Peace Bridge;Calgary
4466,train,0.0,1.0,,0.0,
4467,train,0.0,1.0,,0.0,
4468,train,1.0,1.0,SUPPORT,1.0,Saddledome;Calgary;Alberta
4469,train,0.0,1.0,,0.0,
4470,train,1.0,1.0,HUMAN,2.0,SE Calgary;Calgary
4471,train,1.0,1.0,OTHER,1.0,Calgary
4473,train,0.0,1.0,,0.0,
4474,train,1.0,1.0,PROPERTY,2.0,Calgary Zoo;Calgary
4475,train,1.0,1.0,AID,1.0,Alberta;Calgary
4476,train,1.0,1.0,ADVISORY,2.0,Medicine Hat;Alberta
4477,train,1.0,1.0,PROPERTY,2.0,Calgary
4478,train,1.0,1.0,SUPPORT,1.0,Calgary
4479,train,0.0,1.0,,0.0,
4480,train,1.0,1.0,SUPPORT,1.0,Calgary
4481,train,0.0,1.0,,0.0,
4482,train,0.0,1.0,,0.0,
4483,train,1.0,1.0,ADVISORY,2.0,Beltline;6 Street SW;Calgary
4485,train,0.0,1.0,,0.0,
4486,train,1.0,1.0,AID,1.0,Siksika Nation;Alberta
4487,train,1.0,1.0,OTHER,1.0,Calgary
4488,train,0.0,1.0,,0.0,
4489,train,1.0,1.0,OTHER,1.0,Calgary;Alberta
4490,train,1.0,1.0,OTHER,1.0,Calgary
4491,train,1.0,1.0,NEEDS,2.0,Alberta
4492,train,0.0,1.0,,0.0,
4203,train,1.0,1.0,INFRA,2.0,Calgary
4494,train,0.0,1.0,,0.0,
4495,train,0.0,0.8888888888888888,,0.0,
4496,train,0.0,1.0,,0.0,
4497,train,0.0,1.0,,0.0,
4499,train,1.0,1.0,AID,1.0,Elbow Park;Calgary
4500,train,1.0,1.0,OTHER,1.0,Calgary
4501,train,0.0,1.0,,0.0,
4502,train,1.0,1.0,PROPERTY,2.0,Calgary
4503,train,1.0,1.0,AID,1.0,Tsuu T'ina;Calgary
4504,train,0.0,1.0,,0.0,
4505,train,0.0,1.0,,0.0,
4506,train,0.0,1.0,,0.0,
4507,train,1.0,1.0,AID,1.0,Calgary
4508,train,0.0,1.0,,0.0,
4509,train,0.0,1.0,,0.0,
4510,train,0.0,1.0,,0.0,
4511,train,0.0,1.0,,0.0,
4512,train,0.0,1.0,,0.0,
4513,train,0.0,1.0,,0.0,
4514,train,0.0,1.0,,0.0,
4515,train,1.0,1.0,ADVISORY,2.0,Edmonton
4516,train,1.0,1.0,INFRA,2.0,Calgary
4518,train,0.0,1.0,,0.0,
4519,train,1.0,0.8888888888888888,OTHER,1.0,Alberta
4520,train,0.0,1.0,,0.0,
4521,train,1.0,1.0,INFRA,2.0,Turner Valley
4523,train,1.0,1.0,OTHER,1.0,Calgary
4524,train,0.0,1.0,,0.0,
4526,train,1.0,1.0,NEEDS,3.0,Chinatown;Calgary
4527,train,1.0,1.0,OTHER,1.0,Alberta
4529,train,1.0,1.0,AID,1.0,Alberta
4531,train,1.0,1.0,OTHER,1.0,Bowness;Calgary
4532,train,0.0,1.0,,0.0,
4533,train,1.0,1.0,EVAC,2.0,Calgary
4534,train,0.0,1.0,,0.0,
4535,train,0.0,1.0,,0.0,
4536,train,0.0,1.0,,0.0,
4537,train,0.0,1.0,,0.0,
4538,train,1.0,1.0,SUPPORT,1.0,British Columbia;Alberta
4539,train,0.0,1.0,,0.0,
4540,train,0.0,1.0,,0.0,
4541,train,1.0,1.0,SUPPORT,1.0,
4542,train,0.0,1.0,,0.0,
4544,train,1.0,1.0,AID,1.0,Calgary
4545,train,1.0,1.0,AID,1.0,Calgary
4546,train,0.0,1.0,,0.0,
4548,train,0.0,1.0,,0.0,
4549,train,1.0,0.8888888888888888,INFRA,1.0,Calgary
4550,train,1.0,1.0,EVAC,2.0,Siksika Nation
4552,train,1.0,1.0,PROPERTY,2.0,Bow River;Centre Street Bridge;Calgary
4553,train,1.0,1.0,ADVISORY,1.0,Calgary
4554,train,0.0,1.0,,0.0,
4556,train,1.0,1.0,SUPPORT,1.0,Calgary
4557,train,1.0,1.0,INFRA,2.0,Calgary
4558,train,1.0,0.8888888888888888,PROPERTY,1.0,
4559,train,1.0,1.0,PROPERTY,1.0,Beltline;Calgary
4560,train,1.0,1.0,AID,1.0,Alberta
4561,train,1.0,1.0,SUPPORT,1.0,Alberta
1392,train,1.0,1.0,ADVISORY,1.0,Calgary
4565,train,1.0,1.0,AID,1.0,
4566,train,1.0,1.0,ADVISORY,2.0,Calgary
4567,train,1.0,1.0,HUMAN,2.0,Bowness;Calgary
4568,train,1.0,1.0,AID,1.0,Calgary
4569,train,1.0,0.8888888888888888,OTHER,1.0,
4570,train,0.0,1.0,,0.0,
4571,train,0.0,1.0,,0.0,
4572,train,0.0,1.0,,0.0,
4574,train,1.0,1.0,AID,1.0,Calgary
4575,train,0.0,1.0,,0.0,
4576,train,0.0,1.0,,0.0,
4577,train,1.0,0.8888888888888888,SUPPORT,1.0,Alberta
4578,train,0.0,1.0,,0.0,
4579,train,0.0,1.0,,0.0,
4580,train,0.0,1.0,,0.0,
4582,train,1.0,1.0,INFRA,2.0,
4583,train,1.0,1.0,PROPERTY,2.0,High River
4584,train,1.0,1.0,AID,1.0,Bridgeland;Calgary
4585,train,1.0,1.0,INFRA,2.0,Calgary
4586,train,1.0,1.0,HUMAN,2.0,Calgary
4587,train,0.0,1.0,,0.0,
2570,train,1.0,1.0,AID,1.0,Alberta
4589,train,0.0,1.0,,0.0,
4590,train,1.0,1.0,INFRA,1.0,Calgary
4592,train,1.0,1.0,SUPPORT,1.0,Alberta
4593,train,0.0,0.7777777777777778,,0.0,
4594,train,1.0,0.8888888888888888,OTHER,1.0,Alberta
4596,train,0.0,1.0,,0.0,
4597,train,1.0,1.0,ADVISORY,3.0,Foothills No. 31
4598,train,1.0,1.0,ADVISORY,1.0,Alberta;Calgary
4599,train,1.0,1.0,AID,1.0,
4600,train,0.0,1.0,,0.0,
4602,train,0.0,1.0,,0.0,
4603,train,0.0,1.0,,0.0,
4604,train,1.0,1.0,OTHER,1.0,Calgary
4605,train,0.0,1.0,,0.0,
4606,train,0.0,1.0,,0.0,
4608,train,1.0,1.0,AID,1.0,Calgary
4609,train,1.0,1.0,ADVISORY,2.0,Edmonton;North Saskatchewan River
4611,train,0.0,1.0,,0.0,
4612,train,0.0,1.0,,0.0,
4613,train,0.0,1.0,,0.0,
4614,train,0.0,1.0,,0.0,
4615,train,0.0,1.0,,0.0,
4616,train,0.0,1.0,,0.0,
4617,train,1.0,1.0,INFRA,2.0,Calgary
4618,train,0.0,1.0,,0.0,
4619,train,0.0,1.0,,0.0,
4620,train,1.0,1.0,OTHER,1.0,Calgary
4621,train,1.0,1.0,SUPPORT,1.0,Calgary
3515,train,0.0,1.0,,0.0,
4623,train,1.0,1.0,OTHER,1.0,Calgary
4624,train,0.0,1.0,,0.0,
4625,train,0.0,1.0,,0.0,
4626,train,0.0,1.0,,0.0,
4629,train,0.0,1.0,,0.0,
4630,train,1.0,1.0,PROPERTY,2.0,Bearspaw;Calgary
4631,train,0.0,1.0,,0.0,
4632,train,1.0,1.0,ADVISORY,1.0,Alberta;Calgary
4633,train,1.0,1.0,INFRA,2.0,Calgary
4635,train,1.0,1.0,AID,1.0,Calgary
4636,train,1.0,1.0,AID,1.0,Alberta
4637,train,0.0,1.0,,0.0,
4639,train,1.0,1.0,NEEDS,2.0,Cliff Bungalow;Calgary
4640,train,0.0,1.0,,0.0,
4641,train,0.0,1.0,,0.0,
4642,train,0.0,1.0,,0.0,
4643,train,1.0,1.0,SUPPORT,1.0,Calgary
4644,train,0.0,1.0,,0.0,
4645,train,1.0,1.0,INFRA,1.0,Alberta
4646,train,1.0,1.0,OTHER,2.0,Calgary
4647,train,1.0,1.0,PROPERTY,2.0,Bow City
4649,train,0.0,1.0,,0.0,
4650,train,0.0,1.0,,0.0,
4652,train,0.0,1.0,,0.0,
4653,train,1.0,1.0,HUMAN,2.0,Calgary
4654,train,0.0,1.0,,0.0,
4655,train,1.0,1.0,OTHER,2.0,Calgary
4656,train,0.0,1.0,,0.0,
4658,train,1.0,1.0,SUPPORT,1.0,Calgary
4659,train,1.0,1.0,NEEDS,3.0,Canmore
4660,train,1.0,1.0,AID,1.0,Siksika Nation
4661,train,1.0,1.0,SUPPORT,1.0,Calgary
4662,train,0.0,1.0,,0.0,
4663,train,0.0,1.0,,0.0,
4664,train,0.0,1.0,,0.0,
4667,train,0.0,1.0,,0.0,
4668,train,1.0,1.0,AID,1.0,Alberta
4669,train,0.0,1.0,,0.0,
4670,train,1.0,1.0,OTHER,1.0,Calgary
4671,train,0.0,1.0,,0.0,
4672,train,1.0,1.0,AID,1.0,Killarney;Calgary
4673,train,1.0,0.8888888888888888,OTHER,1.0,
4674,train,1.0,1.0,ADVISORY,2.0,Calgary
4675,train,0.0,1.0,,0.0,
4676,train,1.0,1.0,OTHER,1.0,Calgary
4677,train,1.0,1.0,OTHER,2.0,Calgary
4678,train,0.0,1.0,,0.0,
4679,train,1.0,1.0,AID,2.0,Central Memorial High School;Calgary
4680,train,1.0,1.0,INFRA,2.0,Canyon Meadows;Macleod Trail;Calgary
4681,train,0.0,0.8888888888888888,,0.0,
4682,train,1.0,1.0,PROPERTY,2.0,Alberta
4683,train,1.0,1.0,PROPERTY,2.0,Calgary Zoo;Calgary
4685,train,1.0,1.0,SUPPORT,1.0,Calgary
4686,train,1.0,1.0,ADVISORY,2.0,Calgary
4687,train,0.0,1.0,,0.0,
4688,train,1.0,1.0,OTHER,1.0,Canada
4689,train,0.0,1.0,,0.0,
4690,train,1.0,1.0,OTHER,1.0,Calgary
4691,train,0.0,1.0,,0.0,
4692,train,1.0,1.0,PROPERTY,2.0,
4693,train,0.0,1.0,,0.0,
4694,train,1.0,1.0,PROPERTY,1.0,Alberta
2935,train,0.0,1.0,,0.0,
4696,train,1.0,1.0,OTHER,1.0,Calgary;Saskatchewan
4697,train,1.0,1.0,OTHER,1.0,Calgary;Alberta
4698,train,1.0,1.0,OTHER,2.0,Calgary
4699,train,0.0,1.0,,0.0,
4700,train,1.0,1.0,AID,1.0,Calgary
4702,train,0.0,0.8888888888888888,,0.0,
4703,train,1.0,1.0,INFRA,2.0,Calgary
4704,train,1.0,1.0,HUMAN,2.0,Calgary
4705,train,0.0,1.0,,0.0,
4706,train,0.0,1.0,,0.0,
4707,train,1.0,0.8888888888888888,PROPERTY,1.0,
4708,train,1.0,1.0,PROPERTY,2.0,Scotiabank Saddledome;Calgary
4709,train,0.0,1.0,,0.0,
4710,train,0.0,1.0,,0.0,
4711,train,0.0,1.0,,0.0,
4712,train,1.0,1.0,OTHER,1.0,Alberta
4713,train,1.0,1.0,INFRA,1.0,Calgary
4714,train,0.0,1.0,,0.0,
4715,train,1.0,1.0,ADVISORY,2.0,Calgary
4716,train,1.0,1.0,ADVISORY,3.0,Kneehill County
4717,train,1.0,1.0,OTHER,1.0,Calgary;Alberta
4718,train,0.0,1.0,,0.0,
4719,train,0.0,1.0,,0.0,
4724,train,0.0,0.8888888888888888,,0.0,
4726,train,0.0,0.5555555555555556,,0.0,
4728,train,0.0,1.0,,0.0,
4730,train,0.0,1.0,,0.0,
4731,train,0.0,1.0,,0.0,
4733,train,0.0,1.0,,0.0,
4738,train,0.0,1.0,,0.0,
4739,train,0.0,1.0,,0.0,
4740,train,0.0,1.0,,0.0,
4741,train,0.0,1.0,,0.0,
4742,train,0.0,1.0,,0.0,
4745,train,0.0,1.0,,0.0,
4746,train,0.0,1.0,,0.0,
4748,train,1.0,0.7777777777777778,AID,1.0,787 3rd Street Northwest
4749,train,0.0,1.0,,0.0,
4750,train,0.0,1.0,,0.0,
4751,train,1.0,1.0,SUPPORT,1.0,
4754,train,0.0,1.0,,0.0,
4755,train,0.0,0.7777777777777778,,0.0,
4758,train,0.0,1.0,,0.0,
4759,train,0.0,1.0,,0.0,
4765,train,0.0,1.0,,0.0,
4768,train,0.0,1.0,,0.0,
4771,train,0.0,1.0,,0.0,
4772,train,1.0,0.8888888888888888,PROPERTY,1.0,
4773,train,0.0,1.0,,0.0,
4774,train,0.0,1.0,,0.0,
4778,train,0.0,1.0,,0.0,
4780,train,0.0,1.0,,0.0,
4782,train,0.0,1.0,,0.0,
4783,train,0.0,1.0,,0.0,
4784,train,0.0,1.0,,0.0,
4789,train,0.0,1.0,,0.0,
4790,train,0.0,1.0,,0.0,
4792,train,0.0,1.0,,0.0,
4793,train,0.0,1.0,,0.0,
4800,train,0.0,1.0,,0.0,
4802,train,0.0,0.5555555555555556,,0.0,
4803,train,0.0,1.0,,0.0,
4806,train,0.0,1.0,,0.0,
4812,train,0.0,1.0,,0.0,
4813,train,0.0,1.0,,0.0,
4815,train,0.0,1.0,,0.0,
4819,train,0.0,0.6666666666666666,,0.0,
4820,train,0.0,1.0,,0.0,
4821,train,0.0,1.0,,0.0,
4823,train,0.0,1.0,,0.0,
4824,train,0.0,1.0,,0.0,
4828,train,0.0,1.0,,0.0,
4829,train,0.0,0.8888888888888888,,0.0,
4834,train,1.0,1.0,SUPPORT,1.0,
4836,train,0.0,1.0,,0.0,
4841,train,0.0,1.0,,0.0,
4844,train,0.0,1.0,,0.0,
4846,train,0.0,1.0,,0.0,
4850,train,1.0,0.8888888888888888,EVAC,1.0,
4851,train,0.0,1.0,,0.0,
4853,train,0.0,0.5555555555555556,,0.0,
4854,train,0.0,1.0,,0.0,
4855,train,0.0,1.0,,0.0,
4856,train,1.0,0.7777777777777778,INFRA,2.0,14th Street Southwest;12th Avenue Southwest
4860,train,0.0,1.0,,0.0,
4861,train,1.0,0.8888888888888888,PROPERTY,1.0,
4862,train,0.0,1.0,,0.0,
4864,train,0.0,1.0,,0.0,
4866,train,0.0,1.0,,0.0,
4868,train,0.0,1.0,,0.0,
4870,train,0.0,1.0,,0.0,
4877,train,0.0,1.0,,0.0,
4878,train,0.0,1.0,,0.0,
4883,train,0.0,1.0,,0.0,
4885,train,0.0,1.0,,0.0,
4887,train,0.0,1.0,,0.0,
4888,train,0.0,1.0,,0.0,
4889,train,1.0,1.0,AID,1.0,Alberta;Calgary
4890,train,0.0,1.0,,0.0,
4891,train,0.0,1.0,,0.0,
4895,train,0.0,1.0,,0.0,
4897,train,0.0,1.0,,0.0,
4898,train,0.0,1.0,,0.0,
4901,train,0.0,1.0,,0.0,
4902,train,0.0,1.0,,0.0,
4906,train,0.0,0.5555555555555556,,0.0,
4907,train,1.0,0.7777777777777778,OTHER,1.0,Calgary
4908,train,0.0,1.0,,0.0,
4909,train,0.0,1.0,,0.0,
4912,train,0.0,1.0,,0.0,
4914,train,0.0,1.0,,0.0,
4915,train,0.0,0.8888888888888888,,0.0,
4917,train,0.0,0.5555555555555556,,0.0,
4920,train,0.0,1.0,,0.0,
4921,train,0.0,1.0,,0.0,
4923,train,0.0,1.0,,0.0,
4925,train,0.0,1.0,,0.0,
4926,train,0.0,1.0,,0.0,
4928,train,0.0,1.0,,0.0,
4932,train,0.0,1.0,,0.0,
4933,train,0.0,1.0,,0.0,
4938,train,0.0,1.0,,0.0,
4940,train,0.0,1.0,,0.0,
2025,train,0.0,1.0,,0.0,
4943,train,0.0,1.0,,0.0,
4720,train,0.0,1.0,,0.0,
4721,train,1.0,1.0,PROPERTY,1.0,Medicine Hat;Calgary
4722,train,1.0,1.0,AID,1.0,High River
4723,train,1.0,1.0,ADVISORY,2.0,Calgary
4732,train,1.0,1.0,HUMAN,3.0,Calgary
4734,train,1.0,1.0,OTHER,1.0,Alberta;Calgary
4736,train,1.0,1.0,SUPPORT,1.0,Alberta
4737,train,1.0,1.0,AID,1.0,Alberta
4743,train,1.0,1.0,AID,1.0,Calgary
4744,train,1.0,1.0,OTHER,1.0,Alberta
4753,train,1.0,1.0,OTHER,1.0,Calgary
4756,train,1.0,1.0,SUPPORT,1.0,Calgary
4757,train,1.0,1.0,PROPERTY,1.0,Alberta;Calgary
4761,train,1.0,1.0,INFRA,1.0,Calgary
4763,train,1.0,1.0,EVAC,2.0,Calgary
4764,train,1.0,1.0,AID,1.0,High River
4766,train,1.0,1.0,PROPERTY,2.0,Saddledome
4767,train,1.0,1.0,OTHER,1.0,Alberta
4770,train,1.0,1.0,SUPPORT,1.0,Calgary
4775,train,1.0,1.0,AID,1.0,Alberta;Calgary
4776,train,1.0,1.0,OTHER,1.0,Calgary
4777,train,1.0,1.0,PROPERTY,1.0,Sunnyside;Calgary;Crescent Heights
4779,train,1.0,1.0,NEEDS,1.0,Calgary
4781,train,1.0,1.0,INFRA,2.0,High River
4785,train,1.0,1.0,AID,1.0,Calgary
2353,train,1.0,1.0,PROPERTY,1.0,Calgary
4787,train,1.0,1.0,PROPERTY,2.0,Bowness
4788,train,1.0,1.0,OTHER,1.0,Calgary
4791,train,1.0,1.0,AID,1.0,Alberta
544,train,1.0,1.0,PROPERTY,1.0,Alberta
4795,train,1.0,1.0,INFRA,2.0,Stampede Park
4797,train,1.0,1.0,SUPPORT,1.0,Calgary
4798,train,1.0,1.0,EVAC,2.0,Canada
4799,train,1.0,1.0,OTHER,1.0,Calgary
4801,train,1.0,1.0,NEEDS,1.0,1st Avenue;26th Avenue;Mission
4804,train,1.0,1.0,EVAC,2.0,Canada
4805,train,1.0,1.0,NEEDS,1.0,Calgary
4807,train,1.0,1.0,PROPERTY,1.0,Stoney Nakoda Nation
2406,train,1.0,1.0,AID,1.0,Calgary
4809,train,1.0,1.0,SUPPORT,1.0,Alberta;Calgary
4811,train,1.0,1.0,OTHER,2.0,Calgary
4814,train,1.0,1.0,EVAC,2.0,Calgary
4816,train,1.0,1.0,ADVISORY,2.0,Calgary
4817,train,1.0,1.0,ADVISORY,1.0,Calgary;Alberta
4822,train,1.0,1.0,ADVISORY,2.0,Medicine Hat
4825,train,1.0,1.0,AID,1.0,Alberta
4826,train,1.0,1.0,HUMAN,2.0,Canada
4830,train,1.0,1.0,OTHER,1.0,Calgary
4831,train,1.0,1.0,SUPPORT,1.0,Edmonton;Calgary
181,train,1.0,1.0,SUPPORT,1.0,Calgary
4833,train,1.0,1.0,ADVISORY,2.0,Calgary
4835,train,1.0,1.0,INFRA,2.0,Sunnyside
4837,train,1.0,1.0,SUPPORT,1.0,Mission
4838,train,1.0,1.0,ADVISORY,1.0,Calgary
4839,train,1.0,1.0,HUMAN,2.0,Canada
4843,train,1.0,1.0,INFRA,2.0,Alberta
4845,train,1.0,1.0,HUMAN,2.0,Alberta
269,train,1.0,1.0,INFRA,2.0,10th street bridge
4848,train,1.0,1.0,AID,1.0,Alberta
4849,train,1.0,1.0,OTHER,1.0,Alberta;Calgary;Vancouver
4852,train,1.0,1.0,INFRA,1.0,Calgary
4857,train,1.0,1.0,PROPERTY,2.0,Kahanoff building
4858,train,1.0,1.0,ADVISORY,1.0,Alberta
4859,train,1.0,1.0,OTHER,1.0,Calgary
4863,train,1.0,1.0,AID,1.0,Alberta
4865,train,1.0,1.0,AID,2.0,Mission;Calgary
4867,train,1.0,1.0,OTHER,1.0,Calgary
4871,train,1.0,1.0,AID,2.0,Chinook Center
1234,train,1.0,1.0,SUPPORT,1.0,Calgary
4873,train,1.0,1.0,ADVISORY,1.0,Calgary
4874,train,1.0,1.0,OTHER,1.0,Prince's Island Park
4875,train,1.0,1.0,ADVISORY,2.0,Devon
4879,train,1.0,1.0,SUPPORT,1.0,Calgary
4881,train,1.0,1.0,AID,1.0,Alberta
4882,train,1.0,1.0,OTHER,1.0,Rocky Mountains;Alberta
4886,train,1.0,1.0,EVAC,2.0,Calgary
4892,train,1.0,1.0,OTHER,1.0,Calgary
4894,train,1.0,1.0,INFRA,2.0,Canmore
4896,train,1.0,1.0,OTHER,1.0,Alberta
4899,train,1.0,1.0,PROPERTY,1.0,Alberta;Calgary
4904,train,1.0,1.0,OTHER,1.0,Calgary
4905,train,1.0,1.0,EVAC,2.0,Alberta
4910,train,1.0,1.0,AID,1.0,Siksika;Royal Oak
4911,train,1.0,1.0,AID,1.0,Calgary
4913,train,1.0,1.0,INFRA,2.0,Calgary
4916,train,1.0,1.0,HUMAN,2.0,Calgary
4918,train,1.0,1.0,EVAC,1.0,BowCrest Centre
4919,train,1.0,1.0,AID,1.0,Alberta
4922,train,1.0,1.0,NEEDS,2.0,Calgary
4924,train,1.0,1.0,AID,1.0,Alberta
4929,train,1.0,1.0,INFRA,2.0,Calgary
4930,train,1.0,1.0,ADVISORY,1.0,Calgary
4934,train,1.0,1.0,PROPERTY,2.0,Saddledome;Calgary
4935,train,1.0,1.0,EVAC,2.0,Calgary
4936,train,1.0,1.0,ADVISORY,2.0,Calgary
4939,train,1.0,1.0,AID,1.0,Calgary
4941,train,1.0,1.0,SUPPORT,1.0,Alberta
4945,train,1.0,1.0,NEEDS,1.0,Calgary
4946,train,0.0,1.0,,0.0,
4947,train,0.0,1.0,,0.0,
4948,train,0.0,0.8888888888888888,,0.0,
4949,train,0.0,1.0,,0.0,
4950,train,1.0,1.0,OTHER,1.0,Canada
4951,train,0.0,1.0,,0.0,
4953,train,0.0,1.0,,0.0,
4954,train,0.0,1.0,,0.0,
4955,train,1.0,1.0,OTHER,2.0,Calgary
4956,train,1.0,1.0,PROPERTY,2.0,Millarville
4957,train,0.0,1.0,,0.0,
4958,train,0.0,1.0,,0.0,
4959,train,0.0,1.0,,0.0,
4960,train,1.0,1.0,ADVISORY,2.0,Calgary
4961,train,1.0,1.0,AID,1.0,Calgary
4962,train,1.0,1.0,AID,1.0,
4963,train,0.0,1.0,,0.0,
4964,train,1.0,1.0,INFRA,2.0,Calgary
4967,train,0.0,1.0,,0.0,
4968,train,0.0,1.0,,0.0,
4969,train,0.0,1.0,,0.0,
4970,train,1.0,1.0,HUMAN,2.0,Canada
4971,train,0.0,1.0,,0.0,
436,train,1.0,1.0,ADVISORY,1.0,Alberta;Calgary
4973,train,1.0,1.0,OTHER,1.0,Bow River;Calgary;Alberta
4974,train,0.0,1.0,,0.0,
4975,train,0.0,1.0,,0.0,
4976,train,0.0,1.0,,0.0,
4977,train,0.0,1.0,,0.0,
4979,train,0.0,1.0,,0.0,
4982,train,0.0,1.0,,0.0,
4983,train,1.0,1.0,HUMAN,1.0,Alberta
4987,train,0.0,1.0,,0.0,
4988,train,1.0,1.0,HUMAN,1.0,Alberta;Calgary
4989,train,0.0,1.0,,0.0,
4990,train,1.0,1.0,OTHER,1.0,Calgary
4991,train,0.0,1.0,,0.0,
4992,train,0.0,1.0,,0.0,
4993,train,0.0,1.0,,0.0,
4994,train,0.0,1.0,,0.0,
4995,train,1.0,1.0,HUMAN,2.0,Calgary
4997,train,0.0,1.0,,0.0,
4998,train,0.0,1.0,,0.0,
4999,train,1.0,1.0,AID,1.0,4804 Edmonton Trail NE;Calgary
5000,train,0.0,1.0,,0.0,
2789,train,1.0,0.8888888888888888,AID,1.0,Calgary
5002,train,0.0,1.0,,0.0,
5003,train,0.0,1.0,,0.0,
5004,train,0.0,1.0,,0.0,
5005,train,0.0,1.0,,0.0,
5006,train,1.0,0.8888888888888888,INFRA,1.0,Calgary
2316,train,1.0,1.0,SUPPORT,1.0,Alberta
5008,train,0.0,1.0,,0.0,
5009,train,1.0,1.0,AID,1.0,Calgary
5010,train,0.0,1.0,,0.0,
5011,train,0.0,1.0,,0.0,
5012,train,1.0,1.0,SUPPORT,1.0,Alberta
5013,train,0.0,1.0,,0.0,
5014,train,1.0,1.0,ADVISORY,1.0,Calgary
5015,train,0.0,1.0,,0.0,
5016,train,0.0,1.0,,0.0,
5017,train,0.0,1.0,,0.0,
5018,train,0.0,1.0,,0.0,
5019,train,1.0,1.0,NEEDS,2.0,Axxis Condo;650-10th St SW;Calgary
5020,train,1.0,1.0,INFRA,2.0,Calgary
5021,train,0.0,1.0,,0.0,
5022,train,1.0,0.8888888888888888,OTHER,1.0,Calgary
5023,train,0.0,1.0,,0.0,
5024,train,0.0,1.0,,0.0,
5025,train,0.0,1.0,,0.0,
5026,train,0.0,1.0,,0.0,
5027,train,1.0,1.0,EVAC,3.0,Alberta
5028,train,1.0,1.0,EVAC,2.0,Discovery Ridge;Calgary
5029,train,1.0,1.0,INFRA,2.0,Alberta
5030,train,1.0,1.0,HUMAN,2.0,Alberta
5031,train,0.0,1.0,,0.0,
5032,train,0.0,1.0,,0.0,
5033,train,1.0,1.0,OTHER,2.0,Alberta
2012,train,1.0,1.0,AID,1.0,London Drugs on 8th street SW;Calgary
5035,train,1.0,1.0,SUPPORT,1.0,Calgary
5036,train,1.0,1.0,INFRA,2.0,Macleod Trail;Talisman Centre;Calgary
5037,train,1.0,1.0,OTHER,2.0,
5038,train,0.0,1.0,,0.0,
5040,train,1.0,1.0,OTHER,1.0,Alberta;Calgary
5041,train,0.0,1.0,,0.0,
5042,train,0.0,1.0,,0.0,
5044,train,1.0,1.0,EVAC,2.0,Calgary
5045,train,1.0,1.0,AID,2.0,Southern Alberta
5046,train,0.0,1.0,,0.0,
5048,train,1.0,1.0,OTHER,1.0,Calgary
5049,train,1.0,1.0,EVAC,2.0,Medicine Hat;Lethbridge;Calgary
5050,train,1.0,1.0,PROPERTY,2.0,Saddledome;Calgary
5051,train,1.0,1.0,AID,1.0,Redwood Meadows
5052,train,0.0,1.0,,0.0,
5053,train,0.0,1.0,,0.0,
5054,train,0.0,1.0,,0.0,
5055,train,0.0,1.0,,0.0,
5056,train,1.0,1.0,OTHER,2.0,Calgary
5057,train,1.0,1.0,OTHER,1.0,Calgary
5058,train,1.0,1.0,OTHER,1.0,Alberta;Quebec
5059,train,1.0,1.0,AID,1.0,Siksika Nation
5060,train,1.0,1.0,OTHER,1.0,Calgary;Alberta
5061,train,0.0,1.0,,0.0,
5062,train,0.0,1.0,,0.0,
5064,train,1.0,1.0,AID,1.0,Calgary;Alberta
5066,train,1.0,1.0,EVAC,1.0,Calgary
5067,train,1.0,1.0,AID,1.0,High River;Alberta
5068,train,1.0,1.0,HUMAN,2.0,Alberta
5069,train,1.0,1.0,OTHER,1.0,Calgary
5070,train,0.0,1.0,,0.0,
5071,train,0.0,1.0,,0.0,
5072,train,1.0,1.0,OTHER,1.0,Calgary
1092,train,0.0,1.0,,0.0,
5076,train,0.0,1.0,,0.0,
5077,train,1.0,1.0,OTHER,2.0,Calgary Zoo;Calgary
5078,train,1.0,1.0,EVAC,2.0,First Nations
5079,train,0.0,1.0,,0.0,
5080,train,1.0,1.0,OTHER,1.0,Calgary
5081,train,1.0,1.0,SUPPORT,1.0,Calgary;Alberta
5082,train,1.0,1.0,SUPPORT,1.0,Calgary
5083,train,1.0,1.0,AID,1.0,Edmonton;Calgary
5084,train,1.0,1.0,OTHER,1.0,Alberta
5085,train,1.0,1.0,ADVISORY,2.0,Bow River;Elbow River;Alberta
5086,train,0.0,1.0,,0.0,
41,train,1.0,1.0,PROPERTY,2.0,Calgary
918,train,1.0,1.0,OTHER,1.0,Calgary
5089,train,0.0,1.0,,0.0,
5090,train,0.0,1.0,,0.0,
5092,train,0.0,1.0,,0.0,
5093,train,0.0,1.0,,0.0,
5094,train,0.0,0.7777777777777778,,0.0,
5095,train,1.0,1.0,PROPERTY,2.0,Calgary Drop-In and Rehab Centre;Calgary
5096,train,0.0,1.0,,0.0,
5097,train,0.0,1.0,,0.0,
5098,train,0.0,1.0,,0.0,
5099,train,0.0,1.0,,0.0,
5101,train,0.0,1.0,,0.0,
5103,train,0.0,1.0,,0.0,
5104,train,0.0,1.0,,0.0,
1689,train,1.0,1.0,OTHER,1.0,Centre Street Bridge;Calgary
5107,train,1.0,1.0,AID,1.0,Alberta
5108,train,0.0,1.0,,0.0,
5109,train,0.0,1.0,,0.0,
5110,train,0.0,1.0,,0.0,
5111,train,0.0,1.0,,0.0,
5113,train,0.0,1.0,,0.0,
5115,train,1.0,1.0,HUMAN,2.0,Calgary;Alberta
5117,train,1.0,1.0,SUPPORT,1.0,Calgary
5118,train,0.0,1.0,,0.0,
5119,train,1.0,1.0,INFRA,2.0,Memorial Drive;Calgary;Alberta
5121,train,0.0,1.0,,0.0,
5122,train,0.0,1.0,,0.0,
5123,train,0.0,1.0,,0.0,
5124,train,0.0,1.0,,0.0,
5125,train,1.0,1.0,INFRA,1.0,Calgary
5126,train,1.0,1.0,NEEDS,2.0,Calgary Dream Centre;Salvation Army Centre of Hope;Calgary
5127,train,0.0,1.0,,0.0,
5128,train,1.0,1.0,AID,1.0,Manitoba;Alberta
5129,train,0.0,1.0,,0.0,
5130,train,1.0,1.0,INFRA,2.0,Calgary;Alberta
5131,train,1.0,1.0,AID,1.0,Calgary
5132,train,1.0,1.0,AID,1.0,Cayley Colony;Nanton;Alberta
5134,train,0.0,1.0,,0.0,
5135,train,1.0,1.0,INFRA,2.0,Calgary
5137,train,1.0,1.0,ADVISORY,2.0,Calgary
5139,train,1.0,1.0,SUPPORT,1.0,Calgary
5140,train,1.0,1.0,ADVISORY,2.0,Medicine Hat;Calgary
5141,train,0.0,1.0,,0.0,
5142,train,1.0,1.0,INFRA,2.0,Memorial Drive;Crowchild Trail NW;4th Street NW;Calgary
5143,train,0.0,1.0,,0.0,
5144,train,0.0,1.0,,0.0,
5145,train,0.0,1.0,,0.0,
5146,train,1.0,1.0,INFRA,2.0,Calgary
3748,train,1.0,1.0,AID,1.0,CHARCUT;Calgary
5148,train,1.0,1.0,OTHER,1.0,Calgary
5149,train,0.0,1.0,,0.0,
5151,train,0.0,1.0,,0.0,
5152,train,1.0,1.0,SUPPORT,1.0,India;Calgary
5153,train,1.0,1.0,SUPPORT,1.0,Calgary;Alberta
5154,train,1.0,1.0,HUMAN,2.0,Calgary
5155,train,1.0,1.0,AID,1.0,Alberta
5156,train,1.0,1.0,OTHER,1.0,Calgary
2954,train,1.0,1.0,OTHER,2.0,Calgary;Alberta
5158,train,1.0,1.0,EVAC,2.0,Calgary
5160,train,1.0,1.0,OTHER,1.0,Alberta
5161,train,0.0,1.0,,0.0,
5162,train,1.0,1.0,INFRA,2.0,Inglewood;Calgary
5163,train,1.0,1.0,OTHER,1.0,Calgary
5165,train,1.0,1.0,OTHER,1.0,Alberta
5166,train,0.0,1.0,,0.0,
5168,train,1.0,1.0,OTHER,1.0,Alberta
5169,train,0.0,1.0,,0.0,
5170,train,0.0,1.0,,0.0,
5171,train,1.0,1.0,SUPPORT,1.0,Alberta
5172,train,0.0,0.7777777777777778,,0.0,
5173,train,0.0,1.0,,0.0,
5174,train,0.0,1.0,,0.0,
5175,train,0.0,1.0,,0.0,
5178,train,0.0,1.0,,0.0,
5179,train,0.0,1.0,,0.0,
5180,train,1.0,1.0,AID,1.0,Alberta
5182,train,1.0,1.0,OTHER,1.0,Calgary Zoo;Calgary
5183,train,1.0,1.0,SUPPORT,1.0,Alberta
5184,train,1.0,1.0,OTHER,1.0,Alberta
5186,train,0.0,1.0,,0.0,
5187,train,1.0,1.0,SUPPORT,1.0,Calgary;Alberta
5188,train,1.0,1.0,NEEDS,2.0,Alberta
5189,train,0.0,1.0,,0.0,
5190,train,0.0,1.0,,0.0,
4153,train,1.0,1.0,ADVISORY,1.0,Calgary
5192,train,0.0,1.0,,0.0,
5194,train,0.0,1.0,,0.0,
5195,train,0.0,1.0,,0.0,
5196,train,0.0,1.0,,0.0,
5198,train,1.0,0.8888888888888888,OTHER,1.0,Canada
5199,train,1.0,1.0,OTHER,1.0,Calgary
5202,train,0.0,1.0,,0.0,
5203,train,0.0,1.0,,0.0,
5204,train,1.0,1.0,INFRA,2.0,Calgary Zoo;St. George's Island;Calgary
5205,train,0.0,1.0,,0.0,
5206,train,0.0,1.0,,0.0,
5207,train,0.0,1.0,,0.0,
5208,train,0.0,1.0,,0.0,
5209,train,1.0,1.0,PROPERTY,1.0,Bow River;Calgary
5210,train,0.0,1.0,,0.0,
5211,train,0.0,1.0,,0.0,
5212,train,1.0,1.0,ADVISORY,1.0,Alberta
5213,train,1.0,1.0,NEEDS,1.0,Calgary
5214,train,1.0,1.0,INFRA,1.0,Calgary
5215,train,1.0,1.0,HUMAN,2.0,High River
5216,train,1.0,1.0,AID,1.0,Calgary Zoo;Calgary
5217,train,0.0,1.0,,0.0,
5218,train,1.0,1.0,SUPPORT,1.0,Bow River;Calgary
5219,train,0.0,1.0,,0.0,
5220,train,0.0,1.0,,0.0,
5221,train,0.0,1.0,,0.0,
5222,train,0.0,1.0,,0.0,
5223,train,1.0,0.8888888888888888,OTHER,1.0,Calgary;Banff
5224,train,1.0,1.0,OTHER,1.0,Calgary
5225,train,1.0,1.0,OTHER,1.0,Alberta;Calgary
5226,train,0.0,1.0,,0.0,
5227,train,0.0,1.0,,0.0,
5228,train,0.0,1.0,,0.0,
3222,train,1.0,1.0,AID,1.0,Tsuu T'ina;Buffalo Run Golf Course
5231,train,0.0,1.0,,0.0,
5232,train,1.0,1.0,SUPPORT,1.0,Alberta
5233,train,1.0,1.0,ADVISORY,1.0,Alberta
5234,train,1.0,1.0,INFRA,2.0,Calgary
5235,train,1.0,1.0,AID,2.0,High River
5236,train,1.0,1.0,AID,1.0,Morley;Siksika;Edmonton
5237,train,0.0,1.0,,0.0,
5238,train,0.0,1.0,,0.0,
5239,train,1.0,1.0,ADVISORY,1.0,Alberta
5240,train,1.0,1.0,SUPPORT,1.0,Western Canada
5241,train,0.0,1.0,,0.0,
5243,train,0.0,0.8888888888888888,,0.0,
5244,train,0.0,1.0,,0.0,
5245,train,1.0,1.0,PROPERTY,2.0,Calgary
5246,train,1.0,1.0,ADVISORY,1.0,High River;Alberta
5247,train,1.0,1.0,ADVISORY,1.0,Calgary
5248,train,1.0,1.0,SUPPORT,1.0,Calgary;Alberta
5249,train,0.0,1.0,,0.0,
5250,train,0.0,1.0,,0.0,
5252,train,1.0,1.0,SUPPORT,1.0,Calgary
5253,train,0.0,1.0,,0.0,
5254,train,1.0,1.0,INFRA,1.0,Calgary
5255,train,0.0,1.0,,0.0,
5256,train,0.0,1.0,,0.0,
5257,train,1.0,1.0,OTHER,1.0,Calgary
5258,train,0.0,0.8888888888888888,,0.0,
5260,train,0.0,0.5555555555555556,,0.0,
5261,train,0.0,1.0,,0.0,
5262,train,0.0,1.0,,0.0,
5263,train,0.0,1.0,,0.0,
5264,train,0.0,0.7777777777777778,,0.0,
5265,train,0.0,1.0,,0.0,
5267,train,0.0,1.0,,0.0,
5268,train,0.0,1.0,,0.0,
5269,train,0.0,1.0,,0.0,
5270,train,1.0,1.0,SUPPORT,1.0,Calgary
5271,train,0.0,1.0,,0.0,
66,train,0.0,1.0,,0.0,
5273,train,0.0,1.0,,0.0,
5274,train,0.0,1.0,,0.0,
5275,train,1.0,1.0,AID,1.0,Alberta
5276,train,0.0,1.0,,0.0,
5277,train,0.0,1.0,,0.0,
5278,train,0.0,1.0,,0.0,
5279,train,0.0,0.7777777777777778,,0.0,
5280,train,1.0,1.0,OTHER,1.0,High River
5283,train,1.0,1.0,AID,1.0,Alberta
5284,train,1.0,1.0,INFRA,1.0,Kensington;Calgary
5285,train,0.0,1.0,,0.0,
5288,train,1.0,1.0,HUMAN,1.0,High River;Alberta
5289,train,0.0,1.0,,0.0,
5290,train,1.0,1.0,EVAC,1.0,Calgary
5291,train,1.0,1.0,INFRA,2.0,Lindsay Park;Calgary
5293,train,0.0,1.0,,0.0,
5294,train,0.0,1.0,,0.0,
5295,train,0.0,1.0,,0.0,
5296,train,0.0,1.0,,0.0,
5297,train,1.0,1.0,OTHER,1.0,Calgary
5298,train,1.0,1.0,SUPPORT,1.0,Calgary
5301,train,0.0,1.0,,0.0,
5302,train,1.0,1.0,SUPPORT,1.0,Calgary
5303,train,1.0,1.0,SUPPORT,1.0,Calgary
5304,train,1.0,1.0,PROPERTY,1.0,Canada
5305,train,1.0,1.0,SUPPORT,1.0,Calgary
5306,train,0.0,1.0,,0.0,
5308,train,0.0,1.0,,0.0,
5309,train,1.0,1.0,PROPERTY,1.0,Calgary
5310,train,1.0,1.0,OTHER,1.0,Calgary
5311,train,0.0,1.0,,0.0,
5313,train,0.0,1.0,,0.0,
5314,train,0.0,1.0,,0.0,
5315,train,1.0,1.0,AID,2.0,Bowness;Calgary
5316,train,0.0,1.0,,0.0,
5317,train,1.0,1.0,INFRA,2.0,Calgary
5318,train,1.0,1.0,AID,1.0,Alberta
5319,train,1.0,1.0,EVAC,2.0,Calgary
5320,train,1.0,1.0,EVAC,2.0,Chaparral Valley;Calgary
5321,train,0.0,1.0,,0.0,
5322,train,0.0,1.0,,0.0,
5323,train,0.0,1.0,,0.0,
5324,train,0.0,1.0,,0.0,
5325,train,1.0,1.0,AID,2.0,Bowness;Calgary
5326,train,0.0,1.0,,0.0,
5327,train,1.0,1.0,PROPERTY,1.0,Alberta
5328,train,0.0,1.0,,0.0,
5329,train,1.0,1.0,ADVISORY,2.0,High River;Alberta
5330,train,0.0,1.0,,0.0,
5331,train,1.0,1.0,INFRA,2.0,Elbow River;Calgary
5332,train,0.0,1.0,,0.0,
5333,train,1.0,1.0,ADVISORY,1.0,Calgary
5334,train,0.0,1.0,,0.0,
5335,train,1.0,1.0,HUMAN,2.0,High River
5336,train,0.0,0.6666666666666666,,0.0,
5337,train,1.0,1.0,OTHER,1.0,Canada
5338,train,0.0,1.0,,0.0,
5339,train,0.0,1.0,,0.0,
5340,train,0.0,1.0,,0.0,
5341,train,0.0,1.0,,0.0,
5342,train,0.0,1.0,,0.0,
5343,train,0.0,1.0,,0.0,
5344,train,0.0,1.0,,0.0,
5345,train,1.0,1.0,INFRA,2.0,Calgary
5346,train,0.0,1.0,,0.0,
5347,train,1.0,1.0,ADVISORY,1.0,Ogden Road;17 Street S.E.;Calgary
5348,train,0.0,1.0,,0.0,
5349,train,1.0,1.0,OTHER,1.0,Calgary
5350,train,0.0,1.0,,0.0,
2696,train,1.0,1.0,EVAC,1.0,Calgary
5352,train,0.0,1.0,,0.0,
5353,train,1.0,1.0,AID,2.0,McMahon Stadium
5354,train,0.0,1.0,,0.0,
5355,train,0.0,1.0,,0.0,
5356,train,1.0,1.0,ADVISORY,2.0,Calgary
5357,train,1.0,1.0,ADVISORY,1.0,Calgary
5358,train,0.0,1.0,,0.0,
5359,train,1.0,1.0,PROPERTY,1.0,Calgary
5360,train,1.0,1.0,PROPERTY,2.0,Bow River;Silver Springs;Bowmont Park;Calgary
5361,train,0.0,1.0,,0.0,
5362,train,0.0,1.0,,0.0,
5363,train,0.0,1.0,,0.0,
5364,train,1.0,1.0,OTHER,1.0,Calgary;Alberta
5365,train,1.0,1.0,SUPPORT,1.0,Scotiabank Saddledome;Calgary
5367,train,0.0,1.0,,0.0,
5368,train,0.0,1.0,,0.0,
5369,train,1.0,1.0,ADVISORY,1.0,Calgary
5370,train,0.0,1.0,,0.0,
5371,train,1.0,1.0,PROPERTY,1.0,Calgary
5372,train,0.0,1.0,,0.0,
5373,train,1.0,1.0,ADVISORY,1.0,Alberta
30,train,1.0,1.0,OTHER,1.0,Peace Bridge;Calgary
5377,train,1.0,1.0,OTHER,1.0,Calgary;Canada
5378,train,0.0,0.8888888888888888,,0.0,
5379,train,0.0,0.8888888888888888,,0.0,
5380,train,0.0,1.0,,0.0,
5381,train,1.0,1.0,INFRA,2.0,Bonnybrook Bridge;Calgary
5382,train,0.0,1.0,,0.0,
5383,train,0.0,1.0,,0.0,
5384,train,1.0,1.0,EVAC,2.0,Siksika Nation
5385,train,0.0,1.0,,0.0,
5386,train,1.0,1.0,AID,1.0,McMahon Stadium;Calgary
5387,train,1.0,1.0,AID,2.0,High River;Vulcan
5389,train,1.0,1.0,AID,1.0,Calgary
5390,train,0.0,1.0,,0.0,
5391,train,0.0,1.0,,0.0,
5392,train,0.0,1.0,,0.0,
5393,train,1.0,0.8888888888888888,INFRA,1.0,Bow River;Inglewood
5394,train,0.0,1.0,,0.0,
5395,train,1.0,1.0,OTHER,1.0,Alberta
5396,train,1.0,1.0,PROPERTY,2.0,Bow River;Chaparral Valley;Calgary
5397,train,0.0,1.0,,0.0,
5398,train,0.0,1.0,,0.0,
5399,train,0.0,0.8888888888888888,,0.0,
5400,train,1.0,1.0,HUMAN,2.0,Siksika First Nation
5401,train,1.0,1.0,OTHER,1.0,Calgary Zoo
5402,train,0.0,1.0,,0.0,
5403,train,0.0,1.0,,0.0,
3519,train,1.0,1.0,AID,1.0,Alberta;Edmonton
5405,train,0.0,1.0,,0.0,
5407,train,0.0,1.0,,0.0,
5408,train,1.0,1.0,AID,1.0,Shawnessy;Somerset;Calgary
5409,train,1.0,1.0,HUMAN,1.0,Calgary;Alberta
5411,train,1.0,1.0,AID,1.0,Calgary
5412,train,0.0,1.0,,0.0,
5413,train,0.0,1.0,,0.0,
5414,train,0.0,1.0,,0.0,
5415,train,0.0,1.0,,0.0,
5416,train,0.0,1.0,,0.0,
5417,train,1.0,1.0,EVAC,2.0,Downtown Calgary;Calgary;Alberta
5418,train,1.0,1.0,AID,1.0,Calgary
5419,train,0.0,1.0,,0.0,
5420,train,1.0,1.0,INFRA,1.0,Calgary
5422,train,0.0,1.0,,0.0,
5423,train,0.0,1.0,,0.0,
5424,train,1.0,1.0,INFRA,2.0,Memorial Drive;Edmonton Trail;Deerfoot Trail
5425,train,1.0,1.0,SUPPORT,1.0,Calgary;Alberta;Canada
5426,train,1.0,1.0,INFRA,2.0,Calgary;McKnight
5428,train,1.0,1.0,EVAC,2.0,Medicine Hat
5429,train,1.0,1.0,OTHER,1.0,Calgary
5430,train,1.0,1.0,NEEDS,3.0,Chinatown
5431,train,1.0,1.0,AID,1.0,Marda Loop;Calgary
5432,train,0.0,1.0,,0.0,
5433,train,0.0,1.0,,0.0,
5434,train,0.0,1.0,,0.0,
5435,train,0.0,1.0,,0.0,
5436,train,1.0,1.0,AID,1.0,Alberta
5437,train,1.0,1.0,ADVISORY,2.0,Canmore;Cougar Creek
2178,train,1.0,1.0,INFRA,2.0,Macleod Trail;Calgary
5439,train,0.0,1.0,,0.0,
5441,train,1.0,1.0,AID,1.0,High River
5442,train,0.0,1.0,,0.0,
5443,train,1.0,1.0,ADVISORY,2.0,Medicine Hat
5444,train,0.0,1.0,,0.0,
5447,train,1.0,1.0,OTHER,1.0,Calgary
5448,train,0.0,1.0,,0.0,
5449,train,1.0,1.0,EVAC,1.0,Medicine Hat
5450,train,1.0,1.0,EVAC,1.0,Calgary Zoo;Calgary
5452,train,1.0,1.0,AID,1.0,Calgary;Edmonton
5453,train,1.0,1.0,PROPERTY,2.0,Calgary
5454,train,0.0,1.0,,0.0,
5455,train,1.0,1.0,OTHER,1.0,Calgary
5456,train,1.0,1.0,OTHER,1.0,Beddington;Calgary
5457,train,0.0,1.0,,0.0,
5458,train,0.0,1.0,,0.0,
5459,train,1.0,1.0,AID,1.0,Calgary
5460,train,0.0,1.0,,0.0,
5461,train,0.0,1.0,,0.0,
5462,train,1.0,1.0,OTHER,1.0,Alberta;Quebec
5463,train,0.0,1.0,,0.0,
5464,train,1.0,1.0,OTHER,1.0,Calgary;Alberta
5465,train,1.0,1.0,AID,1.0,Calgary
5467,train,0.0,1.0,,0.0,
5468,train,1.0,1.0,HUMAN,2.0,Alberta;High River
5469,train,1.0,1.0,SUPPORT,1.0,Calgary
5470,train,0.0,1.0,,0.0,
5471,train,1.0,1.0,ADVISORY,1.0,Downtown Calgary;Calgary;Alberta
5472,train,1.0,1.0,AID,1.0,Alberta
5473,train,0.0,1.0,,0.0,
5474,train,0.0,1.0,,0.0,
5475,train,0.0,1.0,,0.0,
5476,train,1.0,1.0,PROPERTY,1.0,Calgary;Alberta
5478,train,0.0,1.0,,0.0,
5479,train,0.0,1.0,,0.0,
5480,train,1.0,1.0,SUPPORT,1.0,Alberta
5481,train,1.0,1.0,AID,1.0,Alberta
5482,train,0.0,1.0,,0.0,
5483,train,1.0,1.0,SUPPORT,1.0,Alberta
5484,train,0.0,1.0,,0.0,
5485,train,0.0,1.0,,0.0,
5486,train,1.0,1.0,AID,1.0,Lethbridge
5487,train,1.0,1.0,AID,1.0,Lethbridge;High River
5488,train,0.0,1.0,,0.0,
5491,train,0.0,1.0,,0.0,
5492,train,0.0,1.0,,0.0,
5493,train,1.0,1.0,AID,1.0,Calgary
5494,train,0.0,1.0,,0.0,
5495,train,0.0,1.0,,0.0,
5496,train,1.0,1.0,INFRA,2.0,Banff;Lake Louise
5497,train,1.0,1.0,OTHER,1.0,Calgary
5498,train,1.0,1.0,NEEDS,3.0,Siksika
5499,train,1.0,1.0,SUPPORT,1.0,Calgary
5500,train,0.0,1.0,,0.0,
5501,train,1.0,1.0,AID,1.0,Calgary
706,train,1.0,1.0,ADVISORY,2.0,Scotiabank Saddledome;Calgary
5503,train,0.0,1.0,,0.0,
1734,train,1.0,1.0,HUMAN,1.0,Calgary
5505,train,0.0,1.0,,0.0,
5506,train,0.0,1.0,,0.0,
5507,train,1.0,1.0,ADVISORY,1.0,Banff;Alberta
5508,train,1.0,1.0,ADVISORY,1.0,Calgary
1757,train,1.0,1.0,AID,1.0,Alberta
5510,train,0.0,1.0,,0.0,
5511,train,0.0,1.0,,0.0,
5512,train,1.0,1.0,AID,1.0,Alberta
5513,train,1.0,1.0,AID,1.0,Calgary
5517,train,1.0,1.0,AID,1.0,Southern Alberta
5518,train,1.0,1.0,AID,1.0,Alberta
5519,train,0.0,1.0,,0.0,
5520,train,0.0,1.0,,0.0,
5521,train,1.0,1.0,OTHER,1.0,Alberta
5522,train,1.0,1.0,AID,1.0,Calgary
5523,train,1.0,1.0,SUPPORT,1.0,Canada
5524,train,0.0,1.0,,0.0,
5525,train,1.0,0.7777777777777778,PROPERTY,2.0,
5526,train,1.0,1.0,ADVISORY,1.0,Calgary
5527,train,1.0,1.0,ADVISORY,1.0,Calgary
5528,train,1.0,1.0,PROPERTY,1.0,High River
5529,train,0.0,1.0,,0.0,
5530,train,1.0,1.0,OTHER,1.0,Calgary Zoo
5531,train,1.0,1.0,SUPPORT,1.0,Calgary;Alberta
5167,train,1.0,1.0,SUPPORT,1.0,Calgary
5533,train,1.0,1.0,ADVISORY,1.0,Calgary
5534,train,0.0,1.0,,0.0,
5537,train,0.0,1.0,,0.0,
5538,train,1.0,1.0,HUMAN,2.0,Alberta;Calgary
4106,train,1.0,1.0,PROPERTY,1.0,Scotiabank Saddledome
5540,train,0.0,1.0,,0.0,
5541,train,1.0,1.0,OTHER,1.0,Calgary
5542,train,0.0,1.0,,0.0,
5543,train,0.0,1.0,,0.0,
5544,train,1.0,1.0,OTHER,1.0,Alberta
732,train,1.0,1.0,ADVISORY,2.0,Alberta
5547,train,1.0,1.0,AID,1.0,Alberta
5549,train,1.0,1.0,OTHER,1.0,Calgary
5550,train,0.0,1.0,,0.0,
5551,train,1.0,1.0,OTHER,1.0,Calgary
5552,train,0.0,1.0,,0.0,
5553,train,1.0,1.0,OTHER,1.0,Bow River;Alberta;Calgary
5554,train,1.0,1.0,AID,1.0,Alberta
5555,train,1.0,1.0,ADVISORY,1.0,Alberta;Calgary
5556,train,0.0,1.0,,0.0,
5557,train,0.0,1.0,,0.0,
5559,train,1.0,1.0,AID,1.0,Alberta
5560,train,1.0,1.0,INFRA,2.0,Elbow Park;Sifton Boulevard;Calgary
5561,train,0.0,1.0,,0.0,
5562,train,0.0,1.0,,0.0,
5563,train,1.0,1.0,HUMAN,2.0,Calgary
5564,train,1.0,1.0,AID,1.0,Calgary
5565,train,0.0,1.0,,0.0,
5566,train,1.0,1.0,SUPPORT,1.0,Alberta;Calgary
5567,train,1.0,1.0,SUPPORT,1.0,Calgary
5568,train,0.0,1.0,,0.0,
5569,train,1.0,1.0,AID,1.0,Calgary
5570,train,1.0,0.8888888888888888,PROPERTY,1.0,Canmore
5571,train,1.0,1.0,SUPPORT,1.0,Alberta
5573,train,0.0,1.0,,0.0,
5575,train,0.0,1.0,,0.0,
5576,train,0.0,1.0,,0.0,
5577,train,0.0,1.0,,0.0,
5578,train,0.0,1.0,,0.0,
5579,train,1.0,1.0,OTHER,1.0,Calgary
5580,train,1.0,1.0,PROPERTY,1.0,Stampede Park;Calgary
5581,train,0.0,1.0,,0.0,
3753,train,1.0,1.0,SUPPORT,1.0,Calgary
5585,train,0.0,1.0,,0.0,
5586,train,0.0,1.0,,0.0,
5587,train,1.0,1.0,PROPERTY,2.0,Bowness;Calgary
5588,train,1.0,1.0,SUPPORT,1.0,Calgary
5589,train,0.0,1.0,,0.0,
5590,train,1.0,1.0,AID,1.0,Alberta
5591,train,1.0,1.0,OTHER,1.0,Calgary
5592,train,1.0,1.0,OTHER,1.0,Calgary;Alberta
5593,train,0.0,1.0,,0.0,
5594,train,0.0,1.0,,0.0,
5596,train,0.0,1.0,,0.0,
5597,train,0.0,1.0,,0.0,
5598,train,0.0,1.0,,0.0,
5599,train,1.0,1.0,NEEDS,3.0,Eden Valley
5600,train,0.0,1.0,,0.0,
5601,train,1.0,1.0,PROPERTY,2.0,Rideau Junior High School;St. Mary's High School;Calgary
5602,train,0.0,1.0,,0.0,
5603,train,0.0,1.0,,0.0,
5604,train,1.0,1.0,ADVISORY,1.0,Calgary
5605,train,0.0,1.0,,0.0,
5607,train,0.0,1.0,,0.0,
5608,train,1.0,1.0,AID,1.0,
5610,train,0.0,1.0,,0.0,
5611,train,1.0,1.0,OTHER,1.0,Calgary;Alberta
5612,train,1.0,1.0,SUPPORT,1.0,Calgary
5613,train,1.0,1.0,HUMAN,2.0,High River
5614,train,0.0,1.0,,0.0,
5615,train,1.0,1.0,OTHER,1.0,Calgary
5616,train,0.0,1.0,,0.0,
5617,train,0.0,1.0,,0.0,
5618,train,0.0,1.0,,0.0,
5619,train,1.0,1.0,ADVISORY,1.0,University of Calgary;Calgary
5620,train,1.0,1.0,PROPERTY,1.0,Calgary
5621,train,1.0,1.0,INFRA,2.0,Medicine Hat;Trans-Canada Highway
5622,train,0.0,1.0,,0.0,
5623,train,1.0,1.0,ADVISORY,1.0,Calgary
5624,train,0.0,1.0,,0.0,
5625,train,0.0,1.0,,0.0,
5626,train,0.0,1.0,,0.0,
5627,train,1.0,1.0,EVAC,2.0,High River;University of Lethbridge
5514,train,0.0,1.0,,0.0,
5515,train,0.0,1.0,,0.0,
5516,train,0.0,1.0,,0.0,
5628,train,1.0,1.0,OTHER,1.0,Calgary
5629,train,0.0,0.8888888888888888,,0.0,
5631,train,0.0,1.0,,0.0,
5632,train,1.0,1.0,NEEDS,2.0,Siksika Nation
5633,train,0.0,1.0,,0.0,
5634,train,0.0,1.0,,0.0,
5635,train,1.0,1.0,EVAC,1.0,High River
5636,train,0.0,1.0,,0.0,
5637,train,1.0,1.0,SUPPORT,1.0,Calgary
5639,train,1.0,1.0,OTHER,1.0,Calgary
5640,train,1.0,1.0,PROPERTY,1.0,Calgary;Saddledome
5641,train,1.0,1.0,ADVISORY,1.0,Erlton
4440,train,1.0,1.0,AID,1.0,Southern Alberta
5643,train,1.0,1.0,HUMAN,1.0,Alberta
5644,train,0.0,1.0,,0.0,
5645,train,0.0,1.0,,0.0,
5646,train,1.0,1.0,EVAC,1.0,Calgary;Downtown Calgary
5648,train,1.0,1.0,INFRA,2.0,Calgary
500,train,1.0,1.0,PROPERTY,2.0,Calgary;Saddledome
5650,train,1.0,1.0,NEEDS,2.0,7904 43rd ave NW;Bowness
5652,train,0.0,1.0,,0.0,
496,train,0.0,1.0,,0.0,
5656,train,0.0,1.0,,0.0,
5658,train,1.0,1.0,INFRA,2.0,Calgary
5659,train,1.0,1.0,EVAC,2.0,Alberta
5660,train,1.0,1.0,AID,1.0,Alberta
5661,train,1.0,1.0,NEEDS,2.0,Calgary
5662,train,1.0,0.8888888888888888,OTHER,1.0,
5663,train,1.0,1.0,ADVISORY,2.0,Calgary
5299,train,0.0,1.0,,0.0,
5666,train,1.0,1.0,HUMAN,2.0,Calgary
5667,train,0.0,1.0,,0.0,
5668,train,1.0,1.0,SUPPORT,1.0,
5669,train,1.0,1.0,AID,1.0,Mission;Safeway lot
5670,train,1.0,1.0,INFRA,2.0,Siksika Nation
5671,train,1.0,0.7777777777777778,OTHER,1.0,
5673,train,0.0,1.0,,0.0,
5674,train,1.0,1.0,PROPERTY,2.0,Canmore
5675,train,1.0,1.0,AID,1.0,Calgary
5676,train,1.0,1.0,AID,1.0,Calgary;Calgary Stampede
5677,train,0.0,1.0,,0.0,
5678,train,0.0,1.0,,0.0,
5679,train,1.0,1.0,INFRA,2.0,Trans-Canada Highway;Highway 1
5680,train,1.0,1.0,ADVISORY,2.0,South Saskatchewan River;Medicine Hat
5681,train,0.0,1.0,,0.0,
5682,train,0.0,1.0,,0.0,
5683,train,1.0,1.0,AID,1.0,Calgary
5684,train,1.0,1.0,OTHER,1.0,Alberta
5686,train,0.0,1.0,,0.0,
5687,train,0.0,1.0,,0.0,
5688,train,1.0,1.0,AID,1.0,Calgary
5689,train,1.0,1.0,INFRA,1.0,Alberta
5690,train,1.0,0.6666666666666666,AID,1.0,
5691,train,1.0,1.0,SUPPORT,1.0,Calgary
5692,train,0.0,1.0,,0.0,
5693,train,0.0,1.0,,0.0,
5694,train,1.0,1.0,INFRA,1.0,
5695,train,0.0,1.0,,0.0,
5696,train,0.0,0.7777777777777778,,0.0,
5697,train,0.0,1.0,,0.0,
5698,train,1.0,1.0,AID,1.0,Calgary
5699,train,0.0,1.0,,0.0,
5701,train,1.0,0.8888888888888888,ADVISORY,1.0,Crossroads Market
5702,train,1.0,1.0,OTHER,1.0,Rockies
5703,train,1.0,1.0,AID,1.0,Beltline;Calgary
5705,train,0.0,1.0,,0.0,
5706,train,0.0,1.0,,0.0,
5707,train,0.0,1.0,,0.0,
5708,train,1.0,1.0,SUPPORT,1.0,Calgary
5709,train,1.0,1.0,OTHER,1.0,Alberta
5710,train,1.0,1.0,AID,1.0,Calgary
5711,train,0.0,1.0,,0.0,
5712,train,0.0,0.8888888888888888,,0.0,
5713,train,1.0,1.0,AID,1.0,Calgary
5714,train,0.0,1.0,,0.0,
5715,train,0.0,1.0,,0.0,
5716,train,1.0,1.0,INFRA,2.0,Macleod Trail;61 Ave SW;Calgary
5717,train,1.0,1.0,NEEDS,2.0,Calgary
5718,train,1.0,1.0,PROPERTY,1.0,Calgary
5719,train,1.0,1.0,AID,1.0,Ward 12;Calgary
5720,train,0.0,1.0,,0.0,
5722,train,0.0,1.0,,0.0,
5723,train,0.0,1.0,,0.0,
5724,train,1.0,1.0,OTHER,1.0,Calgary;Alberta
5725,train,1.0,0.8888888888888888,OTHER,1.0,Calgary
5726,train,0.0,1.0,,0.0,
5727,train,1.0,1.0,ADVISORY,1.0,High River
5728,train,1.0,1.0,SUPPORT,1.0,Calgary
5729,train,1.0,1.0,SUPPORT,1.0,Calgary
5730,train,1.0,1.0,PROPERTY,2.0,Elbow River;Calgary
5731,train,0.0,1.0,,0.0,
5732,train,1.0,1.0,HUMAN,2.0,Calgary
180,train,1.0,1.0,SUPPORT,1.0,Calgary;Alberta
5734,train,1.0,1.0,INFRA,2.0,Calgary;Calgary Transit south line
5735,train,0.0,1.0,,0.0,
5736,train,1.0,1.0,AID,1.0,Calgary
5737,train,1.0,1.0,INFRA,2.0,Beltline;Calgary
5738,train,1.0,0.7777777777777778,PROPERTY,1.0,
5739,train,0.0,1.0,,0.0,
5740,train,1.0,1.0,PROPERTY,2.0,Saddledome;Calgary
5741,train,0.0,1.0,,0.0,
5742,train,0.0,1.0,,0.0,
5743,train,0.0,1.0,,0.0,
5744,train,0.0,1.0,,0.0,
5745,train,1.0,1.0,AID,1.0,Bonavista Recreation Centre;Calgary
5746,train,1.0,1.0,HUMAN,1.0,High River
5747,train,1.0,1.0,PROPERTY,1.0,Sheep River
5748,train,0.0,1.0,,0.0,
5749,train,1.0,1.0,INFRA,2.0,Medicine Hat
5750,train,1.0,1.0,ADVISORY,1.0,
5751,train,0.0,1.0,,0.0,
5752,train,1.0,1.0,SUPPORT,1.0,Alberta
5753,train,0.0,1.0,,0.0,
5754,train,1.0,1.0,INFRA,1.0,Calgary;Alberta
5755,train,0.0,1.0,,0.0,
5756,train,0.0,1.0,,0.0,
5757,train,0.0,1.0,,0.0,
5759,train,0.0,1.0,,0.0,
5760,train,0.0,1.0,,0.0,
5761,train,0.0,1.0,,0.0,
5762,train,1.0,1.0,INFRA,2.0,Highway 1;Highway 1a;Canmore
5763,train,0.0,1.0,,0.0,
5764,train,1.0,1.0,AID,1.0,Sunnyside;Calgary
5765,train,1.0,1.0,AID,1.0,Coventry Hills
5767,train,1.0,1.0,SUPPORT,1.0,Calgary
5768,train,0.0,0.8888888888888888,,0.0,
5769,train,0.0,1.0,,0.0,
5770,train,1.0,1.0,OTHER,1.0,Alberta
5771,train,0.0,1.0,,0.0,
5774,train,1.0,1.0,PROPERTY,1.0,Calgary
5775,train,0.0,1.0,,0.0,
5776,train,0.0,1.0,,0.0,
5778,train,0.0,1.0,,0.0,
5779,train,1.0,1.0,SUPPORT,1.0,Calgary Stampede;Calgary
5780,train,1.0,1.0,HUMAN,1.0,Alberta
5781,train,0.0,0.8888888888888888,,0.0,
5783,train,1.0,1.0,HUMAN,1.0,Alberta
5784,train,0.0,1.0,,0.0,
5785,train,1.0,1.0,SUPPORT,1.0,Calgary
5786,train,0.0,1.0,,0.0,
5787,train,1.0,1.0,OTHER,1.0,Medicine Hat
5788,train,0.0,1.0,,0.0,
48,train,1.0,1.0,HUMAN,2.0,Alberta
5790,train,1.0,1.0,SUPPORT,1.0,Alberta;Calgary
5791,train,1.0,1.0,NEEDS,2.0,Calgary
5792,train,0.0,1.0,,0.0,
5793,train,1.0,1.0,ADVISORY,3.0,Alberta
5794,train,1.0,1.0,AID,1.0,Alberta
5795,train,0.0,1.0,,0.0,
5796,train,0.0,1.0,,0.0,
5798,train,1.0,1.0,AID,1.0,Alberta;Western Canada
5799,train,0.0,1.0,,0.0,
5800,train,1.0,1.0,SUPPORT,1.0,Calgary
5801,train,0.0,1.0,,0.0,
5802,train,1.0,1.0,HUMAN,2.0,Calgary
5803,train,1.0,1.0,SUPPORT,1.0,Calgary
5805,train,1.0,1.0,AID,1.0,Calgary
5806,train,0.0,1.0,,0.0,
5807,train,0.0,0.8888888888888888,,0.0,
5808,train,0.0,1.0,,0.0,
5809,train,0.0,1.0,,0.0,
5810,train,0.0,1.0,,0.0,
5811,train,1.0,1.0,AID,1.0,Commonwealth Stadium;Edmonton;Alberta
5812,train,1.0,1.0,OTHER,1.0,Calgary;Alberta
5813,train,1.0,1.0,AID,1.0,Stanley Park;Calgary
5814,train,0.0,1.0,,0.0,
5815,train,0.0,1.0,,0.0,
5816,train,1.0,1.0,ADVISORY,2.0,Calgary
5817,train,1.0,0.8888888888888888,SUPPORT,1.0,Calgary
5818,train,0.0,1.0,,0.0,
5819,train,0.0,1.0,,0.0,
5820,train,1.0,1.0,INFRA,2.0,Calgary
5821,train,1.0,1.0,INFRA,1.0,Canada
5822,train,1.0,1.0,SUPPORT,1.0,Alberta
5823,train,1.0,0.8888888888888888,AID,1.0,
5824,train,0.0,1.0,,0.0,
5827,train,0.0,1.0,,0.0,
5828,train,0.0,1.0,,0.0,
5829,train,1.0,1.0,OTHER,2.0,Calgary
5831,train,0.0,1.0,,0.0,
5832,train,0.0,1.0,,0.0,
5833,train,1.0,1.0,OTHER,1.0,Canadian Rockies
5834,train,1.0,1.0,HUMAN,2.0,Eau Claire;Calgary
5835,train,1.0,1.0,AID,1.0,Calgary
5836,train,1.0,1.0,EVAC,2.0,Calgary
5837,train,1.0,1.0,ADVISORY,2.0,Bowness;Calgary
5839,train,0.0,1.0,,0.0,
5840,train,0.0,1.0,,0.0,
5841,train,1.0,1.0,AID,1.0,Alberta
5842,train,0.0,1.0,,0.0,
5843,train,1.0,1.0,HUMAN,2.0,Saddle Ridge;Calgary
5844,train,1.0,1.0,HUMAN,3.0,Canmore
5845,train,0.0,1.0,,0.0,
5846,train,0.0,1.0,,0.0,
5847,train,1.0,1.0,INFRA,1.0,Edmonton;North Saskatchewan River
5849,train,1.0,1.0,AID,1.0,Edmonton;Calgary
5850,train,1.0,1.0,PROPERTY,1.0,Saddledome;Calgary
5851,train,0.0,1.0,,0.0,
5853,train,0.0,1.0,,0.0,
5854,train,1.0,1.0,OTHER,2.0,4th Ave
5855,train,1.0,1.0,INFRA,1.0,Bonnybrook Bridge;Calgary
5856,train,1.0,1.0,NEEDS,2.0,East Village;Calgary
5857,train,0.0,1.0,,0.0,
5858,train,0.0,1.0,,0.0,
5859,train,0.0,1.0,,0.0,
5860,train,1.0,1.0,HUMAN,2.0,Calgary
5861,train,1.0,1.0,AID,1.0,Calgary
5489,train,1.0,1.0,EVAC,2.0,Alberta
5864,train,1.0,1.0,ADVISORY,3.0,Calgary
5865,train,0.0,1.0,,0.0,
5866,train,1.0,1.0,OTHER,1.0,Alberta
5867,train,1.0,1.0,PROPERTY,2.0,Sunnyside;Calgary
5868,train,1.0,1.0,AID,1.0,Alberta
5869,train,0.0,0.8888888888888888,,0.0,
5870,train,1.0,1.0,OTHER,1.0,Calgary
5871,train,1.0,1.0,INFRA,1.0,Calgary
5872,train,0.0,1.0,,0.0,
5873,train,1.0,1.0,OTHER,1.0,Calgary
5874,train,1.0,1.0,OTHER,1.0,Calgary
5875,train,1.0,1.0,AID,1.0,Southern Alberta
5876,train,0.0,1.0,,0.0,
5878,train,1.0,1.0,OTHER,1.0,Calgary
5879,train,1.0,1.0,INFRA,2.0,
5880,train,1.0,1.0,INFRA,2.0,Calgary
5881,train,0.0,1.0,,0.0,
5882,train,0.0,1.0,,0.0,
5883,train,1.0,1.0,SUPPORT,1.0,Calgary
5886,train,1.0,1.0,AID,1.0,Calgary
5887,train,0.0,1.0,,0.0,
5888,train,0.0,1.0,,0.0,
5890,train,1.0,1.0,NEEDS,1.0,Bearberry;Alberta
5891,train,1.0,1.0,OTHER,1.0,Banff
5892,train,1.0,1.0,AID,1.0,Alberta
5893,train,1.0,1.0,ADVISORY,2.0,Medicine Hat;Saskatchewan
5894,train,1.0,1.0,ADVISORY,1.0,Calgary
5895,train,0.0,1.0,,0.0,
5896,train,1.0,1.0,OTHER,1.0,Calgary
5897,train,0.0,1.0,,0.0,
5898,train,1.0,1.0,SUPPORT,1.0,Calgary
5900,train,0.0,1.0,,0.0,
5901,train,0.0,1.0,,0.0,
5903,train,1.0,1.0,HUMAN,2.0,Western Canada
5904,train,0.0,1.0,,0.0,
5905,train,1.0,1.0,AID,1.0,Southern Alberta
5906,train,1.0,1.0,OTHER,1.0,Alberta
5907,train,0.0,1.0,,0.0,
5908,train,0.0,1.0,,0.0,
5909,train,0.0,0.8888888888888888,,0.0,
5910,train,0.0,1.0,,0.0,
5911,train,1.0,1.0,SUPPORT,1.0,Calgary;Canada
5913,train,1.0,1.0,OTHER,2.0,Chinook Mall;Calgary
5914,train,0.0,1.0,,0.0,
5915,train,1.0,1.0,AID,1.0,Calgary;Treaty 7
5916,train,0.0,1.0,,0.0,
5917,train,1.0,1.0,AID,2.0,Southland;Calgary
5918,train,1.0,1.0,ADVISORY,1.0,Calgary
5919,train,1.0,1.0,PROPERTY,2.0,Bowness;Calgary
5920,train,0.0,1.0,,0.0,
5921,train,0.0,1.0,,0.0,
5923,train,0.0,1.0,,0.0,
5924,train,1.0,1.0,EVAC,2.0,Calgary
5925,train,1.0,1.0,AID,1.0,Alberta
5926,train,1.0,1.0,HUMAN,2.0,Calgary
5927,train,0.0,1.0,,0.0,
5928,train,0.0,1.0,,0.0,
5929,train,1.0,1.0,ADVISORY,1.0,Calgary
5930,train,0.0,1.0,,0.0,
5932,train,0.0,0.8888888888888888,,0.0,
5935,train,1.0,1.0,AID,1.0,Calgary
5936,train,1.0,1.0,AID,1.0,Calgary
5937,train,0.0,1.0,,0.0,
5938,train,0.0,1.0,,0.0,
5939,train,0.0,1.0,,0.0,
5940,train,1.0,1.0,OTHER,2.0,Calgary
5941,train,0.0,1.0,,0.0,
5942,train,1.0,1.0,AID,1.0,Alberta
5242,train,1.0,1.0,INFRA,2.0,University of Calgary;Calgary
5944,train,0.0,1.0,,0.0,
5946,train,1.0,1.0,EVAC,2.0,Calgary;Alberta
5947,train,1.0,1.0,OTHER,1.0,Calgary
5948,train,1.0,1.0,SUPPORT,1.0,Calgary
5950,train,0.0,1.0,,0.0,
5951,train,0.0,0.8888888888888888,,0.0,
5952,train,1.0,1.0,EVAC,2.0,Calgary
5953,train,1.0,1.0,INFRA,2.0,Inglewood;Calgary
5954,train,0.0,1.0,,0.0,
5955,train,0.0,1.0,,0.0,
1637,train,1.0,1.0,PROPERTY,2.0,Siksika First Nation
5957,train,1.0,1.0,ADVISORY,1.0,Calgary
5959,train,0.0,1.0,,0.0,
5960,train,0.0,1.0,,0.0,
5961,train,1.0,1.0,SUPPORT,1.0,Calgary
5962,train,1.0,1.0,ADVISORY,1.0,Alberta
5963,train,1.0,1.0,SUPPORT,2.0,Canmore
5964,train,1.0,1.0,OTHER,1.0,Calgary
5965,train,0.0,1.0,,0.0,
5966,train,1.0,1.0,AID,1.0,Calgary
5967,train,0.0,1.0,,0.0,
5968,train,1.0,1.0,INFRA,2.0,Calgary
5969,train,0.0,1.0,,0.0,
5970,train,0.0,1.0,,0.0,
5971,train,0.0,0.5555555555555556,,0.0,
5972,train,1.0,1.0,SUPPORT,1.0,Calgary
5973,train,1.0,0.8888888888888888,AID,1.0,
5974,train,1.0,1.0,SUPPORT,1.0,Calgary
5975,train,1.0,1.0,OTHER,1.0,
5976,train,0.0,1.0,,0.0,
5977,train,1.0,0.8888888888888888,SUPPORT,1.0,
5979,train,0.0,1.0,,0.0,
5877,train,1.0,1.0,ADVISORY,1.0,Alberta
5981,train,0.0,1.0,,0.0,
5982,train,1.0,1.0,AID,1.0,Calgary
5983,train,1.0,1.0,OTHER,2.0,Saddledome;Calgary
5984,train,1.0,1.0,INFRA,1.0,MacLeod Trail;Calgary
5986,train,0.0,1.0,,0.0,
5987,train,1.0,1.0,EVAC,1.0,Calgary
5988,train,0.0,1.0,,0.0,
5989,train,0.0,1.0,,0.0,
5990,train,1.0,1.0,SUPPORT,1.0,Calgary
5991,train,1.0,1.0,AID,2.0,Calgary
5992,train,0.0,1.0,,0.0,
5993,train,1.0,1.0,OTHER,2.0,Alberta
5994,train,0.0,1.0,,0.0,
5995,train,1.0,1.0,SUPPORT,1.0,Calgary
5996,train,1.0,1.0,AID,1.0,Calgary
5997,train,1.0,1.0,ADVISORY,1.0,Lethbridge
5998,train,1.0,1.0,EVAC,2.0,Elbow Park;Calgary
5999,train,0.0,1.0,,0.0,
6000,train,0.0,1.0,,0.0,
6001,train,0.0,1.0,,0.0,
6002,train,1.0,1.0,ADVISORY,2.0,Calgary;Alberta
6003,train,1.0,1.0,SUPPORT,1.0,Alberta
6004,train,1.0,1.0,SUPPORT,1.0,Calgary
6005,train,1.0,1.0,INFRA,1.0,Alberta
6006,train,0.0,1.0,,0.0,
6007,train,0.0,1.0,,0.0,
6008,train,1.0,1.0,NEEDS,3.0,Siksika Nation
6009,train,1.0,1.0,SUPPORT,1.0,Alberta
6010,train,0.0,1.0,,0.0,
6011,train,0.0,1.0,,0.0,
6012,train,1.0,1.0,OTHER,1.0,
6013,train,0.0,1.0,,0.0,
6014,train,0.0,0.8888888888888888,,0.0,
6015,train,1.0,1.0,AID,1.0,Calgary
6016,train,1.0,1.0,SUPPORT,1.0,Calgary
6017,train,0.0,1.0,,0.0,
6018,train,0.0,1.0,,0.0,
6019,train,1.0,1.0,AID,2.0,Southern Alberta
6020,train,1.0,1.0,OTHER,1.0,Alberta
6021,train,0.0,1.0,,0.0,
6022,train,1.0,1.0,SUPPORT,1.0,Calgary
6023,train,0.0,1.0,,0.0,
6024,train,0.0,1.0,,0.0,
6025,train,0.0,1.0,,0.0,
6026,train,0.0,1.0,,0.0,
6027,train,1.0,1.0,INFRA,2.0,Alberta;Calgary
3736,train,1.0,1.0,INFRA,2.0,Calgary
6029,train,1.0,1.0,AID,2.0,Alberta
6030,train,0.0,0.7777777777777778,,0.0,
6031,train,0.0,1.0,,0.0,
6032,train,1.0,1.0,ADVISORY,1.0,Alberta
6033,train,0.0,0.8888888888888888,,0.0,
6034,train,0.0,1.0,,0.0,
6035,train,0.0,1.0,,0.0,
6037,train,1.0,1.0,OTHER,2.0,Calgary Zoo;Calgary
6038,train,1.0,1.0,ADVISORY,2.0,Red Deer River;Red Deer
6039,train,1.0,1.0,OTHER,1.0,Calgary
6040,train,1.0,1.0,ADVISORY,2.0,High River
6041,train,0.0,1.0,,0.0,
6042,train,0.0,1.0,,0.0,
6043,train,0.0,1.0,,0.0,
6044,train,1.0,1.0,OTHER,1.0,Calgary
6045,train,0.0,1.0,,0.0,
6046,train,0.0,1.0,,0.0,
1430,train,1.0,1.0,HUMAN,2.0,Calgary;Canada
6049,train,0.0,1.0,,0.0,
6050,train,0.0,1.0,,0.0,
6052,train,0.0,1.0,,0.0,
6053,train,1.0,1.0,SUPPORT,1.0,Calgary
6054,train,1.0,1.0,AID,2.0,Calgary
6055,train,0.0,1.0,,0.0,
6057,train,1.0,1.0,PROPERTY,2.0,Calgary
6058,train,0.0,1.0,,0.0,
6059,train,0.0,1.0,,0.0,
6062,train,1.0,1.0,PROPERTY,2.0,Calgary
6063,train,0.0,1.0,,0.0,
6064,train,0.0,1.0,,0.0,
6065,train,1.0,1.0,AID,2.0,Alberta
6066,train,1.0,1.0,AID,1.0,Calgary
6067,train,0.0,1.0,,0.0,
6068,train,0.0,1.0,,0.0,
6069,train,0.0,1.0,,0.0,
6070,train,0.0,1.0,,0.0,
6071,train,1.0,1.0,OTHER,1.0,Calgary
6072,train,1.0,1.0,AID,1.0,Alberta
6073,train,0.0,1.0,,0.0,
6074,train,1.0,1.0,OTHER,2.0,Calgary Zoo;Calgary
6075,train,0.0,1.0,,0.0,
6076,train,1.0,1.0,SUPPORT,1.0,Alberta
6077,train,1.0,1.0,AID,1.0,Calgary
6078,train,1.0,1.0,AID,1.0,Calgary Centre;Calgary
6079,train,0.0,1.0,,0.0,
6082,train,0.0,1.0,,0.0,
6083,train,0.0,0.8888888888888888,,0.0,
6084,train,1.0,1.0,ADVISORY,1.0,Alberta
6085,train,0.0,1.0,,0.0,
6086,train,0.0,1.0,,0.0,
6087,train,0.0,1.0,,0.0,
6088,train,0.0,1.0,,0.0,
6089,train,0.0,1.0,,0.0,
6090,train,0.0,1.0,,0.0,
6091,train,1.0,1.0,INFRA,2.0,Trans-Canada Highway;Lac des Arcs;Canmore;Alberta
6092,train,1.0,1.0,SUPPORT,1.0,Calgary
6093,train,1.0,1.0,AID,1.0,Alberta
6094,train,0.0,0.8888888888888888,,0.0,
6095,train,1.0,1.0,AID,1.0,Calgary
6096,train,1.0,1.0,OTHER,1.0,Alberta
6097,train,1.0,1.0,PROPERTY,1.0,Stephen Avenue;Calgary
6098,train,1.0,1.0,SUPPORT,1.0,Calgary
6100,train,0.0,1.0,,0.0,
6101,train,1.0,1.0,AID,1.0,Calgary
6104,train,0.0,0.7777777777777778,,0.0,
6105,train,0.0,1.0,,0.0,
6106,train,0.0,1.0,,0.0,
6107,train,0.0,1.0,,0.0,
3161,train,1.0,1.0,PROPERTY,1.0,Scotiabank Saddledome;Calgary
6109,train,0.0,1.0,,0.0,
6110,train,1.0,1.0,PROPERTY,2.0,Calgary;Alberta
6111,train,1.0,1.0,AID,1.0,Edmonton;Alberta
6112,train,1.0,1.0,AID,1.0,Calgary;Morley;Siksika;Alberta
6113,train,1.0,1.0,EVAC,2.0,Calgary
6114,train,0.0,1.0,,0.0,
6115,train,0.0,1.0,,0.0,
6116,train,1.0,1.0,AID,1.0,Calgary;Alberta
6117,train,0.0,1.0,,0.0,
6118,train,1.0,1.0,ADVISORY,2.0,Calgary;Alberta
6119,train,0.0,1.0,,0.0,
6120,train,1.0,1.0,AID,1.0,Alberta;Canada
6121,train,1.0,1.0,OTHER,1.0,Calgary
6122,train,0.0,1.0,,0.0,
6123,train,1.0,1.0,INFRA,2.0,Highway 1;Highway 93;Banff National Park;Yoho National Park;Kootenay National Park;Calgary;Alberta
6124,train,1.0,1.0,AID,1.0,Alberta;Alberta
6125,train,0.0,1.0,,0.0,
6126,train,0.0,1.0,,0.0,
6127,train,1.0,1.0,OTHER,1.0,Calgary;Alberta
6128,train,1.0,1.0,SUPPORT,1.0,Alberta
6129,train,0.0,1.0,,0.0,
6130,train,1.0,1.0,AID,1.0,Calgary;Alberta
6131,train,1.0,1.0,ADVISORY,1.0,Calgary;Alberta
6132,train,0.0,1.0,,0.0,
6133,train,1.0,1.0,EVAC,2.0,Canada
6135,train,1.0,1.0,INFRA,2.0,8 Avenue;Inglewood;Calgary
6136,train,0.0,1.0,,0.0,
6137,train,0.0,1.0,,0.0,
6138,train,1.0,1.0,ADVISORY,1.0,Calgary
6139,train,1.0,0.8888888888888888,OTHER,1.0,Canada
6140,train,0.0,1.0,,0.0,
6141,train,0.0,1.0,,0.0,
6142,train,1.0,1.0,AID,1.0,Siksika;Alberta;Calgary
6144,train,0.0,1.0,,0.0,
6145,train,0.0,1.0,,0.0,
6147,train,0.0,1.0,,0.0,
6148,train,0.0,1.0,,0.0,
6149,train,0.0,1.0,,0.0,
6150,train,0.0,1.0,,0.0,
6151,train,0.0,1.0,,0.0,
6152,train,1.0,1.0,AID,1.0,Elbow Park;Roxboro;Calgary
6154,train,1.0,1.0,OTHER,1.0,Queensland;Calgary;Alberta
6155,train,1.0,1.0,ADVISORY,2.0,Siksika;Alberta
6156,train,1.0,1.0,OTHER,1.0,Alberta
6157,train,1.0,1.0,OTHER,1.0,Alberta
6158,train,1.0,1.0,OTHER,1.0,Alberta;Calgary
6159,train,1.0,1.0,INFRA,1.0,Okotoks;Banff;Black Diamond;Alberta
515,train,1.0,1.0,AID,1.0,Alberta
6162,train,1.0,1.0,SUPPORT,1.0,Calgary
6163,train,1.0,1.0,AID,1.0,Calgary;Alberta
6164,train,1.0,0.8888888888888888,AID,1.0,
6165,train,1.0,1.0,EVAC,2.0,Medicine Hat
6166,train,0.0,1.0,,0.0,
6167,train,1.0,1.0,OTHER,1.0,Calgary;Alberta
6168,train,1.0,1.0,SUPPORT,1.0,Calgary
6169,train,0.0,1.0,,0.0,
6170,train,1.0,1.0,SUPPORT,1.0,Calgary;Alberta
6172,train,0.0,1.0,,0.0,
6173,train,0.0,1.0,,0.0,
6174,train,1.0,1.0,INFRA,3.0,Bow River;Calgary;Alberta
6175,train,0.0,1.0,,0.0,
6176,train,1.0,1.0,INFRA,2.0,Edworthy Bridge;Calgary
6177,train,1.0,1.0,OTHER,1.0,Calgary
6178,train,1.0,1.0,AID,1.0,Alberta;Calgary
6179,train,1.0,1.0,ADVISORY,3.0,Calgary
6180,train,0.0,1.0,,0.0,
6181,train,1.0,1.0,SUPPORT,1.0,Alberta;Calgary
6183,train,0.0,1.0,,0.0,
6184,train,1.0,1.0,OTHER,1.0,Calgary
6185,train,0.0,1.0,,0.0,
6186,train,1.0,1.0,AID,1.0,Cape Breton;Alberta
6187,train,0.0,0.8888888888888888,,0.0,
6188,train,1.0,1.0,INFRA,2.0,Downtown;Beltline;Calgary
6189,train,1.0,1.0,ADVISORY,1.0,Calgary
6190,train,0.0,1.0,,0.0,
6191,train,0.0,1.0,,0.0,
6192,train,0.0,0.8888888888888888,,0.0,
6193,train,1.0,1.0,SUPPORT,1.0,Southern Alberta;Canada
6194,train,0.0,1.0,,0.0,
6195,train,1.0,1.0,AID,1.0,Calgary
6196,train,1.0,1.0,INFRA,1.0,Highway 93 North;Banff;Jasper;Calgary
6197,train,1.0,1.0,AID,1.0,Calgary
6198,train,0.0,1.0,,0.0,
6199,train,0.0,1.0,,0.0,
6200,train,1.0,1.0,ADVISORY,1.0,Alberta;Calgary
6201,train,0.0,1.0,,0.0,
6202,train,0.0,1.0,,0.0,
6204,train,1.0,1.0,SUPPORT,1.0,Calgary
6205,train,1.0,1.0,AID,1.0,Alberta
6206,train,1.0,1.0,AID,1.0,Calgary
6207,train,0.0,1.0,,0.0,
6208,train,0.0,1.0,,0.0,
6209,train,0.0,1.0,,0.0,
6210,train,0.0,1.0,,0.0,
6211,train,0.0,1.0,,0.0,
6212,train,0.0,1.0,,0.0,
6213,train,0.0,1.0,,0.0,
6215,train,0.0,1.0,,0.0,
6216,train,0.0,1.0,,0.0,
6218,train,1.0,1.0,AID,1.0,
6219,train,1.0,1.0,SUPPORT,1.0,Calgary
6220,train,1.0,1.0,INFRA,2.0,LRT Stations;Downtown;Calgary
6221,train,0.0,0.7777777777777778,,0.0,
6222,train,1.0,0.7777777777777778,EVAC,2.0,Calgary;Bow Valley
6225,train,0.0,1.0,,0.0,
6226,train,0.0,1.0,,0.0,
6227,train,1.0,1.0,AID,2.0,Maple Avenue;Alberta
6228,train,1.0,1.0,SUPPORT,1.0,Calgary
6229,train,0.0,0.7777777777777778,,0.0,
6230,train,0.0,1.0,,0.0,
6231,train,1.0,1.0,OTHER,1.0,Calgary
6232,train,1.0,1.0,ADVISORY,2.0,Erlton Station;Macleod Trail;Calgary
6233,train,1.0,1.0,OTHER,1.0,Alberta
6234,train,0.0,1.0,,0.0,
6235,train,0.0,1.0,,0.0,
6236,train,1.0,1.0,AID,1.0,Calgary
6237,train,0.0,1.0,,0.0,
6238,train,0.0,1.0,,0.0,
6239,train,1.0,1.0,OTHER,1.0,Calgary
6240,train,1.0,1.0,ADVISORY,1.0,High River;Alberta
6241,train,1.0,1.0,AID,1.0,Alberta
6242,train,0.0,1.0,,0.0,
6243,train,0.0,1.0,,0.0,
6244,train,0.0,1.0,,0.0,
6245,train,1.0,1.0,ADVISORY,1.0,Alberta
6247,train,1.0,1.0,ADVISORY,2.0,Calgary;Medicine Hat
6249,train,0.0,1.0,,0.0,
6250,train,0.0,1.0,,0.0,
6251,train,1.0,1.0,INFRA,2.0,LRT;Calgary;Alberta
6252,train,1.0,1.0,AID,1.0,Alberta
6253,train,1.0,1.0,PROPERTY,1.0,Alberta
6254,train,0.0,0.8888888888888888,,0.0,
6255,train,1.0,1.0,ADVISORY,1.0,Calgary
6256,train,0.0,1.0,,0.0,
6257,train,0.0,1.0,,0.0,
6258,train,0.0,1.0,,0.0,
6259,train,0.0,1.0,,0.0,
6260,train,1.0,1.0,AID,1.0,Calgary
6261,train,1.0,1.0,AID,1.0,Alberta
6262,train,1.0,1.0,PROPERTY,1.0,Ontario;Calgary
6263,train,0.0,1.0,,0.0,
1658,train,1.0,1.0,EVAC,3.0,High River;Alberta
6265,train,0.0,1.0,,0.0,
6266,train,1.0,1.0,AID,1.0,Calgary;Canada
6267,train,1.0,1.0,AID,1.0,Alberta
6268,train,0.0,1.0,,0.0,
6269,train,1.0,1.0,NEEDS,2.0,
6270,train,1.0,1.0,AID,1.0,Calgary
6271,train,1.0,1.0,AID,1.0,Calgary
6272,train,0.0,1.0,,0.0,
1908,train,1.0,1.0,AID,1.0,Calgary
6274,train,0.0,1.0,,0.0,
6275,train,0.0,1.0,,0.0,
6277,train,0.0,1.0,,0.0,
6278,train,0.0,1.0,,0.0,
6279,train,0.0,1.0,,0.0,
6280,train,1.0,1.0,PROPERTY,2.0,Bow River;Calgary
6281,train,0.0,1.0,,0.0,
6282,train,0.0,1.0,,0.0,
6284,train,0.0,1.0,,0.0,
6285,train,0.0,1.0,,0.0,
6286,train,0.0,1.0,,0.0,
6287,train,1.0,1.0,AID,1.0,Alberta
6288,train,0.0,1.0,,0.0,
6289,train,0.0,1.0,,0.0,
6290,train,0.0,1.0,,0.0,
6291,train,0.0,1.0,,0.0,
6292,train,1.0,1.0,OTHER,1.0,Alberta
6293,train,1.0,1.0,SUPPORT,1.0,Calgary;Alberta
3494,train,1.0,1.0,PROPERTY,2.0,Calgary Stampede;Calgary;Alberta
6295,train,0.0,0.7777777777777778,,0.0,
6298,train,1.0,1.0,HUMAN,2.0,Canada
6299,train,0.0,1.0,,0.0,
6300,train,1.0,0.6666666666666666,AID,1.0,Calgary
6301,train,0.0,0.8888888888888888,,0.0,
6302,train,1.0,1.0,OTHER,1.0,Calgary
6303,train,0.0,1.0,,0.0,
6304,train,0.0,0.8888888888888888,,0.0,
6305,train,0.0,1.0,,0.0,
6307,train,0.0,1.0,,0.0,
6308,train,1.0,1.0,OTHER,1.0,Southern Alberta;Calgary
6309,train,0.0,1.0,,0.0,
6310,train,1.0,1.0,INFRA,2.0,Downtown Calgary;Calgary
6311,train,1.0,1.0,AID,1.0,Calgary
6312,train,0.0,1.0,,0.0,
6313,train,1.0,1.0,SUPPORT,1.0,Alberta;Calgary
6314,train,1.0,1.0,EVAC,2.0,Bow River;Calgary
6315,train,0.0,0.8888888888888888,,0.0,
6316,train,0.0,1.0,,0.0,
6317,train,1.0,1.0,SUPPORT,1.0,Calgary
6318,train,0.0,1.0,,0.0,
2780,train,1.0,1.0,EVAC,2.0,Calgary
6320,train,1.0,1.0,INFRA,2.0,Calgary
6321,train,1.0,1.0,SUPPORT,1.0,Calgary
6322,train,1.0,1.0,INFRA,2.0,Calgary
6323,train,1.0,1.0,ADVISORY,1.0,Alberta
6324,train,0.0,1.0,,0.0,
6325,train,0.0,1.0,,0.0,
6326,train,0.0,0.8888888888888888,,0.0,
6327,train,0.0,1.0,,0.0,
6328,train,0.0,1.0,,0.0,
6329,train,0.0,1.0,,0.0,
1461,train,1.0,1.0,AID,1.0,Alberta
4610,train,1.0,1.0,HUMAN,2.0,High River
6332,train,0.0,1.0,,0.0,
6334,train,0.0,1.0,,0.0,
6335,train,1.0,0.8888888888888888,HUMAN,2.0,
6337,train,0.0,1.0,,0.0,
6338,train,0.0,1.0,,0.0,
6339,train,0.0,1.0,,0.0,
6340,train,1.0,1.0,NEEDS,3.0,Sunnyside;Calgary
6341,train,0.0,0.8888888888888888,,0.0,
6342,train,1.0,1.0,OTHER,1.0,Calgary
6343,train,1.0,1.0,EVAC,2.0,Canada
6344,train,1.0,0.8888888888888888,ADVISORY,1.0,
6345,train,0.0,1.0,,0.0,
6346,train,0.0,1.0,,0.0,
6347,train,1.0,1.0,OTHER,1.0,Calgary
6348,train,1.0,1.0,PROPERTY,2.0,River Cafe;Prince's Island;Calgary
6349,train,0.0,1.0,,0.0,
6350,train,1.0,1.0,NEEDS,3.0,Calgary Emergency Women's Shelter;Calgary
6351,train,0.0,1.0,,0.0,
6353,train,1.0,1.0,OTHER,1.0,Calgary
6354,train,1.0,0.8888888888888888,AID,1.0,
3910,train,1.0,1.0,AID,1.0,Calgary
6356,train,0.0,1.0,,0.0,
6357,train,1.0,1.0,ADVISORY,1.0,Calgary
6358,train,1.0,1.0,AID,1.0,Mission;Montgomery;Calgary
6359,train,0.0,1.0,,0.0,
6360,train,1.0,1.0,OTHER,1.0,
6361,train,0.0,1.0,,0.0,
6362,train,0.0,0.8888888888888888,,0.0,
6363,train,0.0,1.0,,0.0,
6364,train,0.0,1.0,,0.0,
6365,train,0.0,1.0,,0.0,
6366,train,0.0,1.0,,0.0,
6367,train,1.0,1.0,OTHER,1.0,Calgary
6368,train,1.0,1.0,NEEDS,2.0,Crisis Cafe;Sunnyside;Calgary
6369,train,1.0,1.0,HUMAN,2.0,Western Canada
1356,train,1.0,1.0,SUPPORT,1.0,Alberta
6371,train,0.0,0.8888888888888888,,0.0,
6372,train,1.0,1.0,OTHER,1.0,Morley;Siksika;Alberta
6373,train,1.0,1.0,ADVISORY,1.0,Alberta
6374,train,1.0,0.8888888888888888,OTHER,1.0,Calgary
6375,train,1.0,1.0,AID,1.0,Alberta
6376,train,1.0,1.0,INFRA,2.0,Calgary
6377,train,0.0,1.0,,0.0,
6378,train,0.0,1.0,,0.0,
6379,train,1.0,1.0,HUMAN,3.0,Tsuu T'ina;Calgary
6380,train,1.0,1.0,NEEDS,2.0,Poppy Plaza;Calgary
6381,train,0.0,1.0,,0.0,
6382,train,0.0,1.0,,0.0,
6383,train,1.0,1.0,SUPPORT,1.0,Calgary
6384,train,0.0,1.0,,0.0,
6385,train,0.0,1.0,,0.0,
6386,train,0.0,1.0,,0.0,
6387,train,1.0,1.0,SUPPORT,1.0,Saddledome;Calgary
6388,train,1.0,1.0,ADVISORY,1.0,Calgary
6389,train,1.0,1.0,INFRA,1.0,Calgary
6390,train,0.0,0.8888888888888888,,0.0,
6391,train,1.0,1.0,AID,1.0,Calgary
6392,train,0.0,0.8888888888888888,,0.0,
6393,train,1.0,1.0,OTHER,1.0,Downtown Calgary;Calgary
6394,train,1.0,1.0,SUPPORT,1.0,Calgary
6395,train,0.0,1.0,,0.0,
6396,train,1.0,1.0,SUPPORT,1.0,Alberta;Calgary
6397,train,0.0,0.8888888888888888,,0.0,
6398,train,0.0,1.0,,0.0,
6399,train,0.0,1.0,,0.0,
6400,train,0.0,1.0,,0.0,
6401,train,1.0,1.0,OTHER,1.0,Calgary;Downtown Calgary
6402,train,1.0,1.0,INFRA,2.0,Ogden Road;Calgary
6403,train,1.0,1.0,AID,1.0,Calgary
6404,train,1.0,1.0,SUPPORT,1.0,Southern Alberta
6405,train,0.0,1.0,,0.0,
6406,train,1.0,1.0,AID,1.0,Alberta
6408,train,0.0,1.0,,0.0,
6409,train,1.0,1.0,OTHER,1.0,Calgary
6410,train,1.0,1.0,ADVISORY,2.0,Drumheller
6411,train,1.0,1.0,PROPERTY,2.0,Calgary Exhibition & Stampede grounds;Calgary
6412,train,1.0,1.0,SUPPORT,1.0,Calgary
6413,train,0.0,1.0,,0.0,
6414,train,0.0,1.0,,0.0,
6415,train,0.0,0.5555555555555556,,0.0,
6416,train,0.0,0.7777777777777778,,0.0,
6417,train,0.0,1.0,,0.0,
6418,train,1.0,1.0,OTHER,1.0,Calgary
1513,train,1.0,1.0,OTHER,1.0,Calgary
6420,train,1.0,1.0,PROPERTY,2.0,Downtown Calgary;Stampede Grounds;Calgary
6421,train,0.0,1.0,,0.0,
6422,train,1.0,1.0,OTHER,1.0,Calgary
6423,train,1.0,1.0,AID,1.0,Bow Valley
6424,train,0.0,1.0,,0.0,
6425,train,0.0,1.0,,0.0,
6426,train,1.0,1.0,AID,1.0,
6428,train,1.0,1.0,SUPPORT,1.0,Calgary
6429,train,1.0,1.0,ADVISORY,1.0,Calgary
6430,train,0.0,1.0,,0.0,
6431,train,1.0,1.0,INFRA,2.0,17th Avenue;MacLeod Trail;Centre Street;25th Avenue;3rd Street;Calgary
6432,train,1.0,1.0,EVAC,2.0,
6433,train,1.0,0.8888888888888888,OTHER,1.0,
6434,train,1.0,1.0,INFRA,2.0,
6437,train,0.0,1.0,,0.0,
6439,train,1.0,1.0,AID,1.0,Alberta
6440,train,0.0,0.5555555555555556,,0.0,
6441,train,1.0,1.0,AID,1.0,Downtown Calgary;Calgary
6442,train,0.0,1.0,,0.0,
6443,train,1.0,0.8888888888888888,OTHER,1.0,Calgary
6444,train,1.0,1.0,AID,1.0,Alberta
6445,train,0.0,0.6666666666666666,,0.0,
6446,train,0.0,1.0,,0.0,
6447,train,1.0,1.0,SUPPORT,1.0,Calgary
6448,train,1.0,1.0,NEEDS,2.0,Southern Alberta
6449,train,0.0,1.0,,0.0,
6450,train,1.0,1.0,OTHER,1.0,Alberta;Calgary
3328,train,0.0,1.0,,0.0,
6452,train,0.0,1.0,,0.0,
6453,train,1.0,1.0,OTHER,1.0,Alberta
6454,train,1.0,1.0,OTHER,1.0,Alberta
6455,train,0.0,1.0,,0.0,
6456,train,0.0,1.0,,0.0,
6457,train,1.0,1.0,OTHER,1.0,Calgary;Edmonton
6458,train,0.0,1.0,,0.0,
6459,train,1.0,1.0,AID,1.0,Calgary
6460,train,0.0,0.8888888888888888,,0.0,
6461,train,1.0,1.0,HUMAN,2.0,High River;Calgary;Alberta
6462,train,1.0,1.0,ADVISORY,2.0,Calgary
6463,train,1.0,1.0,HUMAN,2.0,Calgary
6464,train,1.0,1.0,INFRA,2.0,Banff;Lake Louise
6465,train,1.0,1.0,NEEDS,1.0,Alberta
3857,train,1.0,1.0,INFRA,2.0,Downtown Calgary;Calgary
6467,train,0.0,0.5555555555555556,,0.0,
6468,train,1.0,1.0,AID,1.0,Calgary
6469,train,1.0,1.0,OTHER,1.0,Alberta;Calgary
6470,train,1.0,1.0,PROPERTY,2.0,Calgary
6472,train,0.0,1.0,,0.0,
6473,train,1.0,1.0,HUMAN,2.0,Calgary
6474,train,0.0,1.0,,0.0,
6475,train,1.0,1.0,EVAC,1.0,Airdrie;Calgary
6476,train,1.0,1.0,AID,1.0,Alberta
6477,train,0.0,0.7777777777777778,,0.0,
6478,train,1.0,1.0,INFRA,3.0,Canmore
6479,train,1.0,1.0,AID,1.0,Calgary
6480,train,0.0,1.0,,0.0,
6481,train,0.0,1.0,,0.0,
6483,train,0.0,0.8888888888888888,,0.0,
6484,train,1.0,1.0,SUPPORT,1.0,Calgary
6486,train,0.0,0.8888888888888888,,0.0,
6487,train,0.0,1.0,,0.0,
6488,train,1.0,1.0,INFRA,2.0,Calgary
6490,train,1.0,1.0,OTHER,1.0,Calgary
6491,train,0.0,1.0,,0.0,
6492,train,0.0,1.0,,0.0,
6493,train,0.0,1.0,,0.0,
6494,train,0.0,1.0,,0.0,
6495,train,0.0,1.0,,0.0,
6496,train,1.0,1.0,OTHER,1.0,Calgary
6497,train,0.0,1.0,,0.0,
6498,train,1.0,1.0,SUPPORT,1.0,Calgary
6499,train,0.0,1.0,,0.0,
6501,train,0.0,1.0,,0.0,
6502,train,0.0,1.0,,0.0,
6503,train,0.0,1.0,,0.0,
4966,train,1.0,1.0,HUMAN,2.0,Calgary
6505,train,0.0,1.0,,0.0,
6506,train,0.0,0.8888888888888888,,0.0,
6507,train,0.0,1.0,,0.0,
6508,train,1.0,1.0,PROPERTY,2.0,Calgary
6509,train,1.0,1.0,SUPPORT,1.0,Calgary
6510,train,0.0,1.0,,0.0,
6511,train,1.0,1.0,OTHER,1.0,Calgary
6512,train,0.0,0.8888888888888888,,0.0,
6513,train,1.0,1.0,AID,1.0,Calgary
6514,train,0.0,1.0,,0.0,
3436,train,1.0,1.0,AID,1.0,
6518,train,0.0,1.0,,0.0,
6519,train,0.0,1.0,,0.0,
6520,train,1.0,1.0,SUPPORT,1.0,Calgary;Kelowna;Calgary International Airport
6521,train,0.0,1.0,,0.0,
6522,train,1.0,1.0,OTHER,1.0,Calgary
6523,train,1.0,1.0,OTHER,1.0,Alberta
6524,train,0.0,1.0,,0.0,
6525,train,1.0,1.0,INFRA,1.0,Alberta
6526,train,1.0,0.8888888888888888,INFRA,1.0,Calgary
6527,train,0.0,1.0,,0.0,
6528,train,1.0,1.0,SUPPORT,2.0,Calgary
6530,train,0.0,1.0,,0.0,
6531,train,0.0,1.0,,0.0,
6532,train,1.0,1.0,PROPERTY,1.0,4th Street;Mission
6533,train,1.0,1.0,AID,1.0,Calgary
6534,train,1.0,1.0,SUPPORT,1.0,Alberta
6535,train,1.0,1.0,PROPERTY,1.0,Calgary
6536,train,0.0,1.0,,0.0,
6537,train,1.0,1.0,SUPPORT,1.0,Calgary
6538,train,0.0,1.0,,0.0,
6539,train,1.0,1.0,EVAC,1.0,Calgary
6540,train,1.0,1.0,OTHER,1.0,Edmonton;Calgary
6541,train,0.0,1.0,,0.0,
6542,train,0.0,0.8888888888888888,,0.0,
6543,train,1.0,1.0,OTHER,1.0,Canada
6544,train,0.0,1.0,,0.0,
6545,train,1.0,1.0,NEEDS,2.0,Calgary
6546,train,0.0,1.0,,0.0,
6547,train,0.0,1.0,,0.0,
6548,train,1.0,1.0,AID,1.0,Calgary
6549,train,0.0,1.0,,0.0,
6550,train,1.0,1.0,AID,1.0,Alberta
6551,train,1.0,1.0,PROPERTY,1.0,Medicine Hat
6552,train,1.0,1.0,SUPPORT,1.0,Alberta
6553,train,1.0,1.0,PROPERTY,2.0,Calgary;Banff
6554,train,0.0,1.0,,0.0,
6555,train,0.0,1.0,,0.0,
6556,train,1.0,1.0,EVAC,2.0,Calgary
6558,train,1.0,1.0,AID,1.0,Calgary
6560,train,0.0,1.0,,0.0,
6561,train,1.0,1.0,OTHER,1.0,Alberta;Rockies
6562,train,0.0,1.0,,0.0,
6563,train,1.0,1.0,AID,1.0,
6564,train,1.0,1.0,OTHER,1.0,Queensland;Calgary
6565,train,0.0,1.0,,0.0,
6567,train,0.0,0.8888888888888888,,0.0,
6568,train,0.0,1.0,,0.0,
6569,train,0.0,1.0,,0.0,
6570,train,1.0,1.0,HUMAN,1.0,Calgary
6571,train,0.0,1.0,,0.0,
6572,train,0.0,1.0,,0.0,
927,train,1.0,1.0,ADVISORY,2.0,Highway 2;High River
6574,train,1.0,1.0,OTHER,1.0,Calgary
6576,train,0.0,1.0,,0.0,
6577,train,0.0,1.0,,0.0,
6578,train,0.0,1.0,,0.0,
6579,train,1.0,1.0,EVAC,1.0,Calgary
6580,train,0.0,1.0,,0.0,
6581,train,1.0,1.0,AID,1.0,Alberta
6582,train,0.0,1.0,,0.0,
6583,train,1.0,1.0,AID,1.0,Calgary
6584,train,0.0,1.0,,0.0,
6586,train,1.0,1.0,EVAC,2.0,Calgary
6587,train,0.0,1.0,,0.0,
6588,train,1.0,1.0,SUPPORT,1.0,Alberta
6589,train,0.0,1.0,,0.0,
6590,train,0.0,1.0,,0.0,
6591,train,1.0,1.0,OTHER,1.0,Alberta
6593,train,0.0,1.0,,0.0,
6594,train,0.0,1.0,,0.0,
6595,train,1.0,1.0,SUPPORT,1.0,Calgary
6596,train,0.0,1.0,,0.0,
6597,train,0.0,0.8888888888888888,,0.0,
3101,train,1.0,1.0,AID,1.0,Calgary
6599,train,1.0,1.0,AID,1.0,Calgary
6600,train,1.0,0.7777777777777778,AID,1.0,
6601,train,1.0,1.0,PROPERTY,2.0,Red Deer River;Drumheller
6602,train,0.0,1.0,,0.0,
6603,train,1.0,1.0,NEEDS,2.0,402 Cliffe Avenue;Stanley Park
6604,train,1.0,1.0,AID,2.0,Calgary
6605,train,1.0,1.0,INFRA,1.0,Saddledome
6607,train,1.0,1.0,SUPPORT,1.0,Calgary
6608,train,1.0,1.0,PROPERTY,1.0,Calgary;9th Avenue SE;4th Street
6609,train,0.0,1.0,,0.0,
6610,train,1.0,1.0,NEEDS,2.0,Calgary;Elbow Park
4242,train,1.0,1.0,AID,1.0,Alberta
6613,train,1.0,1.0,INFRA,1.0,Calgary
6614,train,1.0,1.0,INFRA,1.0,Okotoks
6615,train,0.0,1.0,,0.0,
6616,train,0.0,1.0,,0.0,
6617,train,0.0,1.0,,0.0,
6618,train,1.0,1.0,EVAC,1.0,Calgary
6619,train,0.0,1.0,,0.0,
6620,train,1.0,1.0,PROPERTY,1.0,Calgary
6621,train,0.0,1.0,,0.0,
6622,train,0.0,1.0,,0.0,
6623,train,0.0,1.0,,0.0,
6624,train,0.0,1.0,,0.0,
6625,train,0.0,1.0,,0.0,
6626,train,1.0,1.0,OTHER,1.0,Calgary
6627,train,1.0,1.0,INFRA,2.0,Calgary
6628,train,1.0,1.0,ADVISORY,1.0,Calgary
6629,train,1.0,1.0,SUPPORT,1.0,Calgary Stampede;Calgary
6630,train,1.0,0.5555555555555556,INFRA,1.0,Calgary
6631,train,0.0,1.0,,0.0,
2088,train,1.0,1.0,AID,1.0,Calgary
5102,train,1.0,1.0,INFRA,1.0,Saddledome
6634,train,0.0,1.0,,0.0,
6635,train,1.0,1.0,EVAC,2.0,Medicine Hat
6636,train,0.0,1.0,,0.0,
6637,train,0.0,1.0,,0.0,
6638,train,0.0,1.0,,0.0,
6639,train,1.0,1.0,SUPPORT,1.0,Calgary
6640,train,1.0,1.0,OTHER,1.0,Alberta
6641,train,0.0,1.0,,0.0,
6642,train,1.0,1.0,SUPPORT,1.0,Calgary
6643,train,1.0,1.0,AID,1.0,Alberta
6644,train,0.0,1.0,,0.0,
6645,train,1.0,1.0,OTHER,1.0,Alberta
6646,train,0.0,1.0,,0.0,
6647,train,1.0,1.0,PROPERTY,1.0,Calgary
6648,train,0.0,1.0,,0.0,
6649,train,0.0,1.0,,0.0,
6650,train,1.0,1.0,OTHER,1.0,Calgary
6651,train,1.0,1.0,PROPERTY,1.0,Elbow River;Bow River
6653,train,1.0,1.0,PROPERTY,1.0,Calgary;Prince's Island Park
6654,train,0.0,1.0,,0.0,
6655,train,1.0,0.7777777777777778,OTHER,1.0,Alberta;Edmonton
6656,train,0.0,1.0,,0.0,
6657,train,1.0,1.0,AID,1.0,Calgary
6659,train,0.0,1.0,,0.0,
6660,train,0.0,1.0,,0.0,
6661,train,0.0,1.0,,0.0,
6662,train,0.0,1.0,,0.0,
115,train,1.0,1.0,ADVISORY,2.0,Calgary
6664,train,1.0,1.0,INFRA,1.0,Memorial Drive;Calgary;3a Street
6665,train,1.0,1.0,AID,1.0,Alberta
6667,train,0.0,1.0,,0.0,
6668,train,1.0,1.0,PROPERTY,1.0,
6669,train,0.0,1.0,,0.0,
6670,train,1.0,1.0,SUPPORT,1.0,Calgary
6671,train,0.0,1.0,,0.0,
6672,train,1.0,1.0,AID,1.0,Edmonton;Alberta
1028,train,1.0,1.0,OTHER,1.0,Banff
6674,train,0.0,1.0,,0.0,
6675,train,0.0,1.0,,0.0,
6676,train,1.0,1.0,PROPERTY,1.0,Calgary;Fort Calgary
6677,train,1.0,1.0,SUPPORT,1.0,Calgary
6678,train,1.0,1.0,INFRA,2.0,Calgary
6679,train,1.0,1.0,AID,1.0,Alberta
6680,train,0.0,1.0,,0.0,
6681,train,1.0,1.0,AID,1.0,Sunnyside;Calgary
6682,train,1.0,1.0,HUMAN,1.0,Alberta
6683,train,1.0,1.0,SUPPORT,1.0,Calgary
6684,train,0.0,1.0,,0.0,
6685,train,1.0,1.0,AID,1.0,Calgary
6686,train,1.0,1.0,EVAC,1.0,Alberta;Canada
6687,train,0.0,1.0,,0.0,
6688,train,1.0,1.0,AID,1.0,Fort Saskatchewan;Alberta
6689,train,1.0,1.0,AID,2.0,High River
6690,train,1.0,1.0,AID,1.0,Calgary;Alberta
6691,train,0.0,1.0,,0.0,
6692,train,1.0,1.0,OTHER,1.0,Calgary
6693,train,1.0,1.0,INFRA,2.0,Macleod Trail;Calgary
6694,train,0.0,0.8888888888888888,,0.0,
6696,train,1.0,1.0,INFRA,1.0,Saddledome
6697,train,1.0,1.0,INFRA,1.0,Calgary;Saddledome
6698,train,1.0,1.0,ADVISORY,1.0,Calgary
6699,train,0.0,1.0,,0.0,
6700,train,1.0,1.0,SUPPORT,1.0,Calgary
6701,train,1.0,1.0,OTHER,1.0,Calgary
6702,train,1.0,1.0,ADVISORY,1.0,Medicine Hat
839,train,1.0,1.0,OTHER,1.0,Calgary Stampede;Calgary;Alberta
6704,train,1.0,1.0,EVAC,1.0,Deer Run;Quarry Park;Riverbend;Douglasdale;Calgary
6705,train,1.0,1.0,INFRA,1.0,10th Street Bridge;Kensington;Calgary
6706,train,1.0,1.0,OTHER,1.0,Alberta
6707,train,0.0,1.0,,0.0,
6708,train,1.0,1.0,AID,1.0,British Columbia;Alberta
6709,train,0.0,1.0,,0.0,
6710,train,0.0,0.8888888888888888,,0.0,
6711,train,0.0,1.0,,0.0,
6712,train,1.0,1.0,AID,1.0,Paradise Canyon
6713,train,0.0,1.0,,0.0,
6099,train,1.0,1.0,AID,1.0,Calgary
6715,train,1.0,1.0,EVAC,1.0,Calgary;Alberta
6716,train,0.0,0.5555555555555556,,0.0,
6719,train,1.0,1.0,AID,1.0,Calgary
6720,train,1.0,1.0,AID,1.0,Calgary
6721,train,1.0,1.0,OTHER,1.0,Lynx Ridge Golf Club
6722,train,0.0,1.0,,0.0,
6723,train,1.0,1.0,AID,1.0,Calgary;Alberta
6724,train,1.0,1.0,AID,1.0,Mount Royal University;Erlton;Mission;Elbow Park;Calgary
6725,train,1.0,1.0,PROPERTY,1.0,Calgary
6726,train,1.0,1.0,OTHER,1.0,Alberta
6727,train,0.0,0.8888888888888888,,0.0,
6728,train,1.0,1.0,SUPPORT,1.0,Alberta
6729,train,0.0,1.0,,0.0,
6731,train,1.0,1.0,SUPPORT,1.0,High River
6732,train,1.0,1.0,SUPPORT,1.0,Calgary
6733,train,1.0,1.0,OTHER,2.0,Calgary;Nanaimo
6734,train,1.0,1.0,SUPPORT,1.0,Alberta
6735,train,1.0,1.0,SUPPORT,1.0,Calgary
6737,train,1.0,1.0,OTHER,1.0,Calgary
6738,train,0.0,1.0,,0.0,
80,train,1.0,1.0,AID,1.0,Drop-In Centre;4804 Edmonton Trail NE;Calgary
6740,train,1.0,1.0,PROPERTY,2.0,Alberta;Calgary
6741,train,0.0,1.0,,0.0,
6742,train,1.0,1.0,HUMAN,2.0,Western Canada;British Columbia
6743,train,0.0,1.0,,0.0,
6744,train,0.0,1.0,,0.0,
6745,train,0.0,1.0,,0.0,
6746,train,1.0,1.0,EVAC,2.0,Calgary;Discovery Ridge
6747,train,0.0,1.0,,0.0,
6748,train,1.0,1.0,ADVISORY,2.0,Highway 1;Canmore;Banff
6749,train,0.0,1.0,,0.0,
6750,train,1.0,1.0,AID,1.0,Calgary
6751,train,1.0,1.0,NEEDS,2.0,Calgary;Siksika Nation;Alberta
6752,train,1.0,1.0,AID,1.0,Alberta
6753,train,1.0,1.0,PROPERTY,1.0,Alberta
6754,train,0.0,1.0,,0.0,
6755,train,1.0,1.0,OTHER,1.0,Bow River;Calgary
6756,train,0.0,1.0,,0.0,
6757,train,1.0,1.0,AID,1.0,Calgary
6758,train,0.0,1.0,,0.0,
6759,train,0.0,0.8888888888888888,,0.0,
3557,train,1.0,1.0,AID,1.0,High River;Calgary
6761,train,1.0,1.0,OTHER,1.0,Calgary;Alberta;Canmore;Bragg Creek;High River
6762,train,1.0,1.0,AID,1.0,High River
6764,train,0.0,1.0,,0.0,
6765,train,0.0,1.0,,0.0,
6766,train,0.0,1.0,,0.0,
6767,train,0.0,1.0,,0.0,
6768,train,0.0,1.0,,0.0,
6769,train,1.0,1.0,PROPERTY,2.0,River Cafe;Calgary
6770,train,0.0,0.8888888888888888,,0.0,
6771,train,1.0,1.0,OTHER,1.0,Calgary
6772,train,1.0,1.0,ADVISORY,2.0,Calgary
6775,train,1.0,1.0,SUPPORT,1.0,Calgary
6776,train,1.0,1.0,EVAC,2.0,Heritage Heights school;Okotoks;Calgary
6778,train,1.0,1.0,HUMAN,2.0,40 Avenue NW;2 Street NW;Highland Park;Calgary North Veterinary Hospital;Calgary
6779,train,0.0,1.0,,0.0,
6780,train,1.0,1.0,INFRA,1.0,Calgary
6781,train,0.0,1.0,,0.0,
6782,train,1.0,1.0,AID,1.0,Alberta
6783,train,0.0,1.0,,0.0,
6784,train,1.0,1.0,AID,1.0,Alberta
6785,train,1.0,1.0,INFRA,2.0,North Saskatchewan River;Riverdale;Edmonton;Alberta
6787,train,1.0,1.0,HUMAN,2.0,Canada;Calgary
6788,train,1.0,1.0,SUPPORT,1.0,Alberta
6789,train,1.0,1.0,SUPPORT,1.0,Calgary
6790,train,0.0,0.8888888888888888,,0.0,
6791,train,1.0,1.0,NEEDS,2.0,Alberta
6792,train,1.0,1.0,OTHER,1.0,Calgary
6793,train,0.0,1.0,,0.0,
6794,train,1.0,1.0,AID,1.0,McMahon Stadium;Calgary
6795,train,1.0,1.0,SUPPORT,1.0,Calgary
6797,train,0.0,1.0,,0.0,
6798,train,0.0,1.0,,0.0,
6799,train,0.0,1.0,,0.0,
6800,train,0.0,1.0,,0.0,
3999,train,1.0,1.0,OTHER,1.0,Calgary
6802,train,1.0,1.0,AID,1.0,Calgary;Blackie;Medicine Hat;Drumheller;Canmore;High River
6803,train,0.0,1.0,,0.0,
6804,train,0.0,1.0,,0.0,
6805,train,0.0,1.0,,0.0,
6806,train,1.0,1.0,AID,1.0,Notable Calgary;Calgary
6807,train,1.0,1.0,ADVISORY,2.0,Calgary
6808,train,1.0,1.0,OTHER,1.0,Alberta
6809,train,1.0,1.0,OTHER,1.0,Calgary
6810,train,0.0,0.8888888888888888,,0.0,
6811,train,1.0,1.0,OTHER,2.0,Calgary Zoo
6812,train,0.0,1.0,,0.0,
6813,train,0.0,0.8888888888888888,,0.0,
6814,train,0.0,1.0,,0.0,
6815,train,1.0,1.0,HUMAN,2.0,Highwood River;Alberta;Calgary
6816,train,1.0,1.0,AID,1.0,Alberta
6818,train,1.0,1.0,EVAC,1.0,Calgary;Edmonton;Vancouver
6820,train,1.0,1.0,EVAC,2.0,Alberta;Canada
6821,train,1.0,1.0,PROPERTY,1.0,Carburn Park;Calgary
6822,train,0.0,1.0,,0.0,
6823,train,1.0,1.0,INFRA,1.0,High River;Alberta
6824,train,0.0,1.0,,0.0,
6825,train,0.0,1.0,,0.0,
6826,train,1.0,1.0,SUPPORT,1.0,Calgary
6827,train,1.0,1.0,AID,1.0,Calgary
6828,train,1.0,1.0,EVAC,2.0,Calgary
6829,train,1.0,1.0,OTHER,1.0,Calgary
6830,train,1.0,1.0,AID,1.0,Calgary Jewish Centre;Calgary
869,train,1.0,1.0,HUMAN,3.0,Inglewood;Calgary
6832,train,1.0,1.0,ADVISORY,1.0,Alberta
6833,train,1.0,1.0,EVAC,2.0,High River;Alberta
6834,train,0.0,1.0,,0.0,
6835,train,0.0,1.0,,0.0,
6836,train,0.0,1.0,,0.0,
6837,train,0.0,0.7777777777777778,,0.0,
6838,train,0.0,1.0,,0.0,
6839,train,0.0,1.0,,0.0,
6840,train,1.0,1.0,SUPPORT,1.0,Calgary
6841,train,0.0,1.0,,0.0,
6842,train,0.0,1.0,,0.0,
840,train,1.0,1.0,INFRA,2.0,Canada
6844,train,0.0,1.0,,0.0,
6846,train,0.0,0.8888888888888888,,0.0,
6847,train,1.0,1.0,OTHER,1.0,Calgary;Alberta
6848,train,0.0,1.0,,0.0,
6849,train,1.0,1.0,PROPERTY,1.0,Ship and Anchor;Calgary
6850,train,1.0,1.0,PROPERTY,1.0,Calgary
6851,train,1.0,1.0,PROPERTY,2.0,Kananaskis Golf Course;Kananaskis
6852,train,0.0,1.0,,0.0,
6853,train,0.0,0.7777777777777778,,0.0,
6854,train,0.0,1.0,,0.0,
6855,train,1.0,1.0,SUPPORT,1.0,Calgary;Alberta
1975,train,1.0,1.0,HUMAN,2.0,Calgary
6857,train,0.0,1.0,,0.0,
6858,train,0.0,1.0,,0.0,
6859,train,1.0,1.0,NEEDS,2.0,Morley Reserve;Alberta
6860,train,0.0,1.0,,0.0,
6861,train,1.0,1.0,SUPPORT,1.0,Calgary;Alberta
6863,train,0.0,1.0,,0.0,
6864,train,1.0,1.0,EVAC,2.0,Calgary
6865,train,0.0,1.0,,0.0,
6866,train,1.0,1.0,NEEDS,2.0,Alberta
6867,train,1.0,1.0,AID,1.0,Alberta
6868,train,1.0,1.0,INFRA,2.0,Bragg Creek;Alberta
6869,train,1.0,1.0,AID,1.0,Calgary
6870,train,1.0,1.0,OTHER,1.0,Calgary
6871,train,1.0,1.0,OTHER,1.0,Calgary;Alberta
6872,train,0.0,1.0,,0.0,
6873,train,1.0,1.0,INFRA,1.0,Southern Alberta
6875,train,1.0,1.0,INFRA,2.0,Civic Centre;Calgary;Alberta
6876,train,0.0,1.0,,0.0,
6878,train,1.0,1.0,OTHER,1.0,Alberta
6879,train,1.0,1.0,PROPERTY,1.0,Alberta
6880,train,0.0,1.0,,0.0,
6881,train,1.0,1.0,PROPERTY,2.0,Medicine Hat;Alberta
6883,train,0.0,1.0,,0.0,
6885,train,0.0,1.0,,0.0,
6886,train,1.0,1.0,NEEDS,1.0,Alberta
201,train,1.0,1.0,SUPPORT,1.0,Calgary
6889,train,0.0,1.0,,0.0,
6890,train,0.0,1.0,,0.0,
6891,train,1.0,1.0,EVAC,2.0,Bragg Creek;Alberta
6892,train,1.0,1.0,AID,2.0,Calgary
6893,train,0.0,1.0,,0.0,
6894,train,1.0,1.0,OTHER,1.0,British Columbia;Alberta
6895,train,0.0,1.0,,0.0,
6896,train,1.0,1.0,HUMAN,3.0,Calgary
6897,train,1.0,1.0,OTHER,1.0,Calgary;Southern Alberta
6898,train,0.0,1.0,,0.0,
6899,train,1.0,1.0,OTHER,1.0,Alberta
6901,train,1.0,1.0,AID,1.0,Alberta
376,train,1.0,1.0,OTHER,1.0,Alberta
6903,train,0.0,1.0,,0.0,
6904,train,1.0,1.0,SUPPORT,1.0,Alberta
6906,train,1.0,1.0,HUMAN,2.0,Alberta
6907,train,1.0,1.0,INFRA,2.0,Canada
6909,train,0.0,1.0,,0.0,
6910,train,1.0,1.0,SUPPORT,1.0,Calgary
6911,train,1.0,1.0,PROPERTY,2.0,Scotiabank Saddledome;Calgary
6912,train,0.0,0.8888888888888888,,0.0,
6914,train,1.0,1.0,AID,1.0,Calgary
2542,train,1.0,1.0,SUPPORT,1.0,Calgary;Alberta
6916,train,0.0,1.0,,0.0,
6917,train,1.0,1.0,OTHER,1.0,Calgary;Alberta
6918,train,0.0,1.0,,0.0,
6919,train,0.0,1.0,,0.0,
6920,train,0.0,1.0,,0.0,
6921,train,1.0,1.0,INFRA,3.0,Alyth;Bow River;Calgary
6922,train,1.0,1.0,AID,1.0,McMahon Stadium;Calgary
6923,train,1.0,1.0,OTHER,1.0,Alberta
6924,train,1.0,1.0,SUPPORT,1.0,Calgary
6925,train,0.0,1.0,,0.0,
6926,train,0.0,1.0,,0.0,
6927,train,1.0,1.0,OTHER,1.0,Calgary
6928,train,1.0,1.0,EVAC,2.0,Hillhurst;Bridgeland;Discovery Ridge;Calgary
6929,train,0.0,1.0,,0.0,
6930,train,0.0,1.0,,0.0,
6931,train,0.0,1.0,,0.0,
230,train,1.0,1.0,AID,1.0,Alberta
6933,train,1.0,1.0,NEEDS,2.0,Calgary Humane Society;Calgary;Alberta
6934,train,1.0,1.0,OTHER,1.0,University of Calgary;Calgary
262,train,0.0,1.0,,0.0,
6936,train,0.0,1.0,,0.0,
6938,train,0.0,1.0,,0.0,
6939,train,0.0,0.8888888888888888,,0.0,
6940,train,0.0,1.0,,0.0,
6941,train,1.0,1.0,OTHER,2.0,Calgary Zoo;Calgary
6942,train,0.0,1.0,,0.0,
6943,train,1.0,1.0,AID,1.0,Calgary
6944,train,0.0,1.0,,0.0,
6945,train,1.0,1.0,OTHER,1.0,Alberta
6946,train,0.0,1.0,,0.0,
6862,train,1.0,1.0,ADVISORY,1.0,Calgary
6948,train,1.0,1.0,SUPPORT,1.0,Calgary
6949,train,0.0,1.0,,0.0,
6950,train,1.0,1.0,AID,1.0,Alberta
6951,train,1.0,1.0,EVAC,1.0,Calgary
6953,train,0.0,1.0,,0.0,
1621,train,1.0,1.0,ADVISORY,2.0,Calgary
6955,train,0.0,0.8888888888888888,,0.0,
6956,train,0.0,1.0,,0.0,
6957,train,1.0,1.0,ADVISORY,2.0,The Pas;Opaskwayak Cree Nation;Alberta
6958,train,0.0,0.8888888888888888,,0.0,
6960,train,0.0,0.8888888888888888,,0.0,
6964,train,1.0,1.0,PROPERTY,2.0,Medicine Hat
6965,train,1.0,0.7777777777777778,OTHER,1.0,
6966,train,1.0,1.0,AID,1.0,Calgary
6967,train,0.0,1.0,,0.0,
6968,train,1.0,1.0,HUMAN,2.0,Calgary
6969,train,0.0,1.0,,0.0,
6970,train,1.0,1.0,AID,1.0,Calgary;Toronto
2096,train,1.0,1.0,HUMAN,2.0,High River
6972,train,0.0,1.0,,0.0,
6973,train,0.0,1.0,,0.0,
6974,train,0.0,1.0,,0.0,
6975,train,1.0,0.8888888888888888,PROPERTY,1.0,Stanley Park;Calgary
6977,train,0.0,1.0,,0.0,
6980,train,1.0,1.0,ADVISORY,1.0,Calgary
6982,train,0.0,1.0,,0.0,
6983,train,0.0,1.0,,0.0,
6984,train,1.0,1.0,OTHER,1.0,Edmonton
2851,train,1.0,1.0,PROPERTY,1.0,Bow River;Niagara Falls
6988,train,0.0,1.0,,0.0,
6989,train,1.0,1.0,AID,1.0,Cambodia;Calgary
6990,train,1.0,1.0,OTHER,1.0,Alberta
6991,train,1.0,1.0,SUPPORT,1.0,Calgary
6994,train,1.0,1.0,OTHER,1.0,
6995,train,0.0,1.0,,0.0,
6996,train,1.0,1.0,INFRA,2.0,Calgary;Bankers Hall
6997,train,0.0,1.0,,0.0,
4760,train,1.0,1.0,AID,1.0,Calgary
6999,train,0.0,1.0,,0.0,
7000,train,1.0,1.0,AID,1.0,Calgary;Commonwealth Bar & Stage
7001,train,0.0,1.0,,0.0,
7002,train,0.0,1.0,,0.0,
7003,train,0.0,1.0,,0.0,
7004,train,0.0,1.0,,0.0,
7005,train,0.0,1.0,,0.0,
7006,train,0.0,0.8888888888888888,,0.0,
7007,train,1.0,1.0,OTHER,1.0,Calgary
7009,train,1.0,1.0,INFRA,2.0,Calgary
7010,train,0.0,1.0,,0.0,
7012,train,1.0,1.0,AID,1.0,Marda Loop;Calgary
7013,train,0.0,1.0,,0.0,
7015,train,1.0,1.0,OTHER,1.0,
7016,train,0.0,1.0,,0.0,
7017,train,0.0,1.0,,0.0,
7018,train,0.0,1.0,,0.0,
7019,train,0.0,0.8888888888888888,,0.0,
7020,train,0.0,1.0,,0.0,
7021,train,1.0,1.0,AID,1.0,Alberta;Calgary
7023,train,0.0,1.0,,0.0,
7024,train,0.0,1.0,,0.0,
7025,train,0.0,1.0,,0.0,
7026,train,0.0,1.0,,0.0,
7027,train,1.0,1.0,ADVISORY,2.0,Harvest Hills;Calgary
7028,train,0.0,1.0,,0.0,
7029,train,0.0,1.0,,0.0,
7030,train,0.0,1.0,,0.0,
7031,train,1.0,1.0,PROPERTY,2.0,Scotiabank Saddledome
7032,train,1.0,1.0,AID,1.0,Alberta
7033,train,0.0,1.0,,0.0,
7034,train,0.0,1.0,,0.0,
7035,train,0.0,1.0,,0.0,
7036,train,0.0,1.0,,0.0,
7037,train,1.0,1.0,INFRA,2.0,Calgary
7038,train,1.0,1.0,SUPPORT,1.0,Southern Alberta
7039,train,0.0,1.0,,0.0,
7040,train,1.0,1.0,OTHER,1.0,Calgary
7041,train,1.0,1.0,INFRA,2.0,Downtown Calgary
7043,train,0.0,1.0,,0.0,
7044,train,0.0,1.0,,0.0,
7045,train,0.0,1.0,,0.0,
7048,train,1.0,1.0,ADVISORY,1.0,Alberta
7049,train,0.0,1.0,,0.0,
7050,train,1.0,1.0,OTHER,1.0,Alberta
7051,train,0.0,1.0,,0.0,
7052,train,1.0,1.0,PROPERTY,2.0,Calgary;National Music Centre
7053,train,1.0,1.0,OTHER,2.0,Scotiabank Saddledome
7054,train,1.0,1.0,OTHER,1.0,Alberta
7055,train,1.0,1.0,AID,2.0,Siksika;Morley
7057,train,1.0,1.0,AID,1.0,Calgary
7058,train,0.0,1.0,,0.0,
7059,train,1.0,1.0,AID,1.0,"Ward 9, Calgary;Erlton;Calgary"
7060,train,1.0,1.0,AID,1.0,Alberta
7061,train,0.0,1.0,,0.0,
7062,train,1.0,1.0,OTHER,1.0,Calgary
7063,train,1.0,1.0,AID,2.0,Calgary;Canmore
7064,train,0.0,1.0,,0.0,
7065,train,0.0,1.0,,0.0,
7066,train,1.0,1.0,SUPPORT,1.0,Calgary
7067,train,1.0,1.0,PROPERTY,1.0,Elbow River
7070,train,0.0,0.7777777777777778,,0.0,
7071,train,0.0,1.0,,0.0,
7072,train,0.0,1.0,,0.0,
7073,train,0.0,0.8888888888888888,,0.0,
7074,train,0.0,1.0,,0.0,
7075,train,1.0,1.0,HUMAN,1.0,Calgary
7076,train,0.0,1.0,,0.0,
7077,train,1.0,1.0,EVAC,2.0,Canada Olympic Park;WinSport Canada;Calgary
7078,train,1.0,1.0,ADVISORY,2.0,Calgary
7079,train,1.0,1.0,OTHER,1.0,Alberta
7080,train,0.0,1.0,,0.0,
7081,train,1.0,1.0,EVAC,2.0,Western Canada
7082,train,0.0,1.0,,0.0,
7083,train,1.0,1.0,ADVISORY,1.0,Alberta
7084,train,1.0,1.0,EVAC,2.0,Calgary
7085,train,1.0,1.0,INFRA,2.0,Eden Valley
7086,train,1.0,1.0,AID,1.0,Alberta
7087,train,1.0,1.0,OTHER,1.0,Edmonton
7088,train,1.0,0.7777777777777778,NEEDS,2.0,
7089,train,1.0,1.0,PROPERTY,1.0,Calgary
7090,train,0.0,1.0,,0.0,
7091,train,0.0,1.0,,0.0,
7092,train,0.0,1.0,,0.0,
7093,train,0.0,1.0,,0.0,
7094,train,0.0,0.8888888888888888,,0.0,
7095,train,1.0,1.0,AID,1.0,Calgary
1949,train,1.0,1.0,ADVISORY,2.0,Calgary
7099,train,0.0,1.0,,0.0,
7100,train,0.0,1.0,,0.0,
7101,train,1.0,1.0,ADVISORY,1.0,Calgary
7102,train,0.0,0.8888888888888888,,0.0,
7103,train,1.0,1.0,OTHER,1.0,Calgary
7104,train,0.0,1.0,,0.0,
7105,train,0.0,1.0,,0.0,
7106,train,0.0,1.0,,0.0,
7107,train,0.0,1.0,,0.0,
7109,train,1.0,1.0,EVAC,3.0,Downtown Calgary
7110,train,1.0,1.0,EVAC,2.0,Calgary;Alberta
7111,train,1.0,1.0,PROPERTY,1.0,"Deer Run, Calgary;146 Avenue, Calgary"
7112,train,1.0,1.0,AID,1.0,Calgary
7113,train,1.0,1.0,INFRA,2.0,Cochrane
7114,train,1.0,1.0,INFRA,2.0,Trans-Canada Highway
7115,train,0.0,1.0,,0.0,
7116,train,0.0,1.0,,0.0,
7117,train,1.0,1.0,SUPPORT,1.0,Canmore
7118,train,1.0,1.0,INFRA,2.0,Calgary
7119,train,0.0,1.0,,0.0,
7121,train,1.0,1.0,PROPERTY,2.0,Alberta;High River
7123,train,0.0,1.0,,0.0,
7124,train,0.0,1.0,,0.0,
4030,train,1.0,1.0,EVAC,2.0,Calgary
7126,train,1.0,1.0,ADVISORY,2.0,Red Deer River;Drumheller
7127,train,1.0,1.0,OTHER,1.0,
7128,train,1.0,1.0,PROPERTY,2.0,Scotiabank Saddledome;Calgary
7130,train,1.0,1.0,AID,1.0,High River
7131,train,0.0,0.8888888888888888,,0.0,
7132,train,0.0,1.0,,0.0,
7134,train,0.0,1.0,,0.0,
7136,train,0.0,1.0,,0.0,
7137,train,0.0,1.0,,0.0,
7138,train,0.0,1.0,,0.0,
7139,train,1.0,1.0,AID,1.0,Alberta
7141,train,1.0,1.0,SUPPORT,1.0,Calgary
7143,train,1.0,1.0,SUPPORT,1.0,Calgary
7144,train,1.0,1.0,HUMAN,2.0,High River
7146,train,0.0,0.8888888888888888,,0.0,
7147,train,1.0,1.0,OTHER,1.0,Edmonton
7148,train,1.0,1.0,OTHER,1.0,
7149,train,1.0,1.0,OTHER,1.0,Calgary
7150,train,0.0,1.0,,0.0,
7151,train,1.0,1.0,OTHER,1.0,Calgary Stampede;Calgary
7153,train,1.0,1.0,NEEDS,2.0,
7154,train,0.0,1.0,,0.0,
7156,train,0.0,1.0,,0.0,
7157,train,1.0,1.0,ADVISORY,1.0,Calgary
7158,train,0.0,1.0,,0.0,
7160,train,0.0,1.0,,0.0,
7161,train,1.0,1.0,AID,1.0,High River
7162,train,1.0,1.0,OTHER,1.0,Calgary;Bow River
7164,train,1.0,1.0,INFRA,2.0,
7165,train,0.0,1.0,,0.0,
7166,train,0.0,1.0,,0.0,
7167,train,0.0,1.0,,0.0,
7168,train,1.0,1.0,OTHER,1.0,
7169,train,0.0,1.0,,0.0,
7170,train,1.0,1.0,EVAC,1.0,Calgary
7171,train,1.0,1.0,OTHER,1.0,Calgary
7172,train,0.0,1.0,,0.0,
7173,train,0.0,1.0,,0.0,
7174,train,0.0,1.0,,0.0,
4980,train,1.0,1.0,OTHER,1.0,Calgary
7177,train,0.0,1.0,,0.0,
7178,train,1.0,1.0,SUPPORT,1.0,Calgary
7179,train,0.0,1.0,,0.0,
7180,train,0.0,1.0,,0.0,
7181,train,1.0,1.0,ADVISORY,1.0,Calgary
7182,train,0.0,1.0,,0.0,
7183,train,1.0,1.0,INFRA,2.0,Calgary
7184,train,0.0,1.0,,0.0,
7185,train,1.0,1.0,PROPERTY,2.0,
7186,train,0.0,1.0,,0.0,
5931,train,1.0,1.0,PROPERTY,2.0,Kananaskis Country;Canmore
7188,train,0.0,1.0,,0.0,
7189,train,1.0,1.0,INFRA,2.0,Trans-Canada Highway
7190,train,0.0,1.0,,0.0,
7191,train,1.0,1.0,INFRA,2.0,Calgary
7192,train,1.0,1.0,OTHER,1.0,Calgary
7195,train,1.0,1.0,AID,1.0,Alberta
7196,train,1.0,0.8888888888888888,OTHER,1.0,Calgary
7197,train,0.0,1.0,,0.0,
7198,train,1.0,1.0,SUPPORT,1.0,Calgary
7199,train,0.0,1.0,,0.0,
7201,train,0.0,1.0,,0.0,
7202,train,1.0,1.0,INFRA,2.0,Edmonton;Calgary
7203,train,1.0,1.0,OTHER,2.0,Queensland;Calgary
7204,train,0.0,1.0,,0.0,
7205,train,1.0,1.0,OTHER,1.0,Calgary;Ranchmans
7206,train,0.0,1.0,,0.0,
7208,train,0.0,1.0,,0.0,
7209,train,1.0,1.0,NEEDS,2.0,Calgary
7210,train,0.0,1.0,,0.0,
7211,train,0.0,1.0,,0.0,
7212,train,0.0,1.0,,0.0,
7213,train,1.0,0.8888888888888888,AID,1.0,
7214,train,0.0,1.0,,0.0,
7215,train,1.0,1.0,OTHER,1.0,Calgary
7216,train,1.0,1.0,PROPERTY,1.0,Calgary Zoo;Calgary
7217,train,0.0,1.0,,0.0,
7218,train,1.0,1.0,PROPERTY,2.0,Medicine Hat
7219,train,0.0,1.0,,0.0,
7220,train,0.0,1.0,,0.0,
7221,train,0.0,1.0,,0.0,
7223,train,1.0,1.0,OTHER,1.0,
7224,train,0.0,1.0,,0.0,
7225,train,0.0,1.0,,0.0,
7226,train,1.0,1.0,OTHER,1.0,Toronto
7227,train,1.0,1.0,ADVISORY,1.0,High River
7229,train,1.0,1.0,AID,1.0,
7230,train,0.0,1.0,,0.0,
7231,train,0.0,1.0,,0.0,
7232,train,1.0,1.0,ADVISORY,1.0,Calgary
7233,train,1.0,1.0,AID,1.0,Alberta
7234,train,0.0,1.0,,0.0,
7235,train,0.0,1.0,,0.0,
7239,train,1.0,0.8888888888888888,OTHER,1.0,
7240,train,1.0,1.0,INFRA,2.0,Banff;Lake Louise
7241,train,0.0,1.0,,0.0,
7242,train,0.0,1.0,,0.0,
7243,train,1.0,1.0,PROPERTY,2.0,
7244,train,1.0,1.0,AID,1.0,Calgary
7245,train,0.0,1.0,,0.0,
7246,train,0.0,1.0,,0.0,
7247,train,1.0,1.0,SUPPORT,1.0,Calgary
7248,train,0.0,1.0,,0.0,
7249,train,1.0,1.0,PROPERTY,2.0,
7250,train,1.0,1.0,SUPPORT,1.0,Calgary
7251,train,1.0,1.0,PROPERTY,1.0,Bow River;Elbow River;Calgary;Alberta
7252,train,1.0,1.0,INFRA,2.0,
7253,train,0.0,1.0,,0.0,
7254,train,0.0,1.0,,0.0,
7256,train,1.0,1.0,AID,1.0,Siksika;Morley;Eden Valley
7257,train,1.0,1.0,AID,1.0,Calgary;Alberta
7258,train,0.0,1.0,,0.0,
7259,train,0.0,1.0,,0.0,
7260,train,1.0,1.0,AID,1.0,Siksika
7261,train,1.0,1.0,OTHER,1.0,Calgary
7262,train,1.0,1.0,HUMAN,2.0,Calgary
7263,train,1.0,1.0,SUPPORT,1.0,Calgary
7264,train,1.0,1.0,PROPERTY,1.0,Canmore;Alberta
7265,train,0.0,1.0,,0.0,
7266,train,1.0,1.0,INFRA,2.0,Calgary;Heritage Drive;11th Street SE
7267,train,1.0,1.0,SUPPORT,1.0,Calgary
7268,train,1.0,1.0,OTHER,1.0,
7269,train,1.0,1.0,NEEDS,1.0,
7270,train,0.0,1.0,,0.0,
7142,train,0.0,1.0,,0.0,
7272,train,1.0,1.0,OTHER,1.0,Alberta
7273,train,0.0,1.0,,0.0,
7274,train,1.0,0.8888888888888888,SUPPORT,1.0,
7276,train,1.0,1.0,AID,1.0,Siksika
7277,train,1.0,1.0,OTHER,1.0,Alberta
7278,train,1.0,1.0,PROPERTY,2.0,Alberta
7280,train,1.0,1.0,AID,1.0,
7281,train,1.0,1.0,SUPPORT,1.0,Calgary
7282,train,1.0,1.0,ADVISORY,1.0,
7283,train,0.0,1.0,,0.0,
7284,train,1.0,1.0,INFRA,2.0,
7285,train,0.0,1.0,,0.0,
7286,train,0.0,1.0,,0.0,
7287,train,1.0,1.0,AID,1.0,Calgary;2108B 33 Ave SW
7288,train,0.0,1.0,,0.0,
7289,train,1.0,1.0,OTHER,1.0,Southern Alberta
7290,train,0.0,1.0,,0.0,
7291,train,0.0,1.0,,0.0,
7293,train,1.0,1.0,INFRA,1.0,East Village;Calgary
7294,train,0.0,1.0,,0.0,
961,train,1.0,1.0,NEEDS,2.0,Siksika;Calgary
7296,train,1.0,1.0,PROPERTY,1.0,Canmore
7297,train,0.0,1.0,,0.0,
7298,train,0.0,1.0,,0.0,
7299,train,1.0,1.0,OTHER,1.0,Alberta;Calgary
7300,train,0.0,1.0,,0.0,
6500,train,1.0,1.0,OTHER,1.0,Calgary Zoo;Calgary Court House
7303,train,0.0,1.0,,0.0,
7304,train,1.0,1.0,AID,1.0,Alberta
7306,train,0.0,1.0,,0.0,
7307,train,1.0,1.0,OTHER,1.0,Calgary;Queensland Liquor Store
7308,train,1.0,1.0,EVAC,2.0,Comox Valley;High River
7310,train,0.0,1.0,,0.0,
7311,train,0.0,1.0,,0.0,
4727,train,1.0,1.0,PROPERTY,1.0,Alberta
7313,train,1.0,1.0,SUPPORT,1.0,Calgary
7314,train,1.0,1.0,AID,1.0,Calgary
7315,train,1.0,1.0,PROPERTY,1.0,Fish Creek Park;Calgary
7316,train,0.0,1.0,,0.0,
7317,train,1.0,1.0,INFRA,2.0,
7319,train,1.0,1.0,SUPPORT,1.0,Calgary
7320,train,1.0,1.0,AID,1.0,Calgary;McMahon Stadium
7322,train,0.0,1.0,,0.0,
7324,train,0.0,1.0,,0.0,
7326,train,0.0,1.0,,0.0,
7327,train,1.0,1.0,AID,1.0,Alberta
7328,train,0.0,1.0,,0.0,
7329,train,0.0,1.0,,0.0,
7330,train,0.0,1.0,,0.0,
7331,train,1.0,1.0,OTHER,1.0,Calgary
7332,train,0.0,1.0,,0.0,
7333,train,0.0,1.0,,0.0,
7334,train,0.0,1.0,,0.0,
7335,train,1.0,1.0,OTHER,1.0,India;Alberta
7336,train,1.0,1.0,SUPPORT,1.0,Calgary
7337,train,1.0,1.0,SUPPORT,1.0,Southern Alberta;Medicine Hat
7338,train,0.0,1.0,,0.0,
7339,train,1.0,1.0,AID,1.0,Calgary
7340,train,1.0,1.0,PROPERTY,2.0,Stampede Grounds
7341,train,0.0,0.8888888888888888,,0.0,
7342,train,1.0,1.0,PROPERTY,1.0,Calgary
5797,train,1.0,1.0,PROPERTY,2.0,Saddledome;Calgary;Alberta
7344,train,1.0,1.0,PROPERTY,1.0,Calgary;Southern Alberta
7345,train,0.0,1.0,,0.0,
7346,train,0.0,1.0,,0.0,
7347,train,1.0,1.0,SUPPORT,1.0,Calgary
7348,train,0.0,1.0,,0.0,
7349,train,1.0,1.0,ADVISORY,2.0,Calgary
7350,train,1.0,1.0,PROPERTY,2.0,Bow River;Calgary
7351,train,1.0,1.0,SUPPORT,1.0,Alberta
7353,train,0.0,1.0,,0.0,
7354,train,1.0,1.0,OTHER,1.0,Calgary
7355,train,0.0,1.0,,0.0,
7356,train,1.0,1.0,EVAC,3.0,Calgary
7357,train,0.0,1.0,,0.0,
7358,train,1.0,1.0,PROPERTY,1.0,Chaparral Valley;Calgary
7360,train,1.0,1.0,ADVISORY,1.0,Calgary
7361,train,0.0,1.0,,0.0,
7363,train,0.0,1.0,,0.0,
7364,train,1.0,1.0,OTHER,1.0,Alberta
7365,train,1.0,1.0,AID,1.0,Alberta
7366,train,0.0,1.0,,0.0,
7367,train,0.0,1.0,,0.0,
7368,train,1.0,1.0,INFRA,2.0,Calgary;Southern Alberta
7369,train,1.0,1.0,OTHER,1.0,Calgary
7370,train,1.0,1.0,SUPPORT,1.0,Morley;Cochrane
7371,train,1.0,1.0,ADVISORY,2.0,Medicine Hat
7372,train,0.0,1.0,,0.0,
7373,train,0.0,1.0,,0.0,
7374,train,0.0,1.0,,0.0,
7375,train,0.0,1.0,,0.0,
7376,train,1.0,1.0,ADVISORY,1.0,Calgary
7377,train,1.0,1.0,HUMAN,2.0,Calgary
7378,train,1.0,1.0,OTHER,1.0,Calgary Zoo;Calgary
7379,train,1.0,1.0,AID,1.0,Airdrie
7380,train,1.0,1.0,SUPPORT,1.0,Calgary
7381,train,0.0,1.0,,0.0,
7382,train,1.0,1.0,INFRA,1.0,Calgary;11th Street;Chinook
7383,train,0.0,1.0,,0.0,
7384,train,1.0,1.0,OTHER,1.0,Alberta;Calgary
7385,train,0.0,0.8888888888888888,,0.0,
7386,train,1.0,1.0,AID,1.0,Willow Natural Foods;Inglewood;Calgary
7387,train,1.0,1.0,INFRA,2.0,Canmore;Trans-Canada Highway;Alberta
7388,train,0.0,1.0,,0.0,
7390,train,1.0,1.0,PROPERTY,2.0,Poppy Plaza;Memorial Drive;Bow River;Calgary
7391,train,1.0,1.0,OTHER,1.0,Alberta
7392,train,1.0,1.0,SUPPORT,1.0,Calgary
7393,train,1.0,1.0,AID,1.0,
7394,train,1.0,1.0,INFRA,2.0,Calgary
7395,train,1.0,0.8888888888888888,EVAC,1.0,
7396,train,0.0,1.0,,0.0,
7398,train,1.0,1.0,EVAC,3.0,Calgary
2633,train,1.0,1.0,PROPERTY,2.0,Saddledome;Calgary
7400,train,0.0,1.0,,0.0,
7401,train,1.0,1.0,AID,1.0,Calgary
7402,train,0.0,1.0,,0.0,
7403,train,0.0,1.0,,0.0,
7404,train,1.0,1.0,ADVISORY,2.0,Calgary
7405,train,0.0,1.0,,0.0,
7406,train,1.0,1.0,OTHER,1.0,Calgary
7407,train,0.0,1.0,,0.0,
7408,train,1.0,0.8888888888888888,ADVISORY,1.0,
7409,train,0.0,1.0,,0.0,
7410,train,1.0,1.0,SUPPORT,1.0,Calgary Tower;Calgary
7411,train,1.0,1.0,HUMAN,2.0,Didsbury
7412,train,0.0,1.0,,0.0,
7413,train,1.0,1.0,OTHER,1.0,Alberta
7414,train,1.0,1.0,SUPPORT,1.0,Calgary
7415,train,1.0,1.0,SUPPORT,1.0,Calgary;Edmonton
7416,train,0.0,1.0,,0.0,
7417,train,0.0,1.0,,0.0,
7418,train,0.0,1.0,,0.0,
7419,train,0.0,1.0,,0.0,
7420,train,0.0,1.0,,0.0,
7421,train,0.0,1.0,,0.0,
7422,train,1.0,1.0,HUMAN,2.0,Canada
7423,train,1.0,1.0,AID,1.0,Edmonton Trail Relief Center
7425,train,0.0,1.0,,0.0,
7426,train,0.0,1.0,,0.0,
7427,train,1.0,1.0,AID,1.0,High River
7428,train,1.0,1.0,ADVISORY,3.0,Calgary
7429,train,1.0,1.0,INFRA,2.0,Medicine Hat;Trans Canada bridge
7431,train,0.0,1.0,,0.0,
7432,train,1.0,1.0,INFRA,2.0,Calgary
7433,train,0.0,1.0,,0.0,
7434,train,0.0,1.0,,0.0,
7435,train,1.0,1.0,EVAC,1.0,Calgary
7436,train,0.0,1.0,,0.0,
7437,train,0.0,1.0,,0.0,
7438,train,1.0,1.0,EVAC,2.0,Kananaskis
7440,train,0.0,1.0,,0.0,
7441,train,1.0,1.0,AID,1.0,Alberta
7443,train,1.0,1.0,AID,1.0,Alberta
7444,train,0.0,1.0,,0.0,
7445,train,0.0,1.0,,0.0,
7446,train,1.0,1.0,PROPERTY,2.0,Alberta
7447,train,1.0,1.0,AID,1.0,Calgary
7448,train,1.0,1.0,EVAC,2.0,British Columbia;Alberta
7450,train,0.0,0.8888888888888888,,0.0,
7453,train,1.0,1.0,OTHER,1.0,Calgary
7454,train,0.0,1.0,,0.0,
7455,train,1.0,1.0,ADVISORY,1.0,Alberta
7456,train,0.0,1.0,,0.0,
7457,train,0.0,1.0,,0.0,
7458,train,1.0,1.0,AID,1.0,Alberta
7459,train,0.0,0.8888888888888888,,0.0,
7460,train,0.0,1.0,,0.0,
7461,train,0.0,1.0,,0.0,
7462,train,1.0,1.0,NEEDS,3.0,
7463,train,1.0,0.8888888888888888,SUPPORT,1.0,
7464,train,1.0,1.0,OTHER,1.0,Alberta
7465,train,1.0,1.0,AID,1.0,Alberta
7466,train,0.0,1.0,,0.0,
7468,train,0.0,0.8888888888888888,,0.0,
7469,train,1.0,1.0,ADVISORY,2.0,Calgary
7470,train,0.0,1.0,,0.0,
7471,train,0.0,1.0,,0.0,
7472,train,1.0,1.0,AID,1.0,Calgary
7473,train,1.0,1.0,OTHER,1.0,Alberta
7474,train,0.0,1.0,,0.0,
7475,train,1.0,1.0,ADVISORY,1.0,Calgary
7476,train,1.0,1.0,NEEDS,3.0,Churchill Square
7477,train,1.0,1.0,INFRA,2.0,City Hall;Calgary
7478,train,0.0,1.0,,0.0,
7479,train,1.0,1.0,AID,1.0,Calgary
7480,train,1.0,1.0,PROPERTY,1.0,Calgary
7481,train,1.0,1.0,PROPERTY,2.0,Rowan House;High River;Alberta
7482,train,1.0,1.0,OTHER,1.0,Calgary
7483,train,0.0,1.0,,0.0,
7485,train,0.0,0.8888888888888888,,0.0,
7486,train,1.0,1.0,ADVISORY,1.0,Calgary
7487,train,0.0,1.0,,0.0,
7488,train,1.0,1.0,PROPERTY,1.0,Calgary
7489,train,1.0,1.0,AID,1.0,Calgary
7491,train,1.0,1.0,AID,1.0,Calgary Farmers' Market;Calgary
7492,train,0.0,0.7777777777777778,,0.0,
7493,train,0.0,1.0,,0.0,
7494,train,0.0,1.0,,0.0,
7495,train,1.0,1.0,AID,1.0,Calgary
7496,train,1.0,1.0,ADVISORY,1.0,Medicine Hat;Calgary
7497,train,1.0,1.0,OTHER,1.0,Alberta
7498,train,1.0,1.0,ADVISORY,1.0,Medicine Hat
7499,train,0.0,1.0,,0.0,
7500,train,1.0,1.0,HUMAN,1.0,Alberta
7501,train,1.0,1.0,OTHER,1.0,Calgary Zoo;Calgary Court House;Calgary
7502,train,0.0,0.8888888888888888,,0.0,
7503,train,0.0,1.0,,0.0,
7504,train,1.0,1.0,HUMAN,2.0,Calgary Zoo;Calgary
7505,train,1.0,0.8888888888888888,ADVISORY,2.0,
7506,train,0.0,1.0,,0.0,
7507,train,0.0,1.0,,0.0,
7508,train,1.0,1.0,OTHER,1.0,Calgary
7509,train,0.0,1.0,,0.0,
7510,train,1.0,1.0,SUPPORT,1.0,Calgary;Colborne
1747,train,1.0,1.0,AID,1.0,McMahon stadium;Alberta
7512,train,1.0,0.8888888888888888,ADVISORY,1.0,Alberta
7513,train,1.0,1.0,OTHER,1.0,Alberta;Calgary;Canmore
7514,train,0.0,1.0,,0.0,
7515,train,1.0,0.8888888888888888,OTHER,1.0,Calgary
7516,train,1.0,1.0,ADVISORY,1.0,High River;Alberta
7517,train,1.0,1.0,PROPERTY,1.0,Red Deer;Alberta
7518,train,0.0,1.0,,0.0,
7519,train,0.0,1.0,,0.0,
7521,train,1.0,1.0,SUPPORT,1.0,Calgary
7522,train,1.0,1.0,ADVISORY,1.0,Alberta
7523,train,0.0,1.0,,0.0,
7524,train,1.0,1.0,AID,1.0,McMahon Stadium;Calgary
7525,train,0.0,1.0,,0.0,
7526,train,1.0,1.0,SUPPORT,1.0,Alberta
7528,train,1.0,1.0,EVAC,2.0,Calgary
7529,train,1.0,1.0,AID,1.0,Alberta
7530,train,0.0,1.0,,0.0,
7532,train,1.0,1.0,PROPERTY,1.0,Calgary
7533,train,1.0,1.0,OTHER,1.0,Calgary
7534,train,0.0,1.0,,0.0,
7535,train,0.0,1.0,,0.0,
7536,train,1.0,1.0,AID,1.0,Alberta
7538,train,1.0,1.0,OTHER,1.0,Alberta;Calgary
7539,train,0.0,1.0,,0.0,
7540,train,1.0,1.0,ADVISORY,2.0,Calgary
7541,train,1.0,1.0,INFRA,2.0,Inglewood;Calgary
7543,train,1.0,1.0,ADVISORY,1.0,Calgary
7545,train,1.0,1.0,NEEDS,2.0,Calgary
7546,train,0.0,0.8888888888888888,,0.0,
3208,train,1.0,1.0,OTHER,1.0,Calgary
7548,train,1.0,1.0,SUPPORT,1.0,Alberta
7549,train,0.0,1.0,,0.0,
7551,train,0.0,1.0,,0.0,
7552,train,1.0,1.0,SUPPORT,1.0,Calgary;Alberta
7553,train,0.0,1.0,,0.0,
7554,train,1.0,1.0,ADVISORY,2.0,Calgary
7555,train,0.0,1.0,,0.0,
7556,train,1.0,1.0,AID,1.0,Calgary
7557,train,1.0,1.0,AID,1.0,Alberta
7558,train,1.0,1.0,AID,1.0,Army & Navy;Calgary
7559,train,1.0,1.0,PROPERTY,2.0,Calgary
7560,train,1.0,1.0,HUMAN,2.0,Canada
7561,train,1.0,1.0,AID,1.0,Calgary
7562,train,0.0,1.0,,0.0,
7563,train,1.0,1.0,OTHER,1.0,Alberta
7564,train,0.0,1.0,,0.0,
7565,train,1.0,1.0,ADVISORY,1.0,Calgary
7566,train,0.0,1.0,,0.0,
7567,train,0.0,1.0,,0.0,
7568,train,0.0,1.0,,0.0,
7569,train,0.0,1.0,,0.0,
7570,train,0.0,1.0,,0.0,
7571,train,0.0,1.0,,0.0,
7572,train,0.0,1.0,,0.0,
7573,train,1.0,1.0,SUPPORT,1.0,Calgary
7574,train,1.0,1.0,SUPPORT,1.0,Erlton Ave SW;Calgary
7575,train,1.0,1.0,PROPERTY,2.0,Stanley Park Pool;Stanley Park;Calgary
7577,train,1.0,1.0,ADVISORY,2.0,Eau Claire Market;Calgary
7579,train,0.0,1.0,,0.0,
7580,train,1.0,1.0,AID,1.0,Canmore;Alberta
7581,train,0.0,1.0,,0.0,
7582,train,0.0,1.0,,0.0,
7583,train,0.0,1.0,,0.0,
7584,train,0.0,0.8888888888888888,,0.0,
7585,train,1.0,1.0,AID,1.0,Siksika;Alberta
323,train,1.0,1.0,EVAC,3.0,Medicine Hat;Calgary
7587,train,0.0,1.0,,0.0,
7588,train,0.0,1.0,,0.0,
7590,train,0.0,1.0,,0.0,
7591,train,1.0,1.0,SUPPORT,1.0,Calgary
7592,train,1.0,1.0,AID,1.0,Alberta
7593,train,0.0,1.0,,0.0,
7595,train,0.0,1.0,,0.0,
7596,train,1.0,1.0,INFRA,2.0,Goldbar;Alberta
7597,train,0.0,1.0,,0.0,
7598,train,0.0,1.0,,0.0,
7599,train,1.0,1.0,OTHER,1.0,Alberta
7600,train,1.0,1.0,PROPERTY,2.0,Calgary
7601,train,0.0,1.0,,0.0,
7602,train,1.0,1.0,SUPPORT,1.0,Western Canada
7603,train,0.0,1.0,,0.0,
7605,train,0.0,1.0,,0.0,
7607,train,0.0,1.0,,0.0,
7608,train,1.0,1.0,EVAC,1.0,Calgary
7609,train,1.0,1.0,AID,1.0,Airdrie;Alberta
7610,train,1.0,1.0,AID,1.0,Alberta;Calgary
7611,train,1.0,1.0,EVAC,2.0,Canada
7612,train,0.0,1.0,,0.0,
7613,train,1.0,1.0,INFRA,2.0,Downtown Calgary;Calgary
7614,train,1.0,1.0,AID,1.0,Calgary
7615,train,1.0,1.0,EVAC,2.0,Calgary;Red Deer
7616,train,1.0,1.0,OTHER,1.0,Calgary
7617,train,1.0,1.0,PROPERTY,2.0,Calgary Zoo;Calgary
7618,train,0.0,1.0,,0.0,
7619,train,1.0,1.0,PROPERTY,2.0,Calgary
7620,train,1.0,1.0,SUPPORT,1.0,Calgary
7621,train,1.0,1.0,PROPERTY,2.0,
7622,train,0.0,1.0,,0.0,
7623,train,0.0,1.0,,0.0,
7624,train,0.0,1.0,,0.0,
7625,train,1.0,1.0,ADVISORY,1.0,Calgary;Alberta
7626,train,1.0,1.0,SUPPORT,1.0,
7627,train,0.0,1.0,,0.0,
7628,train,0.0,1.0,,0.0,
7629,train,0.0,1.0,,0.0,
7630,train,0.0,1.0,,0.0,
7631,train,0.0,1.0,,0.0,
7632,train,1.0,1.0,ADVISORY,1.0,Calgary
578,train,1.0,1.0,AID,1.0,Calgary
7634,train,1.0,1.0,AID,1.0,Calgary
7635,train,0.0,1.0,,0.0,
7636,train,0.0,1.0,,0.0,
7637,train,1.0,1.0,ADVISORY,1.0,Calgary
7638,train,1.0,1.0,NEEDS,3.0,Siksika Nation
7639,train,0.0,1.0,,0.0,
7640,train,1.0,1.0,INFRA,2.0,East Village;Calgary
7641,train,1.0,1.0,NEEDS,2.0,Siksika Nation
7642,train,1.0,1.0,INFRA,1.0,
7644,train,0.0,0.8888888888888888,,0.0,
7645,train,0.0,1.0,,0.0,
7646,train,1.0,1.0,PROPERTY,2.0,Calgary
7647,train,0.0,1.0,,0.0,
7648,train,0.0,1.0,,0.0,
7649,train,1.0,1.0,AID,1.0,
7650,train,1.0,1.0,OTHER,1.0,Alberta
7651,train,0.0,1.0,,0.0,
7652,train,0.0,1.0,,0.0,
7653,train,0.0,1.0,,0.0,
7654,train,0.0,1.0,,0.0,
7655,train,1.0,1.0,SUPPORT,1.0,Calgary
7656,train,0.0,1.0,,0.0,
7658,train,0.0,1.0,,0.0,
7659,train,0.0,1.0,,0.0,
7661,train,0.0,1.0,,0.0,
7662,train,1.0,0.8888888888888888,ADVISORY,2.0,Calgary
7664,train,1.0,1.0,AID,1.0,Calgary
7665,train,0.0,1.0,,0.0,
5647,train,0.0,0.8888888888888888,,0.0,
4121,train,1.0,1.0,ADVISORY,2.0,Calgary;downtown Calgary
7668,train,1.0,1.0,HUMAN,2.0,High River;Highwood River
7669,train,0.0,1.0,,0.0,
7670,train,1.0,1.0,AID,1.0,
631,train,1.0,1.0,EVAC,2.0,Deer Run;Quarry Park;Riverbend;Douglasdale
7674,train,1.0,1.0,SUPPORT,1.0,Calgary
7675,train,0.0,1.0,,0.0,
7676,train,1.0,1.0,INFRA,2.0,Okotoks;airport
7677,train,0.0,1.0,,0.0,
7678,train,0.0,1.0,,0.0,
7679,train,1.0,1.0,AID,1.0,
6959,train,1.0,1.0,HUMAN,2.0,Calgary
7681,train,0.0,1.0,,0.0,
7682,train,0.0,1.0,,0.0,
7683,train,0.0,1.0,,0.0,
7684,train,0.0,1.0,,0.0,
7439,train,0.0,1.0,,0.0,
7686,train,1.0,1.0,INFRA,2.0,Calgary;CP rail bridge
7687,train,0.0,1.0,,0.0,
7688,train,1.0,1.0,NEEDS,2.0,Calgary
7690,train,1.0,1.0,SUPPORT,1.0,
7691,train,0.0,1.0,,0.0,
7692,train,1.0,1.0,SUPPORT,1.0,Calgary
7693,train,1.0,1.0,ADVISORY,1.0,Calgary
7694,train,1.0,1.0,PROPERTY,2.0,Calgary;Stampede Grounds;Saddledome
7695,train,0.0,1.0,,0.0,
7696,train,1.0,1.0,AID,1.0,Calgary
7697,train,1.0,1.0,AID,1.0,Calgary
7699,train,1.0,1.0,OTHER,1.0,Calgary
7702,train,0.0,1.0,,0.0,
7703,train,1.0,1.0,PROPERTY,2.0,Bowness Road;Calgary
7704,train,1.0,1.0,OTHER,1.0,Calgary
7705,train,0.0,1.0,,0.0,
7707,train,0.0,0.8888888888888888,,0.0,
7708,train,1.0,1.0,PROPERTY,2.0,Epcor Centre;Calgary
7709,train,0.0,1.0,,0.0,
7710,train,0.0,1.0,,0.0,
7711,train,1.0,0.8888888888888888,OTHER,1.0,Canada
7712,train,0.0,1.0,,0.0,
7713,train,0.0,1.0,,0.0,
7715,train,1.0,1.0,AID,1.0,southern Alberta
7716,train,1.0,1.0,OTHER,1.0,Calgary
7717,train,1.0,1.0,PROPERTY,2.0,Saddledome
7718,train,0.0,0.7777777777777778,,0.0,
7719,train,1.0,1.0,ADVISORY,1.0,Alberta
7720,train,1.0,1.0,HUMAN,2.0,
7721,train,1.0,1.0,OTHER,1.0,Calgary
7722,train,0.0,1.0,,0.0,
7723,train,0.0,0.7777777777777778,,0.0,
7725,train,1.0,1.0,OTHER,1.0,Alberta
7726,train,1.0,1.0,OTHER,1.0,Calgary
7727,train,1.0,1.0,ADVISORY,2.0,Calgary
7729,train,1.0,1.0,AID,1.0,Calgary
7730,train,1.0,1.0,PROPERTY,1.0,Canada
7731,train,0.0,1.0,,0.0,
7732,train,1.0,1.0,OTHER,1.0,Morley;Siksika;Tsuu T'ina
7733,train,1.0,1.0,OTHER,1.0,Calgary
7734,train,1.0,1.0,SUPPORT,1.0,Calgary;Bowness
7736,train,0.0,1.0,,0.0,
7737,train,1.0,1.0,OTHER,1.0,Calgary
7739,train,0.0,1.0,,0.0,
7740,train,1.0,1.0,AID,1.0,Calgary
7741,train,1.0,1.0,ADVISORY,1.0,Calgary
7742,train,0.0,1.0,,0.0,
7743,train,1.0,1.0,ADVISORY,1.0,Calgary
7744,train,0.0,1.0,,0.0,
7745,train,0.0,1.0,,0.0,
7746,train,0.0,1.0,,0.0,
7747,train,0.0,1.0,,0.0,
7748,train,1.0,1.0,OTHER,1.0,
7749,train,0.0,1.0,,0.0,
7750,train,0.0,1.0,,0.0,
7751,train,0.0,1.0,,0.0,
7752,train,1.0,1.0,SUPPORT,1.0,Calgary
7753,train,1.0,1.0,NEEDS,1.0,Alberta
7754,train,1.0,1.0,HUMAN,2.0,Calgary;Mission
7755,train,0.0,1.0,,0.0,
7756,train,1.0,1.0,PROPERTY,2.0,Calgary;National Music Centre
7757,train,1.0,1.0,SUPPORT,1.0,Calgary
7758,train,1.0,1.0,SUPPORT,1.0,Alberta
7759,train,1.0,1.0,SUPPORT,1.0,Calgary
7760,train,0.0,1.0,,0.0,
7761,train,1.0,1.0,SUPPORT,1.0,Calgary
7762,train,0.0,1.0,,0.0,
7763,train,0.0,1.0,,0.0,
7765,train,1.0,1.0,AID,1.0,Calgary;Chinatown
7766,train,1.0,1.0,EVAC,3.0,Calgary;Stampede stadium
7767,train,1.0,1.0,AID,1.0,Toronto;Calgary
7768,train,0.0,1.0,,0.0,
7769,train,0.0,1.0,,0.0,
7770,train,1.0,1.0,OTHER,1.0,Calgary
7771,train,1.0,1.0,OTHER,1.0,Alberta
7772,train,0.0,1.0,,0.0,
7773,train,1.0,1.0,INFRA,2.0,25 Avenue bridge;Mission;Calgary
7775,train,0.0,1.0,,0.0,
7776,train,1.0,1.0,SUPPORT,1.0,Alberta
7777,train,1.0,1.0,ADVISORY,2.0,Calgary
7778,train,0.0,1.0,,0.0,
7780,train,0.0,1.0,,0.0,
7781,train,0.0,1.0,,0.0,
7782,train,0.0,1.0,,0.0,
7783,train,0.0,1.0,,0.0,
7785,train,1.0,0.6666666666666666,OTHER,1.0,
7786,train,1.0,1.0,OTHER,1.0,Calgary
7787,train,1.0,1.0,OTHER,1.0,Calgary
7788,train,1.0,1.0,AID,1.0,Calgary
7789,train,1.0,1.0,OTHER,1.0,Alberta
7790,train,1.0,1.0,OTHER,1.0,Calgary
7791,train,0.0,1.0,,0.0,
7792,train,1.0,1.0,SUPPORT,1.0,Alberta
7794,train,0.0,1.0,,0.0,
7795,train,0.0,1.0,,0.0,
7796,train,1.0,1.0,AID,1.0,Calgary
7798,train,1.0,1.0,INFRA,2.0,Calgary;downtown Calgary
7799,train,1.0,1.0,SUPPORT,1.0,Calgary
7800,train,1.0,1.0,AID,1.0,Calgary
7801,train,1.0,1.0,ADVISORY,2.0,Calgary
1645,train,1.0,1.0,AID,1.0,Alberta
7803,train,1.0,1.0,OTHER,1.0,Alberta
7804,train,1.0,1.0,SUPPORT,1.0,Calgary
7805,train,0.0,1.0,,0.0,
7806,train,0.0,1.0,,0.0,
7807,train,0.0,1.0,,0.0,
7808,train,0.0,1.0,,0.0,
7809,train,0.0,1.0,,0.0,
7810,train,0.0,1.0,,0.0,
2135,train,1.0,1.0,AID,2.0,Alberta;Saskatchewan
7812,train,1.0,1.0,SUPPORT,1.0,Alberta
7813,train,0.0,1.0,,0.0,
7814,train,1.0,1.0,SUPPORT,1.0,Calgary
7816,train,1.0,1.0,PROPERTY,2.0,Calgary
7817,train,1.0,1.0,ADVISORY,2.0,Calgary
7818,train,0.0,1.0,,0.0,
7819,train,1.0,1.0,AID,1.0,Calgary
7820,train,0.0,1.0,,0.0,
7821,train,0.0,1.0,,0.0,
7822,train,1.0,1.0,SUPPORT,1.0,Calgary;southern Alberta
6489,train,1.0,1.0,OTHER,1.0,Calgary
7824,train,0.0,1.0,,0.0,
7825,train,0.0,1.0,,0.0,
7826,train,0.0,0.8888888888888888,,0.0,
7827,train,0.0,1.0,,0.0,
7828,train,0.0,1.0,,0.0,
7829,train,0.0,1.0,,0.0,
7830,train,0.0,1.0,,0.0,
7832,train,0.0,1.0,,0.0,
7833,train,0.0,1.0,,0.0,
7834,train,1.0,1.0,PROPERTY,3.0,Calgary;4th avenue;25th street
7836,train,1.0,1.0,OTHER,1.0,Alberta
7838,train,0.0,1.0,,0.0,
7839,train,0.0,1.0,,0.0,
7840,train,0.0,1.0,,0.0,
7841,train,1.0,1.0,OTHER,1.0,Queensland Liquor;Calgary;Comfort Inn
7842,train,0.0,1.0,,0.0,
7843,train,0.0,1.0,,0.0,
7844,train,0.0,1.0,,0.0,
7845,train,1.0,0.7777777777777778,SUPPORT,1.0,Okotoks
7846,train,1.0,1.0,PROPERTY,2.0,Calgary;Centre Street bridge;Chinatown
7847,train,0.0,0.5555555555555556,,0.0,
7848,train,1.0,1.0,SUPPORT,1.0,Alberta
7849,train,1.0,1.0,OTHER,1.0,Calgary
7850,train,1.0,1.0,AID,1.0,Calgary
7851,train,1.0,0.8888888888888888,AID,1.0,Calgary
7852,train,1.0,1.0,INFRA,1.0,High River
7853,train,0.0,1.0,,0.0,
7854,train,0.0,1.0,,0.0,
7855,train,1.0,1.0,OTHER,1.0,Alberta
7856,train,1.0,1.0,OTHER,1.0,Calgary
7859,train,1.0,1.0,OTHER,1.0,Calgary
7860,train,0.0,0.8888888888888888,,0.0,
7861,train,1.0,1.0,PROPERTY,2.0,Siksika First Nation
7862,train,1.0,1.0,ADVISORY,2.0,Medicine Hat;Calgary
7863,train,0.0,1.0,,0.0,
7864,train,0.0,1.0,,0.0,
6992,train,1.0,1.0,PROPERTY,2.0,Saddledome;Calgary
7866,train,0.0,1.0,,0.0,
7867,train,1.0,1.0,AID,1.0,Alberta
7868,train,1.0,1.0,ADVISORY,1.0,
7869,train,0.0,1.0,,0.0,
7870,train,0.0,1.0,,0.0,
7871,train,1.0,1.0,SUPPORT,1.0,Calgary
7872,train,1.0,1.0,NEEDS,2.0,Alberta
7873,train,1.0,1.0,PROPERTY,1.0,Calgary
7874,train,0.0,1.0,,0.0,
7875,train,1.0,0.8888888888888888,AID,1.0,
7876,train,1.0,1.0,OTHER,1.0,Alberta
7877,train,1.0,0.7777777777777778,SUPPORT,1.0,Alberta
7878,train,0.0,1.0,,0.0,
1471,train,1.0,1.0,ADVISORY,1.0,Alberta;Calgary
7880,train,0.0,1.0,,0.0,
7881,train,0.0,1.0,,0.0,
7882,train,0.0,1.0,,0.0,
7883,train,0.0,1.0,,0.0,
7884,train,0.0,1.0,,0.0,
7885,train,0.0,1.0,,0.0,
7886,train,1.0,1.0,AID,1.0,Canada
7887,train,1.0,1.0,PROPERTY,2.0,Bow River;Calgary;Canmore
7888,train,1.0,1.0,AID,1.0,Calgary
7889,train,1.0,1.0,OTHER,1.0,Southern Alberta
7890,train,1.0,1.0,SUPPORT,1.0,Southern Alberta
7891,train,0.0,0.8888888888888888,,0.0,
7893,train,0.0,0.8888888888888888,,0.0,
7896,train,1.0,1.0,INFRA,3.0,Calgary
7898,train,1.0,1.0,OTHER,1.0,Calgary
7899,train,1.0,1.0,PROPERTY,2.0,Inglewood;8th Avenue
7900,train,1.0,1.0,AID,1.0,Alberta
7902,train,0.0,1.0,,0.0,
7903,train,1.0,1.0,OTHER,1.0,Calgary
7904,train,0.0,1.0,,0.0,
7905,train,0.0,1.0,,0.0,
7906,train,0.0,1.0,,0.0,
7907,train,0.0,1.0,,0.0,
7908,train,0.0,1.0,,0.0,
7909,train,1.0,1.0,INFRA,2.0,Bow River
7910,train,0.0,1.0,,0.0,
7911,train,1.0,1.0,SUPPORT,1.0,
7912,train,0.0,1.0,,0.0,
7913,train,1.0,1.0,NEEDS,2.0,Red Deer
7914,train,1.0,1.0,SUPPORT,1.0,Alberta
7915,train,1.0,1.0,AID,1.0,Calgary
7917,train,0.0,1.0,,0.0,
7918,train,1.0,1.0,AID,1.0,Calgary
7919,train,1.0,0.8888888888888888,OTHER,1.0,
7920,train,1.0,1.0,AID,1.0,Edmonton;Calgary
7922,train,0.0,1.0,,0.0,
7923,train,1.0,1.0,AID,1.0,Alberta
7924,train,0.0,1.0,,0.0,
7925,train,1.0,1.0,NEEDS,2.0,Calgary Drop-In Centre;4804 Edmonton Trail NE;Calgary
7926,train,0.0,1.0,,0.0,
7927,train,1.0,1.0,PROPERTY,1.0,Calgary;Alberta
7928,train,0.0,1.0,,0.0,
7929,train,1.0,1.0,INFRA,1.0,Ogden road;Bow River;Elbow River;Calgary
7930,train,1.0,1.0,ADVISORY,1.0,Calgary
7931,train,1.0,1.0,OTHER,1.0,Alberta
7932,train,1.0,1.0,SUPPORT,1.0,Calgary
7933,train,0.0,1.0,,0.0,
7934,train,1.0,1.0,ADVISORY,2.0,Calgary
7935,train,1.0,1.0,INFRA,1.0,Trans-Canada Highway;Medicine Hat;Alberta
7936,train,1.0,1.0,EVAC,2.0,Calgary
7937,train,0.0,1.0,,0.0,
7938,train,1.0,1.0,OTHER,1.0,Edmonton;Calgary
7939,train,1.0,1.0,AID,1.0,Mission;Calgary
7940,train,1.0,1.0,AID,2.0,Calgary
7941,train,1.0,1.0,SUPPORT,1.0,Alberta;Calgary
7942,train,1.0,1.0,AID,1.0,Calgary
7943,train,1.0,1.0,SUPPORT,1.0,Medicine Hat
7944,train,0.0,1.0,,0.0,
7945,train,1.0,1.0,OTHER,1.0,Alberta;High River
7946,train,0.0,0.7777777777777778,,0.0,
7948,train,1.0,1.0,SUPPORT,1.0,Alberta
207,train,1.0,1.0,ADVISORY,2.0,Alberta
7950,train,1.0,0.8888888888888888,OTHER,1.0,
7951,train,0.0,1.0,,0.0,
7952,train,1.0,1.0,ADVISORY,2.0,High River;Alberta
7953,train,0.0,1.0,,0.0,
7954,train,0.0,1.0,,0.0,
7955,train,0.0,1.0,,0.0,
7956,train,1.0,1.0,AID,1.0,
7957,train,1.0,1.0,AID,2.0,McMahon Stadium;Calgary
7958,train,1.0,0.8888888888888888,INFRA,1.0,
7959,train,0.0,1.0,,0.0,
7960,train,0.0,1.0,,0.0,
7961,train,1.0,1.0,OTHER,1.0,
7962,train,0.0,1.0,,0.0,
7963,train,0.0,1.0,,0.0,
7964,train,1.0,1.0,HUMAN,1.0,High River;Calgary;Alberta
7965,train,1.0,1.0,AID,1.0,Calgary
7966,train,0.0,1.0,,0.0,
7967,train,1.0,1.0,AID,1.0,Calgary
7968,train,0.0,1.0,,0.0,
7969,train,0.0,1.0,,0.0,
7970,train,1.0,1.0,PROPERTY,2.0,Calgary
7971,train,1.0,1.0,AID,1.0,Alberta
7972,train,1.0,1.0,OTHER,1.0,Calgary
7973,train,0.0,1.0,,0.0,
7975,train,1.0,1.0,AID,2.0,Sunnyside;McHugh Bluff Park;Alberta
7976,train,1.0,1.0,EVAC,2.0,Calgary
7977,train,0.0,1.0,,0.0,
7978,train,0.0,1.0,,0.0,
761,train,1.0,1.0,SUPPORT,1.0,Calgary
7980,train,0.0,1.0,,0.0,
7981,train,1.0,1.0,SUPPORT,1.0,Calgary
7982,train,0.0,1.0,,0.0,
7983,train,1.0,1.0,AID,1.0,Calgary
7985,train,0.0,1.0,,0.0,
7987,train,0.0,1.0,,0.0,
7988,train,0.0,1.0,,0.0,
7989,train,1.0,1.0,INFRA,1.0,Bow Valley College;Alberta;Calgary
7990,train,0.0,1.0,,0.0,
5201,train,1.0,1.0,PROPERTY,1.0,Calgary
7992,train,1.0,1.0,PROPERTY,1.0,Cougar Creek;Canmore;Alberta
7993,train,0.0,1.0,,0.0,
7994,train,1.0,1.0,HUMAN,1.0,Canada
7995,train,1.0,1.0,PROPERTY,2.0,Elbow River;Bow River;Alberta
7996,train,1.0,1.0,NEEDS,3.0,3620 7th Street SW;Elbow Park;Alberta
7997,train,0.0,1.0,,0.0,
7998,train,1.0,1.0,ADVISORY,1.0,Calgary
7999,train,1.0,1.0,OTHER,1.0,
8000,train,1.0,1.0,PROPERTY,1.0,Medicine Hat;Alberta
8001,train,0.0,1.0,,0.0,
8002,train,1.0,1.0,AID,1.0,Alberta
8003,train,1.0,1.0,AID,1.0,Alberta
8004,train,1.0,1.0,ADVISORY,2.0,Rideau;Alberta
8005,train,1.0,1.0,AID,2.0,Calgary Drop-In Centre;Calgary
8007,train,1.0,1.0,SUPPORT,1.0,Calgary;Alberta
8008,train,0.0,0.6666666666666666,,0.0,
8009,train,0.0,1.0,,0.0,
8010,train,0.0,1.0,,0.0,
8011,train,0.0,1.0,,0.0,
8013,train,0.0,1.0,,0.0,
8014,train,0.0,1.0,,0.0,
8016,train,1.0,1.0,OTHER,1.0,Calgary;Alberta
8017,train,0.0,1.0,,0.0,
8018,train,0.0,1.0,,0.0,
8019,train,0.0,1.0,,0.0,
8020,train,0.0,1.0,,0.0,
8021,train,1.0,1.0,OTHER,1.0,Alberta
8022,train,0.0,1.0,,0.0,
8023,train,1.0,1.0,NEEDS,3.0,Blackfoot;Calgary
